date,academic_phase,student_footfall,ambient_temp,lab_compute_load,solar_kwp,grid_daily_kwh,solar_generation_kwh,diesel_liters,petrol_liters,transport_km,water_liters,waste_kg,food_meals,scope1_tco2e,scope2_tco2e,scope3_tco2e,monthly_tons_co2e
2016-07-01,1,4255,38.7,2,84.4,5289.8,347.4,201.2,145.8,3663.8,34473,264.6,2683,0.876,3.4597,4.5936,8.9267
2016-07-02,1,1157,38.4,0,81.4,3472.0,307.6,167.8,65.8,1433.8,24109,142.9,392,0.6017,2.2151,0.8316,3.6619
2016-07-03,1,1479,38.2,0,77.7,3366.2,301.2,131.3,68.9,1786.1,25871,129.3,865,0.511,2.1455,1.5778,4.2182
2016-07-04,1,4369,37.6,0,80.5,4045.3,363.0,169.6,124.9,3813.9,35479,253.8,2876,0.743,2.5776,4.8965,8.2047
2016-07-05,1,3849,36.4,0,77.5,4312.6,282.0,159.1,122.7,3300.9,33535,253.0,2125,0.7098,2.8214,3.7075,7.2523
2016-07-06,1,3966,41.1,0,81.3,4217.3,346.4,166.3,106.7,3557.4,32160,233.3,2172,0.6922,2.7096,3.7995,7.2196
2016-07-07,1,4223,34.9,0,81.5,4047.2,326.0,234.9,129.0,3752.1,32488,283.8,2046,0.9275,2.6048,3.6567,7.204
2016-07-08,1,4143,37.0,2,75.9,5135.1,296.8,201.2,128.7,3152.4,34964,279.9,2421,0.8365,3.3868,4.1462,8.3676
2016-07-09,1,1341,37.0,0,80.5,3502.1,307.8,158.6,83.9,1339.4,25058,147.8,882,0.6189,2.236,1.5578,4.4194
2016-07-10,1,1190,37.9,1,79.6,3836.8,335.4,126.2,119.8,1847.0,21966,128.4,794,0.615,2.451,1.477,4.567
2016-07-11,1,4358,36.0,1,81.6,4445.9,345.2,188.4,133.7,3818.4,38874,291.1,2341,0.8138,2.8705,4.1124,7.7693
2016-07-12,1,4340,37.7,1,82.5,4727.2,293.8,203.5,144.0,3637.0,35859,286.4,2516,0.878,3.1034,4.3501,8.3315
2016-07-13,1,4212,36.6,0,81.4,3917.4,360.0,174.7,103.7,3582.0,35329,258.1,2483,0.7077,2.4902,4.2811,7.4062
2016-07-14,1,4403,33.5,0,79.1,3826.4,291.0,182.8,105.9,3790.6,35972,290.4,2563,0.7345,2.4748,4.4408,7.6687
2016-07-15,1,4284,37.0,0,82.8,4234.3,344.1,172.3,133.3,3713.5,37760,256.8,2288,0.7697,2.7231,4.0045,7.4778
2016-07-16,1,1189,34.6,1,77.4,4212.4,281.9,121.6,117.1,1582.4,21268,126.1,704,0.5964,2.7513,1.309,4.6379
2016-07-17,1,1410,33.2,0,76.0,3089.6,293.2,136.5,76.8,1946.3,23690,116.9,671,0.5432,1.9575,1.2998,3.7974
2016-07-18,1,4027,37.3,1,70.4,4113.5,249.2,164.4,125.5,3334.4,33928,258.0,1999,0.7305,2.705,3.5249,6.9759
2016-07-19,1,4358,38.0,2,79.8,5589.7,304.3,194.7,108.8,3645.8,35293,267.6,2650,0.7731,3.6998,4.5435,9.0762
2016-07-20,1,4191,38.1,1,77.5,4687.4,302.2,191.7,114.5,3534.4,35665,258.2,2456,0.7783,3.0696,4.235,8.0441
2016-07-21,1,4167,38.2,1,81.2,5269.5,291.9,181.1,127.9,3328.8,35297,260.5,2523,0.7808,3.4843,4.3118,8.5556
2016-07-22,1,4077,32.7,1,74.1,4475.7,299.3,165.2,116.5,3294.0,37016,251.5,2268,0.7119,2.9235,3.9216,7.5626
2016-07-23,1,1564,33.9,0,78.1,3001.9,317.1,140.5,74.2,2271.8,24549,145.9,1020,0.5479,1.8794,1.8756,4.2848
2016-07-24,1,1316,41.2,0,81.4,4103.4,385.3,122.6,70.9,1555.4,24526,149.6,947,0.4923,2.6027,1.6818,4.7977
2016-07-25,1,4123,34.6,1,76.9,4167.9,322.1,185.2,96.2,3522.9,35628,247.8,2707,0.7186,2.6921,4.6054,8.0119
2016-07-26,1,4137,38.2,0,81.2,4220.2,343.8,208.6,131.8,3569.3,37902,271.5,2546,0.8635,2.7135,4.3809,7.98
2016-07-27,1,4296,35.3,0,78.3,4098.3,257.7,159.8,135.5,3553.8,35499,270.9,2561,0.7413,2.6884,4.4005,7.824
2016-07-28,1,4266,37.0,1,79.9,4920.6,257.9,234.6,135.1,3665.8,35378,271.5,2226,0.9408,3.2639,3.9117,8.13
2016-07-29,1,4274,35.4,1,81.8,4681.8,305.5,185.3,112.7,3609.1,37292,267.0,2460,0.7569,3.0634,4.2544,8.0509
2016-07-30,1,1422,37.9,0,82.9,3580.1,360.5,144.7,107.2,1625.0,23404,130.4,569,0.6354,2.2537,1.1142,4.0518
2016-07-31,1,1729,37.0,0,80.3,4173.4,366.5,124.6,106.3,2068.6,26159,158.1,855,0.5795,2.6648,1.6097,4.8115
2016-08-01,1,4127,35.6,0,77.6,3823.3,276.0,209.4,124.6,3360.7,39542,266.9,2746,0.849,2.4831,4.6543,7.9687
2016-08-02,1,4108,34.3,1,78.6,3866.5,281.1,181.2,121.9,3760.3,33491,250.3,2198,0.7672,2.5098,3.8709,7.1124
2016-08-03,1,4054,37.1,1,81.9,4226.1,320.5,174.3,113.9,3490.7,37784,241.4,1930,0.7302,2.7339,3.4338,6.918
2016-08-04,1,4311,33.8,2,76.9,5176.8,282.1,174.9,129.6,3446.8,35220,270.0,2647,0.7681,3.4263,4.5162,8.7241
2016-08-05,1,4403,37.4,1,79.5,4688.8,291.2,183.3,152.1,3691.5,38900,282.2,2433,0.8426,3.0783,4.2311,8.1216
2016-08-06,1,1323,42.2,0,78.8,4073.6,307.6,143.0,107.9,1553.8,24791,146.6,906,0.6325,2.6362,1.6189,4.9125
2016-08-07,1,1193,39.3,0,79.7,3527.8,361.7,135.3,85.5,1686.1,24091,143.1,481,0.5601,2.2163,0.9955,3.7544
2016-08-08,1,4052,37.9,1,77.0,4567.8,315.3,182.1,131.7,3371.6,34747,261.8,2273,0.7923,2.9768,3.9423,7.721
2016-08-09,1,4317,36.0,2,74.4,4843.3,318.7,172.1,110.3,3427.7,35680,266.1,2719,0.716,3.1672,4.6203,8.5191
2016-08-10,1,4334,31.9,1,81.6,4182.8,250.9,171.1,138.0,3436.0,34903,270.0,2276,0.7773,2.7523,3.9583,7.4818
2016-08-11,1,4298,33.2,2,82.9,4696.2,327.4,177.2,114.1,4003.0,36063,253.5,2462,0.7385,3.0582,4.2983,8.1176
2016-08-12,1,4080,38.9,1,74.6,4920.0,245.5,193.6,134.3,3446.1,34805,250.4,2419,0.8291,3.2721,4.1652,8.2628
2016-08-13,1,1386,34.2,0,81.1,3215.0,333.4,149.5,136.2,1681.6,24165,136.7,674,0.7153,2.0171,1.2816,4.0224
2016-08-14,1,1365,34.4,0,83.2,3034.2,331.8,152.1,82.8,1637.4,21194,133.2,835,0.5989,1.8917,1.5153,3.999
2016-08-15,1,4239,35.5,1,81.8,4073.2,306.7,186.3,169.7,3613.0,35845,266.9,2461,0.8913,2.6365,4.2559,7.7371
2016-08-16,1,4357,33.4,0,78.7,3316.2,260.8,196.9,134.6,3486.4,38572,254.6,2623,0.8386,2.1388,4.479,7.4533
2016-08-17,1,4240,33.0,1,77.2,4952.1,260.8,182.6,114.6,3331.8,37507,252.0,2791,0.7541,3.2839,4.711,8.7271
2016-08-18,1,4322,35.5,1,80.2,4855.9,272.2,149.5,114.9,3573.8,36194,278.8,2988,0.6661,3.2086,5.0472,8.9566
2016-08-19,1,4212,33.6,1,80.7,4576.2,302.0,181.1,161.0,3504.2,40303,254.5,2526,0.8573,2.9919,4.3361,8.1512
2016-08-20,1,1396,33.8,0,80.3,2907.7,290.4,126.9,99.1,1690.5,22824,129.7,790,0.569,1.8321,1.4531,3.8848
2016-08-21,1,1458,33.7,0,79.5,3088.3,311.9,113.4,84.0,1643.5,23968,141.8,925,0.498,1.9435,1.6557,4.0927
2016-08-22,1,3938,36.4,1,76.8,4274.7,306.2,168.4,119.2,3271.2,31929,241.0,2242,0.7267,2.7779,3.8736,7.3883
2016-08-23,1,4142,34.7,1,81.3,3997.0,259.2,187.5,131.2,3383.5,34670,274.7,2117,0.8056,2.6165,3.7155,7.1031
2016-08-24,1,4115,34.7,1,81.4,4178.9,291.4,159.1,124.2,3341.8,38501,245.1,2378,0.7133,2.7212,4.0899,7.5167
2016-08-25,1,4085,36.3,1,80.6,4853.9,287.2,167.9,129.2,3482.5,34499,258.8,2564,0.7484,3.1967,4.3907,8.3192
2016-08-26,1,4150,34.6,1,80.3,4547.1,271.1,218.8,151.4,3873.7,32680,252.8,2143,0.9361,2.9932,3.8029,7.7848
2016-08-27,1,1613,34.2,0,85.0,2926.8,311.8,103.8,77.4,2139.8,26344,149.5,758,0.457,1.8305,1.469,3.7392
2016-08-28,1,1188,35.8,0,78.1,3183.4,276.1,127.4,98.9,1986.1,23690,122.5,584,0.5699,2.0351,1.1766,3.8104
2016-08-29,1,4374,36.1,2,83.8,5267.3,267.6,163.1,126.4,3509.7,37866,271.5,2604,0.7291,3.4998,4.4607,8.7188
2016-08-30,1,3897,34.2,1,77.8,4075.9,257.1,163.6,114.3,3617.6,33833,265.0,2688,0.7025,2.6732,4.5955,7.9996
2016-08-31,1,4140,34.6,1,83.3,4346.9,269.3,180.2,140.8,3507.7,33575,253.1,2256,0.8082,2.8543,3.9289,7.5765
2016-09-01,1,4229,32.6,2,83.7,4741.2,260.1,164.4,103.8,3699.5,35431,257.0,2469,0.6804,3.1368,4.2737,8.136
2016-09-02,1,4306,32.4,1,79.1,4213.0,259.8,200.1,91.2,3652.1,37084,265.0,2499,0.7469,2.7672,4.3171,7.8816
2016-09-03,1,1472,35.8,0,85.0,3396.6,247.9,166.2,96.0,1750.9,24052,158.9,800,0.6672,2.2041,1.4888,4.3693
2016-09-04,1,1487,35.0,0,81.4,3072.0,279.3,155.3,90.8,1951.4,24944,140.8,854,0.626,1.9549,1.586,4.1552
2016-09-05,1,4137,34.9,2,77.4,4736.8,288.4,207.0,104.4,3552.2,34409,276.0,2316,0.7959,3.1139,4.0348,7.9231
2016-09-06,1,4117,34.4,0,78.9,3483.2,258.5,153.8,98.7,3134.3,36057,258.1,2882,0.6402,2.2573,4.8261,7.7353
2016-09-07,1,4354,33.8,1,83.4,3877.5,294.6,183.0,156.2,3577.1,36281,285.2,2660,0.8513,2.508,4.5585,7.9194
2016-09-08,1,4166,35.1,1,82.8,4359.8,271.8,195.3,131.9,3640.0,34227,267.4,2334,0.8281,2.8616,4.0684,7.7627
2016-09-09,1,3970,35.5,0,76.8,4082.8,222.0,200.6,122.9,3411.3,34926,260.3,2516,0.8215,2.7026,4.311,7.8013
2016-09-10,1,1140,35.4,0,79.6,2849.3,305.9,169.1,121.6,1691.3,22092,109.1,707,0.7341,1.7804,1.3192,3.8345
2016-09-11,1,1178,33.0,1,80.6,3531.9,197.4,154.7,104.5,1495.1,24058,109.0,694,0.656,2.3341,1.2767,4.2954
2016-09-12,1,4289,36.2,0,78.5,4228.5,250.6,206.9,153.0,3605.3,37585,280.8,2455,0.9079,2.7845,4.2528,7.9656
2016-09-13,1,4226,33.5,1,87.1,3741.9,257.6,244.0,108.0,3502.8,36652,277.9,2406,0.9034,2.439,4.1654,7.4974
2016-09-14,1,4324,34.3,0,80.7,3743.7,295.1,190.0,108.6,3544.3,33218,298.6,2288,0.7601,2.414,4.0017,7.173
2016-09-15,1,4123,33.4,0,79.8,4092.3,257.2,177.9,133.7,3334.0,33580,242.7,2090,0.7856,2.6846,3.6544,7.0878
2016-09-16,1,4229,33.2,1,83.6,4329.2,326.8,190.0,132.0,3686.7,34616,271.1,2520,0.8141,2.8017,4.3548,7.954
2016-09-17,1,1457,30.9,0,78.9,2277.3,248.2,116.1,111.2,1865.5,22686,128.3,810,0.568,1.4204,1.5034,3.4833
2016-09-18,1,1288,34.0,0,83.0,3252.4,240.3,134.7,66.0,1742.6,22432,124.1,905,0.5135,2.1085,1.6292,4.2669
2016-09-19,1,4282,38.5,1,75.0,4612.9,190.8,149.1,136.9,3924.0,37650,261.7,2323,0.7158,3.0955,4.0844,7.8781
2016-09-20,1,4081,31.3,1,78.6,4112.9,271.7,171.8,138.8,3515.5,36398,263.2,2169,0.7811,2.6888,3.8047,7.2487
2016-09-21,1,4135,32.2,1,83.1,3869.6,236.3,181.9,138.7,3679.8,34604,253.1,2538,0.8079,2.5433,4.3729,7.743
2016-09-22,1,4131,30.9,1,84.7,3884.8,250.8,205.2,118.5,3510.3,36415,261.3,2343,0.8237,2.5438,4.0642,7.4212
2016-09-23,1,3985,30.7,2,77.7,4222.3,269.7,206.2,130.6,3307.1,35329,264.3,2465,0.8543,2.7668,4.2239,7.824
2016-09-24,1,1432,35.0,0,77.3,3230.2,263.4,114.6,80.5,1597.2,23955,153.0,837,0.4931,2.0768,1.5232,4.1134
2016-09-25,1,1260,30.0,0,81.7,2467.3,234.6,178.4,85.7,1724.7,25359,140.0,1069,0.6761,1.5629,1.8811,4.1315
2016-09-26,1,4202,30.3,0,78.1,3267.8,226.8,188.9,109.8,3025.8,34458,269.5,2573,0.7599,2.1287,4.3542,7.2376
2016-09-27,1,4287,27.8,1,79.2,3272.4,196.9,192.4,115.1,3607.0,36100,266.2,2560,0.7815,2.1528,4.4035,7.329
2016-09-28,1,4280,29.5,0,82.6,3379.5,199.1,151.5,122.7,3610.4,34084,260.8,2626,0.6895,2.2263,4.4998,7.4251
2016-09-29,1,4320,27.2,1,78.4,3562.2,256.2,174.1,119.5,3539.2,34339,275.9,2456,0.7426,2.3142,4.2432,7.3135
2016-09-30,1,4182,32.2,1,74.1,3639.6,245.4,208.4,113.8,3476.2,33115,250.6,2130,0.8214,2.3759,3.7348,6.9374
2016-10-01,3,1563,36.9,0,76.1,3996.1,237.9,171.9,74.3,1823.8,23990,164.8,1222,0.6323,2.6307,2.1332,5.831
2016-10-02,3,1625,29.8,0,80.0,2889.9,244.8,171.6,123.9,2336.9,26175,153.2,1542,0.7461,1.8516,2.6702,5.6742
2016-10-03,3,4820,26.8,1,74.4,3887.7,205.2,231.8,125.3,4007.7,38900,309.4,2633,0.9107,2.5778,4.5813,8.7017
2016-10-04,3,4864,32.3,1,79.1,4687.0,273.1,195.8,138.3,3920.7,39143,299.2,3156,0.8442,3.0897,5.3509,10.0233
2016-10-05,3,4886,28.6,1,75.8,4153.1,181.4,225.8,107.2,4207.4,39183,308.1,2808,0.8528,2.7802,4.8673,9.1562
2016-10-06,3,4944,32.9,2,84.9,5398.6,240.9,260.0,154.7,4165.2,43156,307.4,3113,1.0542,3.6104,5.3206,10.757
2016-10-07,3,5196,29.3,1,86.5,4143.3,260.8,257.4,139.9,4237.0,38976,317.3,3278,1.013,2.7178,5.5799,10.0533
2016-10-08,3,1477,28.4,0,76.8,3009.7,227.6,163.8,86.1,1912.2,23164,158.4,1241,0.6379,1.9475,2.1692,5.1596
2016-10-09,3,1572,29.2,0,80.8,2886.5,238.9,202.7,87.3,2053.6,24281,134.7,1200,0.7449,1.8533,2.1143,5.0377
2016-10-10,3,5358,31.2,2,77.1,5127.3,214.7,208.7,152.3,4644.2,41574,312.5,3605,0.9111,3.4388,6.1179,11.2955
2016-10-11,1,4136,28.9,0,79.1,3254.7,246.7,163.1,80.3,3548.8,36298,270.8,2609,0.6226,2.1056,4.4721,7.2071
2016-10-12,1,4333,28.1,0,85.4,3425.7,220.9,229.0,114.6,3580.3,37312,271.8,2478,0.8784,2.2434,4.2801,7.4288
2016-10-13,1,4032,28.6,1,78.6,3798.9,227.3,195.3,121.6,3553.3,36635,247.8,2536,0.8043,2.5001,4.3529,7.7023
2016-10-14,1,4163,26.2,1,79.1,3250.3,242.8,178.6,123.0,3486.0,35290,274.0,2358,0.7628,2.1052,4.0892,6.9508
2016-10-15,1,1173,29.7,0,77.2,2393.6,217.8,129.9,126.7,1699.5,22213,120.1,593,0.6408,1.5231,1.1541,3.3673
2016-10-16,1,1283,24.7,1,83.4,2552.2,244.1,115.3,85.3,1722.7,26329,125.8,527,0.506,1.6157,1.0617,3.1948
2016-10-17,1,4351,27.6,1,70.2,3372.1,210.5,194.4,142.1,3703.8,31263,261.4,2760,0.8492,2.2131,4.7115,7.7942
2016-10-18,1,3889,30.1,1,78.7,3477.4,185.7,184.3,148.8,3231.2,34447,272.9,2202,0.8377,2.3042,3.8239,6.9391
2016-10-19,1,4278,28.9,1,79.9,3149.1,191.3,187.4,136.4,3347.3,36742,270.3,2045,0.8173,2.0705,3.6018,6.5009
2016-10-20,1,4243,29.4,1,78.0,3349.1,230.6,160.9,115.8,3693.9,39193,268.3,2559,0.6987,2.183,4.4143,7.3184
2016-10-21,1,4093,27.8,1,82.6,4049.6,225.2,189.5,104.8,3708.5,32202,264.8,2296,0.7499,2.6771,4.0178,7.4276
2016-10-22,1,1084,30.4,1,83.6,2969.6,229.4,117.9,99.2,1375.5,21797,101.5,575,0.5451,1.9181,1.0798,3.4779
2016-10-23,1,1357,29.7,0,75.8,3097.5,234.5,112.7,116.0,1773.6,21256,128.9,745,0.57,2.0041,1.3947,3.9725
2016-10-24,1,4105,28.6,1,86.3,3733.0,226.0,211.8,132.4,3364.3,32004,265.2,2320,0.8735,2.4549,4.0127,7.3357
2016-10-25,1,4242,29.5,2,75.7,4270.2,159.4,234.1,144.4,3689.0,35448,265.8,2951,0.961,2.8776,4.9994,8.8715
2016-10-26,1,4204,29.0,1,83.9,3306.8,284.9,228.4,164.3,3550.9,37156,290.6,2738,0.9916,2.1153,4.675,7.7685
2016-10-27,1,4488,26.2,1,80.4,3441.5,263.5,205.1,141.4,4281.5,39020,270.5,2729,0.8763,2.2246,4.7407,7.824
2016-10-28,1,4157,24.1,1,78.5,3718.1,257.6,179.0,108.4,3423.1,34502,273.4,2454,0.7301,2.4223,4.2252,7.3483
2016-10-29,1,1160,27.8,0,78.8,2743.8,200.5,129.3,89.7,1895.9,24072,136.9,876,0.5537,1.7803,1.6103,3.9286
2016-10-30,1,1376,28.0,0,79.9,2482.8,229.8,143.7,112.1,2047.4,23423,138.6,842,0.6441,1.5771,1.5781,3.8659
2016-10-31,1,4240,29.0,1,80.6,3406.5,202.0,177.1,122.1,3624.8,36810,269.7,2606,0.7567,2.2431,4.4764,7.4365
2016-11-01,3,5369,24.5,1,77.2,3516.0,222.4,265.7,162.0,4415.5,43828,331.1,3464,1.0863,2.3055,5.888,9.9888
2016-11-02,3,5274,24.4,2,79.3,4041.3,221.4,190.1,137.3,4367.0,41001,306.7,3332,0.8266,2.6739,5.6724,9.9054
2016-11-03,3,5188,27.3,0,77.7,3800.1,198.5,226.9,142.3,4298.4,42928,330.7,3428,0.9368,2.5211,5.8195,10.069
2016-11-04,3,5387,26.0,2,76.4,4828.3,234.4,254.6,134.4,4623.9,39642,340.6,3299,0.9928,3.2157,5.6685,10.6858
2016-11-05,3,1426,21.8,1,77.5,2908.9,218.7,147.1,94.5,1807.0,26371,164.2,1088,0.6125,1.8831,1.9306,4.8192
2016-11-06,3,1525,26.7,0,76.6,2477.4,265.7,162.2,96.5,1996.5,27466,162.4,958,0.6576,1.5482,1.7579,4.2712
2016-11-07,3,4957,21.7,1,78.7,4072.8,231.1,242.3,110.4,4102.5,41694,327.7,2970,0.9044,2.6892,5.1073,9.3622
2016-11-08,3,5054,23.5,1,81.3,3438.0,173.0,264.4,129.0,3902.8,38294,310.0,2726,1.0066,2.2855,4.7083,8.6292
2016-11-09,3,4876,28.5,1,80.4,4067.5,188.9,199.3,115.0,4257.7,39309,330.0,3160,0.7998,2.715,5.4112,9.637
2016-11-10,3,5238,29.4,2,85.9,4881.1,302.9,204.2,131.7,4518.9,41744,316.9,3420,0.8515,3.2047,5.8274,10.6746
2016-11-11,1,4160,22.6,1,73.4,3002.5,205.3,164.1,113.0,3365.0,36269,260.9,2608,0.7008,1.958,4.4441,7.0976
2016-11-12,1,1079,24.4,0,81.4,1832.8,243.9,95.6,103.1,1754.4,22740,131.7,427,0.4944,1.1122,0.9171,2.5385
2016-11-13,1,1161,25.1,0,80.0,1843.0,234.3,98.6,104.3,1334.8,25449,121.1,753,0.5052,1.1261,1.3518,2.9653
2016-11-14,1,4256,28.8,2,82.4,4574.2,276.8,165.2,134.5,3543.0,33543,275.5,2468,0.7534,3.0082,4.2612,7.9996
2016-11-15,1,4351,23.7,2,82.1,4288.5,193.2,215.5,108.2,3574.9,35842,266.7,2656,0.8275,2.8667,4.5438,8.2078
2016-11-16,1,4559,23.6,0,79.5,2828.4,266.8,185.2,128.2,3742.4,34110,281.6,2527,0.7925,1.7931,4.3765,6.9673
2016-11-17,1,4724,27.9,1,80.5,3620.3,268.4,195.7,111.5,3843.7,38959,285.4,2679,0.782,2.3463,4.6199,7.7509
2016-11-18,1,4275,23.6,1,77.8,3097.3,229.5,165.9,124.1,3536.6,36953,260.5,2200,0.7313,2.0075,3.8527,6.6187
2016-11-19,1,1166,25.9,0,81.8,2122.1,251.9,144.9,98.7,1553.1,28925,154.5,547,0.6163,1.3091,1.0851,3.0492
2016-11-20,1,960,21.0,0,74.4,1827.7,210.8,168.5,101.4,1475.6,23879,108.1,557,0.6858,1.1318,1.0684,2.8558
2016-11-21,1,4248,23.7,2,82.3,3741.8,201.8,166.9,133.1,3779.1,36438,238.7,2495,0.7548,2.478,4.3143,7.5477
2016-11-22,1,4054,20.3,1,79.9,3309.9,251.8,220.9,142.5,3309.3,35486,247.8,2048,0.9212,2.1407,3.5913,6.648
2016-11-23,1,4125,21.6,2,78.5,3633.4,239.8,192.3,128.4,3863.5,34755,262.2,2300,0.812,2.3755,4.042,7.1911
2016-11-24,1,4090,25.6,2,79.3,3750.4,243.2,184.0,120.6,3321.5,35413,254.5,2401,0.7717,2.455,4.1252,7.3388
2016-11-25,1,4175,23.6,2,79.5,3702.0,249.7,194.0,138.2,3531.7,36032,275.1,2675,0.8392,2.4166,4.5709,7.8658
2016-11-26,1,1536,22.9,0,83.9,2020.7,236.2,146.2,107.0,1955.1,20915,155.9,739,0.639,1.2491,1.4195,3.2919
2016-11-27,1,1372,21.8,0,89.7,1950.8,306.7,175.6,83.6,1698.1,24117,132.9,884,0.6637,1.1509,1.5968,3.3914
2016-11-28,1,4171,22.9,0,83.7,2907.5,252.2,196.5,130.7,3734.8,35700,242.5,2318,0.8285,1.8587,4.045,6.731
2016-11-29,1,4014,23.9,0,78.3,2212.8,249.8,194.2,118.8,3486.8,38016,240.2,2248,0.7949,1.3741,3.9099,6.1017
2016-11-30,1,3899,25.3,0,81.9,3090.6,241.0,170.9,91.7,3280.5,34139,250.1,2103,0.6698,1.9947,3.6709,6.3279
2016-12-01,0,668,17.3,0,82.0,1938.9,275.0,140.5,89.6,1561.0,19428,86.3,199,0.5835,1.1647,0.5305,1.8718
2016-12-02,0,746,21.2,0,77.2,2080.2,237.4,102.4,64.5,1179.7,21617,104.2,347,0.4234,1.29,0.7154,1.9345
2016-12-03,0,560,23.3,0,76.2,2067.3,230.3,122.5,86.6,1145.4,20486,117.3,513,0.5283,1.2859,0.9659,2.294
2016-12-04,0,265,22.6,1,79.8,2146.9,274.3,178.2,55.2,1165.6,18878,91.0,50,0.6051,1.3108,0.2615,1.791
2016-12-05,0,933,23.6,1,82.4,2246.9,209.7,71.7,75.4,1622.7,19616,117.5,377,0.3663,1.426,0.819,2.1634
2016-12-06,0,666,23.2,1,75.2,2154.8,224.4,127.1,76.5,1371.0,20516,92.5,424,0.5173,1.3513,0.8483,2.1812
2016-12-07,0,543,21.9,0,77.8,1810.7,224.8,125.7,99.5,1213.8,19238,101.6,316,0.5667,1.1101,0.6711,1.9178
2016-12-08,0,582,21.3,0,81.7,2065.7,262.3,115.5,74.0,1215.6,20055,98.1,325,0.4805,1.2624,0.6835,2.0137
2016-12-09,0,625,21.9,0,80.1,1742.0,256.6,116.8,66.4,1491.2,21943,106.0,408,0.4664,1.0398,0.8452,1.9142
2016-12-10,0,625,24.9,0,84.2,2051.8,262.0,123.3,88.0,1330.8,19411,111.9,181,0.5337,1.2529,0.4874,1.8659
2016-12-11,0,94,20.6,1,75.8,1676.0,219.1,106.1,72.9,801.3,17997,90.0,50,0.4527,1.0198,0.2171,1.3753
2016-12-12,0,907,22.0,0,87.1,1858.4,272.5,131.2,97.7,1295.0,22784,117.4,704,0.5773,1.1101,1.2711,2.4163
2016-12-13,0,593,22.5,1,75.4,2709.8,245.3,109.9,66.9,1540.1,20006,107.8,318,0.4491,1.7252,0.7163,2.3994
2016-12-14,0,924,25.5,0,73.9,1975.6,228.9,171.1,89.3,1343.5,26577,110.4,643,0.6648,1.2227,1.1834,2.4825
2016-12-15,0,825,21.3,0,79.8,1724.2,280.5,119.3,121.9,1460.6,21913,125.7,699,0.6013,1.0106,1.2869,2.3758
2016-12-16,0,728,24.0,0,76.6,1746.7,258.8,135.6,80.1,1594.5,18822,97.1,574,0.5484,1.0415,1.1017,2.2134
2016-12-17,0,235,24.6,1,79.9,1536.8,255.4,99.5,80.6,1143.3,17476,83.1,50,0.4528,0.897,0.2548,1.3393
2016-12-18,0,124,21.6,0,79.8,1515.5,196.9,132.8,51.6,840.5,16829,95.4,51,0.4751,0.923,0.2253,1.3282
2016-12-19,0,836,21.3,0,79.4,2217.2,249.7,141.2,72.2,1235.5,20026,106.8,672,0.5452,1.3772,1.2103,2.5931
2016-12-20,0,674,20.9,0,77.5,1753.5,265.7,131.4,90.0,1654.5,21797,89.2,485,0.5601,1.0415,0.9727,2.1095
2016-12-21,0,535,21.1,0,81.3,1752.3,256.2,97.0,76.5,1044.3,18255,94.1,343,0.4367,1.0473,0.6876,1.7837
2016-12-22,0,526,23.4,0,79.0,1264.7,264.3,102.9,90.5,1126.5,19613,115.4,50,0.4848,0.7003,0.268,1.1936
2016-12-23,0,787,22.0,0,83.3,1507.0,266.1,161.3,90.8,1455.0,23362,83.2,345,0.642,0.8686,0.7365,1.8591
2016-12-24,0,526,22.0,1,79.5,2700.4,266.1,102.7,61.5,1186.7,19274,99.9,318,0.4173,1.704,0.6701,2.3025
2016-12-25,0,271,18.9,1,77.1,2492.8,288.5,129.0,93.5,1171.3,20347,79.6,50,0.5617,1.543,0.2575,1.9092
2016-12-26,0,735,19.2,0,74.9,1581.7,266.8,102.4,65.2,1091.5,18058,106.1,569,0.425,0.9204,1.0376,1.9596
2016-12-27,0,807,26.1,1,79.5,2418.2,231.0,146.7,73.2,1362.5,20722,107.1,447,0.5622,1.531,0.8884,2.4585
2016-12-28,0,991,20.9,0,76.2,1970.3,212.0,112.7,90.3,1636.4,20567,131.1,218,0.5106,1.2308,0.5885,1.9471
2016-12-29,0,795,19.6,0,76.0,1621.9,264.8,103.1,108.0,1515.5,21879,111.4,359,0.5258,0.95,0.7771,1.8221
2016-12-30,0,682,24.4,0,81.6,1385.8,302.8,106.6,68.1,1219.8,19002,117.8,344,0.443,0.7581,0.7211,1.5897
2016-12-31,0,441,21.8,0,74.7,1810.0,209.9,105.8,82.5,989.5,23578,110.3,232,0.4741,1.1201,0.5234,1.7278
2017-01-01,0,323,22.5,1,112.2,2493.2,372.8,124.7,81.2,1138.7,16406,89.9,443,0.5218,1.4843,0.8465,2.3439
2017-01-02,0,1046,20.9,0,108.5,2144.5,426.4,130.4,97.4,1312.3,24438,117.8,711,0.5745,1.2027,1.2843,2.4836
2017-01-03,0,803,20.4,0,107.9,2162.3,359.8,100.4,102.4,1629.0,22953,115.7,220,0.5056,1.2618,0.5844,1.9281
2017-01-04,0,549,20.7,0,104.9,1472.3,420.9,119.3,75.5,1268.7,20864,106.5,50,0.4941,0.736,0.2814,1.2474
2017-01-05,0,523,18.0,0,110.3,1885.3,357.2,94.3,96.5,1098.8,20295,84.7,255,0.4756,1.0697,0.5586,1.7009
2017-01-06,0,1067,20.9,1,108.0,2445.6,355.2,143.4,107.8,1371.7,25820,125.8,642,0.6333,1.4633,1.192,2.7328
2017-01-07,0,557,21.7,0,105.9,1855.4,348.1,138.2,108.4,1131.4,24787,97.0,502,0.6208,1.0551,0.9399,2.1063
2017-01-08,0,214,25.1,0,108.6,1755.7,344.6,113.3,85.1,751.5,18526,79.6,436,0.5002,0.9878,0.7856,1.8778
2017-01-09,0,701,21.2,1,103.0,2259.5,316.4,128.6,85.8,1423.7,21228,98.3,728,0.5428,1.3602,1.3134,2.5768
2017-01-10,0,1033,15.9,0,103.1,1203.0,355.0,167.1,80.3,1395.9,21344,114.0,520,0.6333,0.5936,1.0052,1.824
2017-01-11,0,570,20.8,0,104.6,2183.2,370.9,116.8,60.0,1325.3,18289,115.7,499,0.4516,1.2686,0.9651,2.214
2017-01-12,0,609,27.0,0,109.0,2205.9,366.4,100.2,78.1,1374.3,21391,98.0,430,0.4489,1.2876,0.8604,2.1474
2017-01-13,0,885,22.9,1,108.0,2087.6,370.5,138.7,87.3,1622.6,22166,128.6,317,0.5734,1.202,0.7347,2.0556
2017-01-14,0,175,19.2,0,111.1,1913.3,431.2,88.2,75.5,1053.8,15837,84.4,50,0.4108,1.0375,0.2442,1.3818
2017-01-15,0,245,22.3,0,105.2,1690.1,399.9,109.8,86.9,1254.4,19850,72.4,168,0.495,0.9031,0.4411,1.5223
2017-01-16,0,740,19.4,0,109.7,1811.3,386.8,110.1,62.1,1608.3,21618,110.6,160,0.4385,0.9972,0.4893,1.6022
2017-01-17,0,830,18.0,0,107.7,1741.1,398.5,109.5,82.2,1461.1,20404,98.1,328,0.4833,0.9398,0.7176,1.7899
2017-01-18,0,1023,20.3,1,105.2,2644.9,339.4,122.9,117.2,1591.6,21097,128.3,470,0.6001,1.6138,0.9601,2.5704
2017-01-19,0,786,21.2,0,109.2,1722.8,403.2,143.9,99.4,1287.0,22064,107.9,495,0.6153,0.9237,0.9521,2.0377
2017-01-20,0,886,16.9,0,107.8,1668.6,391.5,150.3,94.9,1271.5,24617,125.1,744,0.622,0.894,1.3323,2.2807
2017-01-21,0,80,18.5,0,106.1,2062.7,379.1,131.8,81.8,1180.4,19053,95.8,50,0.5422,1.1785,0.2655,1.5945
2017-01-22,0,238,21.1,0,108.1,1758.2,398.3,121.7,72.4,1156.6,20404,64.9,50,0.4934,0.9519,0.2491,1.3718
2017-01-23,0,618,20.2,0,107.6,1853.8,394.0,115.5,56.1,1406.8,19098,97.3,50,0.4391,1.0219,0.2933,1.4602
2017-01-24,0,550,22.0,0,107.5,2056.5,365.7,68.0,88.5,1134.7,19564,85.2,402,0.3867,1.1836,0.7834,1.9179
2017-01-25,0,612,18.5,0,106.8,1717.2,439.6,129.1,45.6,1571.7,21665,128.4,360,0.4513,0.8943,0.7929,1.7464
2017-01-26,0,709,22.7,1,104.1,2311.4,412.9,72.6,78.6,1298.4,18533,101.6,312,0.3761,1.3289,0.6751,1.9592
2017-01-27,0,934,18.6,1,108.2,2564.3,396.4,84.5,86.2,1334.7,22296,101.2,752,0.4256,1.5175,1.3404,2.6757
2017-01-28,0,80,24.9,1,105.6,1887.6,354.0,107.9,69.3,846.3,19224,105.5,50,0.4493,1.0735,0.2298,1.3872
2017-01-29,0,252,17.5,0,104.9,1865.4,335.6,120.4,110.6,1339.1,18989,77.6,50,0.5782,1.0709,0.2763,1.5601
2017-01-30,0,682,18.9,1,107.3,2230.4,457.9,112.4,110.5,1122.9,21439,86.2,351,0.5565,1.2408,0.7065,2.05
2017-01-31,0,711,22.3,0,110.2,2136.0,416.1,156.6,99.0,1205.6,21090,93.1,311,0.6484,1.2039,0.6594,2.0713
2017-02-01,1,4456,25.1,1,108.6,3448.5,435.1,200.4,114.6,4184.5,35595,277.2,2684,0.8018,2.1094,4.6636,7.5696
2017-02-02,1,4372,22.1,2,106.4,3903.3,385.5,183.2,156.3,3780.0,34242,272.3,2619,0.852,2.4625,4.5149,7.8407
2017-02-03,1,4516,22.7,2,106.3,3410.9,402.8,221.8,138.5,3568.0,36805,268.2,2808,0.9144,2.1057,4.7719,7.815
2017-02-04,1,1340,21.6,0,109.9,2031.3,419.7,168.6,77.0,1536.1,25976,129.5,868,0.6297,1.1281,1.5524,3.3383
2017-02-05,1,1243,19.3,0,100.8,1729.8,398.4,143.7,90.4,1369.6,25064,131.6,700,0.5939,0.932,1.2811,2.8113
2017-02-06,1,4235,20.6,1,110.4,3234.5,433.7,169.2,140.2,3543.2,35165,281.5,2395,0.7773,1.9606,4.1549,6.8644
2017-02-07,1,4319,19.0,1,102.4,2661.4,378.7,175.6,117.8,3708.8,35481,273.4,2587,0.7427,1.5979,4.4592,6.7687
2017-02-08,1,4307,18.9,1,103.8,2860.0,385.5,155.7,128.8,3843.7,35298,262.1,2464,0.7148,1.7322,4.2858,6.7039
2017-02-09,1,4080,22.7,1,106.5,3517.5,419.1,182.5,128.7,3088.7,34345,255.9,2375,0.7864,2.1689,4.0586,6.987
2017-02-10,1,4292,19.4,1,114.5,3353.1,410.6,164.2,110.0,3322.5,36544,277.4,2581,0.6942,2.0598,4.406,7.1624
2017-02-11,1,1409,22.6,0,113.0,1982.1,429.7,128.1,87.9,1752.1,25821,158.6,842,0.5464,1.0867,1.5524,3.2326
2017-02-12,1,1821,19.1,0,110.1,1932.6,436.5,148.5,81.5,2530.8,29721,143.7,1112,0.5862,1.0473,2.0453,3.6841
2017-02-13,1,4613,22.7,2,109.1,3569.1,447.9,149.4,143.4,3919.5,35881,296.0,2533,0.7316,2.1848,4.4138,7.3282
2017-02-14,1,4122,21.1,0,102.4,2750.1,450.2,156.4,110.8,3522.7,36485,256.7,2634,0.6751,1.6099,4.5002,6.8093
2017-02-15,1,4224,25.3,2,108.5,3706.7,426.9,174.9,130.1,3298.4,36717,245.6,2251,0.7693,2.2959,3.8938,6.9383
2017-02-16,1,4012,23.0,0,106.4,3074.9,432.8,181.1,102.3,3005.8,34257,233.7,2406,0.7217,1.8495,4.0851,6.6823
2017-02-17,1,4169,25.1,1,105.5,3192.3,383.1,174.2,108.0,3491.8,33663,278.6,2331,0.7163,1.9664,4.051,6.758
2017-02-18,1,1425,20.8,0,108.5,2093.0,452.0,129.7,74.4,1765.6,24481,156.6,1021,0.5195,1.1487,1.8212,3.4908
2017-02-19,1,1585,22.6,0,106.6,1753.5,414.7,123.0,89.7,1834.5,28473,139.5,1078,0.5368,0.9372,1.9085,3.4348
2017-02-20,1,4144,20.4,1,110.6,3129.3,447.8,152.7,127.4,3400.8,35889,258.9,2403,0.7035,1.877,4.1399,6.7483
2017-02-21,1,4158,21.8,2,102.2,3792.4,434.2,173.1,130.4,3343.3,34047,240.7,2691,0.7651,2.3507,4.5562,7.6732
2017-02-22,1,3889,22.2,0,108.2,2547.5,461.6,175.3,95.1,3135.2,34051,259.1,2222,0.6895,1.4601,3.836,5.9821
2017-02-23,1,4246,21.3,2,105.4,3640.3,402.2,179.6,123.4,3782.6,33781,265.7,2621,0.7664,2.2667,4.5151,7.5374
2017-02-24,1,4084,20.3,1,106.8,3294.3,466.0,186.0,112.7,3272.5,35186,240.2,2238,0.7588,1.9798,3.8683,6.6037
2017-02-25,1,1273,19.9,0,108.9,2436.6,455.2,142.1,98.3,1639.6,24577,134.7,811,0.6079,1.387,1.4812,3.4736
2017-02-26,1,1210,18.0,0,104.6,2066.0,471.3,146.8,85.5,1643.2,21835,112.8,534,0.5909,1.1163,1.0555,2.7547
2017-02-27,1,4259,20.9,0,108.5,3027.1,494.1,172.7,124.9,3667.7,30028,273.3,2474,0.7514,1.7731,4.2831,6.8022
2017-02-28,1,3959,24.7,1,107.4,3342.2,494.5,146.6,111.3,3201.3,35126,240.2,2287,0.65,1.9934,3.9333,6.5469
2017-03-01,1,4012,19.9,1,106.0,3474.7,414.3,210.2,149.0,3563.5,33948,259.6,2485,0.9075,2.1423,4.2821,7.3177
2017-03-02,1,4659,20.5,1,106.6,3183.0,463.9,202.3,111.7,3684.2,36217,276.8,2581,0.8002,1.9034,4.449,7.1127
2017-03-03,1,4044,27.5,2,107.5,3953.8,419.7,161.8,117.5,3378.1,33618,228.6,2899,0.705,2.4739,4.8668,8.0561
2017-03-04,1,1171,22.3,0,105.7,1966.6,485.3,137.2,90.7,1921.8,23639,139.6,430,0.5772,1.0369,0.9455,2.5617
2017-03-05,1,1699,24.5,0,108.0,2282.8,500.2,164.1,91.6,1778.9,24402,164.1,1027,0.6514,1.2478,1.8351,3.7313
2017-03-06,1,4799,25.3,0,107.2,3094.3,486.5,234.4,121.1,4005.1,39831,284.7,2835,0.9079,1.8255,4.8732,7.6287
2017-03-07,1,4065,25.5,1,106.2,3295.0,448.4,188.7,96.6,3601.1,36787,261.2,2455,0.7289,1.9926,4.2432,6.9431
2017-03-08,1,4209,20.8,0,112.8,2946.0,502.6,209.1,115.1,3565.4,35191,269.7,2348,0.8263,1.7104,4.0818,6.6006
2017-03-09,1,4337,23.7,1,109.2,3121.0,460.9,161.5,112.7,3567.8,35278,275.8,2559,0.6932,1.8621,4.4013,6.9195
2017-03-10,1,4587,20.8,1,106.9,3555.2,466.4,191.8,155.2,4126.6,37495,302.1,2559,0.8725,2.1622,4.4809,7.5412
2017-03-11,1,1191,29.9,0,108.4,2851.5,471.6,124.1,123.3,1635.9,22740,133.6,1028,0.6174,1.6659,1.8052,4.1037
2017-03-12,1,1324,21.1,0,104.9,2230.7,409.9,141.4,90.1,1757.6,20406,130.3,654,0.5871,1.2746,1.2567,3.1516
2017-03-13,1,4416,22.4,1,106.7,3320.6,448.7,224.9,106.9,3577.3,39993,278.9,2535,0.8497,2.0103,4.3693,7.2688
2017-03-14,1,4354,22.5,2,107.0,3976.9,528.3,193.9,138.3,3626.7,37573,265.8,2406,0.8391,2.414,4.1751,7.4176
2017-03-15,2,4635,21.6,2,104.3,3803.6,458.6,172.8,115.9,3947.2,36633,270.8,2544,0.7308,2.3415,4.4225,7.7769
2017-03-16,2,4679,28.0,2,109.2,4442.7,487.7,166.4,122.9,3751.4,34202,300.2,2462,0.7299,2.7685,4.2885,8.0535
2017-03-17,2,4456,30.5,2,106.5,4705.5,472.7,226.4,119.0,3283.2,36390,281.9,2705,0.8816,2.963,4.5893,8.7438
2017-03-18,2,1462,24.2,1,106.9,2440.6,465.5,147.6,85.0,1898.9,23082,118.5,727,0.5919,1.3826,1.3786,3.4791
2017-03-19,2,1457,22.5,1,106.3,2908.5,475.2,146.1,87.2,1609.2,24010,132.4,702,0.593,1.7033,1.3129,3.702
2017-03-20,2,4745,20.6,1,116.9,3216.7,512.6,187.8,112.2,3975.4,34034,297.6,2579,0.7625,1.8929,4.4897,7.4039
2017-03-21,2,4603,25.1,2,106.0,3928.9,418.0,198.7,119.7,3753.6,36483,263.4,2725,0.809,2.4576,4.6674,8.2494
2017-03-22,2,4788,25.1,2,101.8,4093.1,477.0,174.5,147.8,4038.3,37369,281.4,2781,0.8091,2.5313,4.7939,8.482
2017-03-23,2,4885,24.5,2,103.2,3903.6,504.9,206.4,133.1,3758.0,38171,326.8,2838,0.8606,2.3791,4.8665,8.4125
2017-03-24,2,4731,26.5,2,110.3,4252.1,468.5,169.3,133.7,3736.9,37445,283.9,2607,0.7626,2.6485,4.4979,8.2286
2017-03-25,2,1568,27.0,1,112.0,3057.9,496.0,130.3,60.3,1811.0,24680,158.6,988,0.4885,1.7933,1.7781,4.2689
2017-03-26,2,1515,27.0,1,106.0,2815.2,517.7,123.1,107.4,1572.5,27101,161.2,759,0.578,1.6082,1.4079,3.6927
2017-03-27,2,4703,25.7,2,111.8,4279.9,488.2,123.0,121.2,4015.9,36826,275.7,2740,0.6096,2.6542,4.727,8.3376
2017-03-28,2,4573,24.1,2,110.2,3823.1,510.9,184.7,146.7,3442.7,35567,284.0,2627,0.8339,2.3185,4.4921,7.9598
2017-03-29,2,4760,28.2,1,107.4,4507.7,597.5,175.9,134.4,4048.7,34883,313.9,2457,0.7819,2.7371,4.3231,8.1874
2017-03-30,2,4686,26.9,2,107.2,4237.8,505.1,189.7,122.8,3881.7,36761,291.4,3083,0.7921,2.6129,5.2325,9.0071
2017-03-31,2,5080,28.9,1,108.5,3762.4,497.8,201.5,110.8,4013.8,36814,332.0,3050,0.796,2.2852,5.2171,8.6136
2017-04-01,1,1651,28.8,1,110.6,2830.8,528.6,178.6,127.4,1985.7,26662,141.7,990,0.7729,1.6115,1.795,4.1796
2017-04-02,1,1438,24.1,0,109.2,2379.1,520.4,142.6,104.3,1848.8,23867,161.3,895,0.6231,1.3011,1.6441,3.5318
2017-04-03,1,4138,24.2,1,106.0,3115.4,470.6,191.8,137.6,3393.5,37071,261.4,2769,0.8319,1.8514,4.6895,7.3596
2017-04-04,1,4075,25.8,0,107.5,2424.7,451.4,194.3,151.2,3480.2,37753,254.4,2568,0.87,1.3813,4.3954,6.6475
2017-04-05,1,4490,25.3,0,113.9,3039.2,539.9,210.0,132.2,3815.4,35301,284.7,2667,0.8682,1.7495,4.5971,7.2223
2017-04-06,1,4323,29.4,2,108.8,4182.2,520.8,197.8,147.2,3410.2,35531,268.2,2380,0.8701,2.563,4.1106,7.5634
2017-04-07,1,4362,28.7,1,110.6,3868.6,503.8,194.7,120.2,3666.8,38717,270.3,2431,0.7995,2.3554,4.2198,7.4142
2017-04-08,1,1054,30.5,1,109.6,3388.2,548.4,144.6,98.7,1080.7,22767,128.3,287,0.6155,1.9879,0.6247,3.2172
2017-04-09,1,1535,29.0,1,108.8,3154.4,540.4,84.2,84.0,1504.4,25386,122.4,824,0.4197,1.8298,1.4792,3.7573
2017-04-10,1,4357,28.8,0,108.3,3812.0,521.9,234.4,119.7,3703.0,38159,261.5,2646,0.9047,2.3031,4.5425,7.7569
2017-04-11,1,4076,31.1,1,110.7,3460.5,507.3,218.3,125.4,3351.9,36733,267.1,2478,0.8747,2.0672,4.2504,7.1597
2017-04-12,1,4191,29.6,2,110.2,4070.3,460.2,190.2,106.3,3344.8,36341,275.5,2542,0.7553,2.5271,4.3493,7.6279
2017-04-13,1,4323,28.9,1,108.8,3646.2,502.2,156.7,131.8,3570.7,38670,273.8,2415,0.7244,2.2008,4.1858,7.1139
2017-04-14,1,4285,32.1,1,105.9,4660.0,447.6,213.8,121.7,3485.4,35874,271.1,2584,0.8541,2.9487,4.427,8.2089
2017-04-15,2,1452,29.3,1,109.2,3745.9,450.5,120.9,62.6,1622.3,25033,145.2,991,0.4686,2.3068,1.754,4.6846
2017-04-16,2,1486,28.5,1,107.8,3529.3,519.5,148.5,86.0,1526.3,23923,153.4,461,0.5966,2.1069,0.9509,3.7737
2017-04-17,2,4658,27.4,2,107.1,4110.9,529.8,165.6,125.7,3433.7,39401,267.5,2756,0.7342,2.5068,4.6782,8.2224
2017-04-18,2,4731,31.0,2,116.0,4572.0,493.7,244.1,144.6,3966.2,36609,281.8,3119,0.9882,2.8548,5.2922,9.4791
2017-04-19,2,4968,32.3,2,103.4,4736.7,477.5,167.7,138.9,3904.1,35836,297.7,2829,0.7703,2.9814,4.8567,8.9835
2017-04-20,2,4241,29.6,2,110.9,4270.7,518.9,187.9,147.6,3703.9,36991,268.2,2006,0.8445,2.6263,3.5853,7.277
2017-04-21,2,4661,32.7,2,105.4,5315.6,486.6,147.2,138.7,3711.9,35740,259.4,2557,0.7149,3.3803,4.4084,8.8465
2017-04-22,2,1537,25.6,0,108.4,2289.1,473.8,136.8,85.1,1916.8,22441,129.1,565,0.5632,1.2707,1.1423,3.1085
2017-04-23,2,1558,30.0,1,115.7,3354.4,576.0,128.7,92.8,1843.4,26820,144.9,789,0.5593,1.9449,1.478,4.1173
2017-04-24,2,4636,30.1,1,105.1,4304.1,459.5,218.5,125.4,3782.3,39211,295.8,2469,0.8753,2.6912,4.3022,8.1777
2017-04-25,2,4387,28.8,2,105.8,3983.5,448.0,179.6,135.0,3636.7,35809,267.4,2712,0.7932,2.4748,4.6355,8.2111
2017-04-26,2,4762,35.7,2,107.9,5309.4,472.4,220.8,133.0,3772.2,32519,281.3,2902,0.899,3.3859,4.942,9.594
2017-04-27,2,5014,30.5,2,105.5,4470.5,507.6,177.7,125.7,3787.3,40019,307.0,2970,0.7666,2.774,5.0596,8.9608
2017-04-28,2,4427,29.9,2,110.7,4475.2,513.4,183.5,128.3,3782.6,37786,270.3,2788,0.7882,2.7733,4.7689,8.6778
2017-04-29,2,1661,31.0,1,106.4,3369.6,480.7,134.1,101.8,2216.7,25906,160.3,862,0.5945,2.0222,1.6389,4.4109
2017-04-30,2,1446,26.6,1,110.0,2800.7,530.2,146.9,77.3,2095.2,24921,137.4,852,0.5723,1.5893,1.5987,3.8731
2017-05-01,0,759,29.5,0,104.0,2500.7,497.1,131.8,88.9,1271.0,20861,95.8,835,0.5586,1.4025,1.4544,2.8048
2017-05-02,0,580,33.5,0,102.6,2918.4,424.5,136.3,58.3,1127.6,19697,118.1,442,0.5,1.7457,0.8574,2.5281
2017-05-03,0,709,30.1,0,107.3,2442.4,517.2,128.6,100.1,1239.8,18987,121.8,516,0.5759,1.3476,0.9833,2.3704
2017-05-04,0,1004,29.7,0,103.3,2617.8,514.9,142.6,95.0,1490.8,20961,108.7,444,0.6016,1.472,0.9001,2.4441
2017-05-05,0,874,34.6,0,112.6,2829.2,525.9,106.0,109.9,1432.4,22249,119.1,432,0.5379,1.6123,0.8802,2.4741
2017-05-06,0,558,34.8,1,103.4,3702.6,479.8,128.6,64.9,1066.3,20952,96.2,143,0.4946,2.256,0.392,2.5846
2017-05-07,0,458,33.1,0,104.9,2733.2,539.9,153.6,97.5,917.6,21345,103.0,568,0.6369,1.5353,1.0149,2.6762
2017-05-08,0,849,31.1,0,109.2,2521.0,494.8,88.3,99.2,1435.4,19034,102.7,212,0.4658,1.4183,0.5422,2.0067
2017-05-09,0,1084,31.7,0,106.2,2563.2,494.2,140.3,85.3,936.6,19566,134.2,793,0.573,1.4483,1.3682,2.813
2017-05-10,0,849,30.6,0,103.4,2526.5,493.2,140.2,79.5,1408.3,20882,127.5,597,0.5594,1.4233,1.1281,2.5637
2017-05-11,0,919,30.3,0,114.1,3057.2,536.1,158.7,69.8,1299.7,20024,105.0,244,0.5866,1.7648,0.5752,2.4017
2017-05-12,0,716,30.3,0,105.0,2507.7,485.1,138.9,63.4,1484.3,21342,108.0,621,0.5187,1.4158,1.1646,2.5545
2017-05-13,0,258,31.3,0,107.4,2236.3,505.1,116.9,66.8,1248.5,16726,101.2,103,0.4676,1.2118,0.3549,1.6801
2017-05-14,0,121,30.6,0,107.4,2660.7,541.7,121.6,57.6,1167.8,20633,68.4,50,0.4589,1.4833,0.2521,1.8209
2017-05-15,0,948,29.5,0,110.1,2362.8,534.9,110.9,110.3,1425.4,20502,109.6,615,0.552,1.2795,1.149,2.4455
2017-05-16,0,558,33.5,0,109.4,2929.6,509.2,111.5,59.2,1041.6,23210,108.1,176,0.4356,1.6943,0.4446,2.0783
2017-05-17,0,910,33.7,0,105.5,2802.3,470.8,97.0,88.2,1317.6,22766,114.0,491,0.4637,1.632,0.9527,2.4631
2017-05-18,0,735,37.0,0,107.0,3632.1,480.7,155.9,90.4,1407.5,19188,89.2,335,0.6266,2.206,0.7173,2.9225
2017-05-19,0,980,31.9,1,107.3,3135.3,523.6,137.5,92.1,1211.3,25887,115.3,410,0.5813,1.8282,0.82,2.62
2017-05-20,0,381,34.2,0,110.2,3259.1,473.0,96.7,86.3,1387.1,20078,113.1,50,0.4585,1.9503,0.2984,2.237
2017-05-21,0,574,34.3,1,104.5,3198.7,545.9,126.3,96.1,1196.4,20710,125.6,476,0.5605,1.857,0.9203,2.7704
2017-05-22,0,901,33.2,0,114.1,2824.1,529.0,151.7,79.1,1548.7,21667,107.9,581,0.5893,1.6066,1.1124,2.7072
2017-05-23,0,487,35.5,0,105.7,3433.5,455.8,140.6,82.2,881.3,20885,86.0,329,0.5667,2.0844,0.6442,2.7324
2017-05-24,0,758,35.7,1,108.0,3718.6,504.8,103.2,79.7,1203.3,22129,103.6,374,0.4607,2.2497,0.7587,2.8511
2017-05-25,0,559,34.8,1,104.5,4116.2,463.4,51.1,101.2,903.6,18791,121.8,333,0.3707,2.557,0.6684,2.9494
2017-05-26,0,676,33.6,0,104.1,2824.5,470.5,130.9,114.6,1502.9,20455,115.5,260,0.6155,1.6478,0.6285,2.3731
2017-05-27,0,518,33.5,0,105.4,2913.5,448.5,99.8,63.3,1192.3,20384,115.9,165,0.4137,1.7255,0.4488,2.1014
2017-05-28,0,361,31.4,0,105.1,3064.4,478.2,130.2,48.9,1226.7,20565,103.2,517,0.4619,1.8103,0.9753,2.639
2017-05-29,0,644,32.7,1,106.8,2910.0,438.2,142.5,91.3,1310.7,21784,88.1,533,0.5928,1.7303,1.003,2.6862
2017-05-30,0,587,33.2,0,105.1,2402.2,467.7,145.1,98.1,1348.3,20762,90.0,239,0.6155,1.3542,0.567,2.0617
2017-05-31,0,776,32.2,0,110.1,2549.6,484.1,162.4,113.7,1320.4,20269,101.6,181,0.6979,1.4458,0.4817,2.2064
2017-06-01,0,551,35.8,0,105.7,3330.2,471.3,147.1,92.7,1205.0,19231,93.5,50,0.6084,2.0012,0.2674,2.3218
2017-06-02,0,649,37.5,0,105.3,2918.2,462.1,160.2,103.7,1285.9,18581,96.1,262,0.6689,1.7193,0.5961,2.4177
2017-06-03,0,302,33.0,0,106.8,2894.7,488.0,145.8,103.5,1160.3,20335,81.8,195,0.6298,1.6847,0.4746,2.267
2017-06-04,0,454,35.7,0,111.0,3221.9,527.6,150.4,102.4,1259.3,18798,103.1,285,0.6396,1.886,0.6307,2.5692
2017-06-05,0,879,32.9,0,108.6,3384.4,502.5,124.9,98.8,1951.0,21347,116.2,537,0.563,2.0173,1.0983,3.0232
2017-06-06,0,357,34.6,1,107.7,3727.9,521.0,88.1,60.1,1424.0,19927,105.7,267,0.3749,2.2448,0.6249,2.6454
2017-06-07,0,824,33.8,0,103.7,3046.2,456.9,179.4,84.8,1090.7,21468,115.1,291,0.6767,1.8125,0.6256,2.5492
2017-06-08,0,783,36.7,0,104.6,3629.0,480.6,125.5,88.9,1359.7,21278,102.1,726,0.5417,2.2039,1.3045,3.2998
2017-06-09,0,844,34.0,0,104.2,3119.2,478.8,152.2,83.6,1350.2,19916,115.2,454,0.601,1.8483,0.9008,2.7352
2017-06-10,0,537,37.8,0,111.9,3225.9,532.1,107.6,80.9,1463.4,20739,81.0,365,0.4752,1.8857,0.7658,2.5624
2017-06-11,0,80,35.1,0,109.6,2632.3,473.7,132.6,99.5,892.8,17773,50.9,50,0.5852,1.511,0.2104,1.8881
2017-06-12,0,663,34.3,0,105.4,2824.0,491.7,68.1,71.6,1394.6,20629,112.6,441,0.3479,1.6326,0.8857,2.3998
2017-06-13,0,876,33.0,0,106.3,2861.1,453.5,116.7,97.5,1022.4,23764,126.6,882,0.538,1.6853,1.5098,3.0604
2017-06-14,0,485,36.4,0,105.5,3218.1,456.0,116.6,85.6,928.3,20947,97.7,103,0.5102,1.9335,0.3161,2.2578
2017-06-15,0,1035,37.9,1,105.3,3436.4,459.3,138.8,74.6,1918.3,21320,116.9,399,0.5443,2.084,0.8877,2.8207
2017-06-16,0,836,36.6,1,109.4,3739.2,496.6,148.6,68.9,1427.4,21243,96.5,329,0.5574,2.2698,0.7146,2.9103
2017-06-17,0,399,41.0,0,107.1,3689.2,446.7,93.1,54.3,967.7,22555,107.0,171,0.3749,2.2698,0.4275,2.4699
2017-06-18,0,144,39.3,0,114.2,3570.0,480.4,127.1,84.0,1033.0,18052,87.4,50,0.5347,2.1627,0.2437,2.4255
2017-06-19,0,916,35.5,1,111.8,4111.1,476.1,153.5,85.0,1278.4,21919,119.7,344,0.6077,2.5445,0.7298,3.1869
2017-06-20,0,962,35.6,0,111.9,3238.5,492.5,178.9,74.2,1445.4,23236,118.2,549,0.6509,1.9222,1.0571,2.9967
2017-06-21,0,812,37.3,0,110.0,3114.8,458.3,140.2,56.6,1142.0,21798,105.9,752,0.5065,1.8596,1.3192,3.0061
2017-06-22,0,812,34.5,0,106.7,2556.6,472.6,114.5,91.2,1261.5,20739,98.2,444,0.5175,1.4588,0.8678,2.3329
2017-06-23,0,818,39.0,0,109.8,3726.8,469.2,96.7,82.2,1332.2,20097,114.8,457,0.449,2.2803,0.9031,2.9955
2017-06-24,0,91,37.3,0,107.0,2959.5,481.1,151.9,65.4,1158.1,18364,72.6,115,0.5582,1.7349,0.3497,2.1438
2017-06-25,0,220,37.1,0,112.9,3417.5,490.5,130.2,63.2,1119.9,20108,79.8,244,0.4949,2.0489,0.5423,2.5459
2017-06-26,0,742,38.1,0,109.2,3790.5,515.3,122.9,80.3,1475.0,23494,129.0,678,0.5149,2.2926,1.2591,3.3487
2017-06-27,0,839,40.4,0,108.8,3312.5,471.4,89.5,92.1,1415.5,18886,112.2,530,0.4526,1.9888,1.021,2.8358
2017-06-28,0,950,37.0,0,108.4,3492.5,434.8,106.6,81.5,1637.1,25163,88.3,551,0.474,2.1404,1.0702,3.0608
2017-06-29,0,579,36.4,0,113.2,3530.3,479.1,134.3,64.1,1101.7,19913,94.6,157,0.508,2.1358,0.4162,2.5222
2017-06-30,0,747,40.0,0,103.7,3911.8,442.9,131.2,83.1,1231.3,22802,96.6,566,0.5436,2.4282,1.0471,3.2536
2017-07-01,1,1635,38.9,0,113.5,3179.5,459.9,96.6,110.3,1987.1,23539,146.9,796,0.5137,1.9037,1.5056,3.9477
2017-07-02,1,1234,36.1,0,107.4,3088.4,493.2,146.1,90.4,1614.8,20283,113.4,558,0.6004,1.8166,1.0879,3.4885
2017-07-03,1,4128,36.8,2,103.8,4763.6,430.9,149.8,125.6,3456.9,32974,266.0,2429,0.6916,3.0329,4.1879,7.9324
2017-07-04,1,4312,37.3,1,105.7,4812.4,429.1,217.4,121.9,3543.9,35515,265.5,2778,0.8642,3.0683,4.7224,8.6623
2017-07-05,1,4428,37.7,0,103.0,4336.4,436.9,194.3,114.8,3871.0,37541,268.6,2699,0.7859,2.7296,4.6452,8.0947
2017-07-06,1,4278,33.9,1,110.0,3576.0,437.6,176.8,112.5,3787.4,36024,269.3,2474,0.7337,2.1969,4.2975,7.2432
2017-07-07,1,4515,33.5,2,104.9,4727.7,461.6,213.1,104.3,3586.6,36513,277.3,2442,0.812,2.9863,4.2291,8.0219
2017-07-08,1,1522,35.0,0,108.5,3458.2,470.0,145.2,111.0,1526.9,26405,141.9,1157,0.6455,2.0917,1.9905,4.7163
2017-07-09,1,1520,34.8,0,111.4,3265.1,464.6,166.5,100.2,1714.3,24388,140.7,871,0.6777,1.9603,1.5828,4.2103
2017-07-10,1,4375,35.6,1,106.0,4533.3,452.3,190.5,128.7,3451.0,36879,271.6,2485,0.8078,2.8567,4.2749,7.9592
2017-07-11,1,4695,38.4,1,107.2,4796.0,428.4,197.6,135.8,3960.6,43319,290.4,2823,0.8433,3.0573,4.8534,8.731
2017-07-12,1,4239,36.6,0,104.1,3783.6,389.0,180.0,131.0,3693.9,35789,268.4,2378,0.785,2.3762,4.1418,7.3308
2017-07-13,1,3915,37.4,1,106.8,4592.0,428.0,186.3,111.0,3141.7,33190,264.7,2135,0.7557,2.9148,3.7086,7.3411
2017-07-14,1,4564,34.3,1,115.7,4402.8,458.2,229.5,124.9,3593.9,38035,273.8,2529,0.9036,2.7612,4.3594,8.0316
2017-07-15,1,1286,36.0,0,110.3,3470.7,396.2,122.1,83.3,1431.1,24723,135.7,627,0.5197,2.1521,1.1807,3.8718
2017-07-16,1,1388,38.3,0,107.2,3779.8,406.5,149.2,129.3,1784.7,24371,166.8,602,0.6985,2.3613,1.1995,4.2781
2017-07-17,1,4511,38.3,2,106.2,5379.4,396.6,171.8,144.4,3688.7,37229,277.5,2393,0.794,3.488,4.1682,8.4547
2017-07-18,1,3987,35.4,1,107.9,4667.7,406.2,136.3,125.4,3514.0,37413,254.4,2487,0.655,2.983,4.2779,7.9107
2017-07-19,1,4050,37.3,2,108.4,5038.5,466.3,187.5,144.1,3500.5,37453,242.1,2469,0.8354,3.2005,4.2437,8.2659
2017-07-20,1,3987,41.8,1,106.7,4743.6,437.3,189.9,141.4,3481.8,34535,245.9,2164,0.8356,3.0144,3.7848,7.6042
2017-07-21,1,4133,36.9,2,109.6,5233.1,458.5,182.0,103.9,3184.9,34200,259.7,2557,0.7278,3.3422,4.3448,8.3977
2017-07-22,1,1447,35.4,0,105.1,3311.7,427.7,103.1,89.0,1684.4,24850,146.5,895,0.4819,2.0188,1.618,4.0947
2017-07-23,1,1463,36.5,1,105.1,4058.2,440.4,143.0,92.3,1977.9,22976,148.6,790,0.5965,2.5325,1.4961,4.5969
2017-07-24,1,4325,37.1,1,109.1,4327.5,428.1,193.7,136.1,3484.6,37758,273.5,2288,0.8335,2.7296,3.9846,7.5927
2017-07-25,1,4021,36.6,1,104.5,4994.4,445.7,162.8,119.9,3100.1,35652,265.6,2394,0.7133,3.1841,4.0932,7.9476
2017-07-26,1,3860,36.8,1,110.2,4699.5,397.6,149.7,119.8,3438.6,39018,236.7,2575,0.6779,3.0113,4.3934,8.1108
2017-07-27,1,4285,33.7,1,108.0,4181.2,416.4,181.6,119.5,3452.8,38649,273.7,2488,0.7627,2.6354,4.2811,7.6483
2017-07-28,1,4191,34.7,1,102.5,4106.2,369.6,199.8,141.0,3689.7,33660,263.8,2611,0.8612,2.6156,4.4881,7.9393
2017-07-29,1,1451,36.5,1,108.3,4206.3,447.0,145.3,70.8,1796.3,23160,141.8,803,0.553,2.6315,1.4908,4.6493
2017-07-30,1,1495,36.4,0,102.9,3118.4,404.1,117.5,86.5,1777.0,20834,137.9,1033,0.5147,1.9,1.831,4.218
2017-07-31,1,4300,35.5,0,110.1,4534.5,449.1,190.4,98.9,3811.4,32212,257.1,2467,0.7387,2.8598,4.2832,7.9048
2017-08-01,1,4412,36.3,1,107.3,4424.8,372.0,208.9,112.5,3401.0,36735,259.0,2126,0.8197,2.837,3.7247,7.3961
2017-08-02,1,4317,36.8,2,113.6,5587.2,414.2,161.9,131.6,3834.7,33985,273.1,2374,0.7379,3.6211,4.1543,8.5074
2017-08-03,1,4371,38.5,1,111.2,4779.9,373.9,190.1,132.5,3494.9,39312,277.7,2559,0.8155,3.0842,4.3946,8.3621
2017-08-04,1,4149,36.3,1,104.8,4934.8,401.8,214.2,120.1,3501.6,37510,260.2,2601,0.8515,3.1731,4.45,8.4742
2017-08-05,1,1336,37.4,0,101.9,3292.2,369.6,106.0,107.9,1759.2,23123,134.9,747,0.5333,2.0458,1.3992,3.9799
2017-08-06,1,1404,35.3,0,105.7,3262.3,411.8,160.7,112.2,1693.6,23306,129.5,820,0.6899,1.9954,1.4985,4.1666
2017-08-07,1,4423,37.7,1,104.3,4957.0,386.9,225.2,127.0,3505.1,39250,280.1,2460,0.8969,3.1991,4.2484,8.3243
2017-08-08,1,4205,37.2,1,113.5,4812.3,365.1,180.8,129.2,3440.5,38747,265.0,2720,0.783,3.113,4.6237,8.5064
2017-08-09,1,4369,38.2,1,108.0,5079.1,354.9,181.1,120.6,3426.2,34671,267.2,2804,0.7639,3.3069,4.7478,8.84
2017-08-10,1,4228,37.8,1,110.8,4587.7,407.1,208.8,135.1,3874.5,33847,275.7,2331,0.8717,2.9264,4.0957,7.908
2017-08-11,1,4254,37.5,0,107.1,4188.0,401.5,182.5,108.1,3450.9,35325,274.2,2194,0.7388,2.6505,3.8391,7.2607
2017-08-12,1,1518,35.9,0,107.5,3677.2,334.3,85.6,120.2,2049.8,25152,124.9,555,0.5071,2.34,1.1422,3.9714
2017-08-13,1,1009,36.6,0,107.9,3132.7,387.4,126.0,104.2,1710.5,21313,121.0,694,0.5784,1.9217,1.3071,3.8219
2017-08-14,1,4042,38.3,1,111.3,4878.0,374.7,193.1,105.5,3471.4,35790,245.4,2369,0.7612,3.1523,4.0912,8.0124
2017-08-15,1,4009,34.5,1,108.9,4227.6,362.1,198.4,111.3,3361.2,38348,257.1,2184,0.7888,2.7059,3.8065,7.3121
2017-08-16,1,3856,34.5,1,104.8,4302.9,357.2,160.0,127.6,3325.6,31664,210.7,2285,0.7236,2.762,3.9309,7.3948
2017-08-17,1,4154,36.2,2,112.9,5055.4,403.9,178.8,119.8,3578.5,34645,264.3,2188,0.7559,3.256,3.8407,7.8268
2017-08-18,1,4410,36.6,1,107.1,4413.3,360.9,210.9,136.1,3652.3,34025,282.0,2701,0.8796,2.8367,4.6269,8.3566
2017-08-19,1,1317,33.8,0,106.6,2997.1,325.6,132.4,85.4,1434.5,22026,132.9,695,0.5521,1.87,1.2811,3.725
2017-08-20,1,1404,35.4,0,99.5,3306.6,351.7,101.6,114.7,1443.2,23366,124.2,620,0.5372,2.0684,1.1661,3.7563
2017-08-21,1,4472,35.3,1,109.9,4456.4,374.9,217.7,128.8,3944.3,35473,299.7,2528,0.881,2.857,4.4108,8.1641
2017-08-22,1,4515,30.5,1,108.3,4349.9,353.0,186.6,165.5,3225.1,37899,292.0,2546,0.8824,2.7978,4.3488,8.059
2017-08-23,1,4263,34.8,1,108.3,4640.1,367.2,210.7,135.2,3578.3,36176,260.5,2538,0.877,2.991,4.3645,8.2234
2017-08-24,1,4519,34.9,1,106.8,4523.3,359.5,160.6,109.0,3659.5,37518,275.2,2831,0.6822,2.9147,4.8207,8.3816
2017-08-25,1,4292,34.8,1,106.3,4185.7,366.1,184.6,157.8,3590.0,35474,244.4,2690,0.8592,2.6737,4.5864,8.0865
2017-08-26,1,1217,38.1,1,106.9,3842.2,359.3,143.1,106.1,1449.3,22725,135.4,735,0.6286,2.438,1.3442,4.3939
2017-08-27,1,1261,32.3,0,109.4,3392.7,376.7,130.8,95.8,1744.9,22665,115.3,698,0.5718,2.1112,1.3151,3.987
2017-08-28,1,4009,33.0,0,109.9,3329.5,371.5,156.1,132.8,3422.7,34390,263.4,2223,0.7251,2.0706,3.8741,6.6689
2017-08-29,1,4116,29.0,1,107.3,3706.3,382.9,131.6,106.6,3948.9,36041,272.5,2069,0.5989,2.3264,3.7108,6.6357
2017-08-30,1,4211,33.6,1,110.8,4321.4,412.4,219.3,98.5,3534.2,32224,263.7,2439,0.8153,2.7363,4.2109,7.7557
2017-08-31,1,4420,33.7,2,107.8,4726.2,360.8,195.0,127.4,3883.1,37082,261.1,2410,0.8169,3.0558,4.2096,8.0992
2017-09-01,1,4585,33.3,0,106.5,3498.5,339.9,218.2,150.7,3472.9,35693,296.3,2879,0.9329,2.211,4.8793,8.0042
2017-09-02,1,1119,36.8,0,108.6,3160.3,325.1,150.6,94.4,1777.4,22090,125.4,613,0.6217,1.9846,1.1958,3.8338
2017-09-03,1,1439,36.1,0,103.9,3215.4,360.2,149.0,117.9,1832.9,21233,140.9,969,0.6717,1.9986,1.7432,4.437
2017-09-04,1,4088,34.3,2,108.7,4615.3,336.0,176.5,143.9,3483.1,34524,247.8,2284,0.8054,2.9955,3.9658,7.7884
2017-09-05,1,4361,33.2,1,103.4,4561.2,398.4,199.3,127.6,3654.9,36816,273.6,2408,0.8289,2.914,4.1848,7.9111
2017-09-06,1,4252,36.2,2,104.9,5053.6,412.8,218.1,143.8,3843.4,36681,263.9,2575,0.9167,3.2486,4.4535,8.6158
2017-09-07,1,3946,33.8,1,101.9,4053.4,326.9,182.9,145.2,3392.4,32438,236.6,2339,0.8256,2.6085,4.0318,7.484
2017-09-08,1,4443,31.9,0,107.5,3593.2,307.5,231.8,127.1,3513.5,37397,291.0,2635,0.9148,2.3,4.5163,7.7261
2017-09-09,1,1259,29.8,0,112.8,2765.2,381.4,99.7,86.9,1569.7,25339,152.8,713,0.4679,1.6687,1.3342,3.4533
2017-09-10,1,1272,32.5,0,107.6,2815.5,399.4,97.5,92.4,1835.7,22454,144.5,880,0.4747,1.6913,1.612,3.7596
2017-09-11,1,4083,35.0,1,109.9,4593.6,320.2,205.2,87.8,3512.0,35150,269.2,2484,0.7528,2.9914,4.2791,8.006
2017-09-12,1,4158,38.3,0,115.1,3905.3,415.8,166.8,129.1,3202.5,31740,283.3,2020,0.7452,2.4426,3.5513,6.7102
2017-09-13,1,4353,33.3,0,109.2,4010.2,302.0,233.3,138.0,3691.5,34668,258.3,2478,0.944,2.5957,4.2866,7.8981
2017-09-14,1,4242,31.3,1,105.7,3967.8,299.5,215.8,128.1,3335.2,36303,253.2,2643,0.8743,2.5678,4.4896,7.8828
2017-09-15,1,4335,30.3,1,106.1,3864.1,343.7,223.0,132.2,3666.6,37927,265.1,2331,0.903,2.4643,4.0672,7.4099
2017-09-16,1,1433,34.0,0,108.0,2934.4,366.2,155.3,91.5,1643.5,22940,143.1,527,0.6276,1.7977,1.059,3.4992
2017-09-17,1,1606,28.8,0,106.1,2237.1,332.0,118.6,64.3,1845.1,29550,143.8,906,0.4664,1.3336,1.654,3.4369
2017-09-18,1,4214,33.7,1,106.3,3806.4,344.4,149.3,150.5,3414.6,36264,252.4,2538,0.7478,2.4234,4.3412,7.5036
2017-09-19,1,4010,34.2,1,111.0,4052.0,374.4,215.1,117.6,3659.6,32550,255.5,2243,0.8481,2.5743,3.9284,7.3607
2017-09-20,1,4468,33.2,0,111.1,3873.4,376.5,157.4,119.3,3742.5,39083,274.9,2824,0.6974,2.4478,4.8205,7.9916
2017-09-21,1,4216,31.7,1,103.1,3760.2,304.5,220.8,146.0,3740.9,33452,274.8,2777,0.929,2.419,4.7481,8.0893
2017-09-22,1,4476,33.3,1,105.5,3851.4,304.9,205.3,143.4,4196.3,37390,277.0,2250,0.8815,2.4825,4.0144,7.4015
2017-09-23,1,1437,32.3,0,106.6,2683.7,355.2,134.2,96.3,1799.4,22363,116.8,764,0.5821,1.6299,1.4212,3.5908
2017-09-24,1,1345,30.1,0,109.8,2545.8,349.1,143.9,102.7,2004.3,21206,140.2,369,0.6229,1.5377,0.8635,3.0089
2017-09-25,1,4338,35.7,1,111.4,4408.4,356.3,198.3,109.7,3463.7,37951,289.2,2635,0.7849,2.8365,4.5097,8.1434
2017-09-26,1,4627,30.7,1,116.1,3956.2,338.5,188.8,129.3,3994.6,36966,283.6,2561,0.8047,2.5324,4.4596,7.8459
2017-09-27,1,4649,33.1,1,106.6,4539.2,341.0,225.0,150.2,3637.0,40632,296.0,2611,0.95,2.9387,4.4983,8.3629
2017-09-28,1,4288,25.9,1,106.8,3684.5,297.4,217.8,116.3,3555.2,34177,261.9,2694,0.8524,2.371,4.5957,7.7905
2017-09-29,1,4304,33.9,1,109.8,4804.8,339.1,190.9,111.7,3665.1,33269,275.5,2257,0.7696,3.126,3.9593,7.8634
2017-09-30,1,1562,34.2,0,106.0,2744.8,323.4,124.9,94.9,1993.4,23697,136.4,622,0.554,1.695,1.2407,3.491
2017-10-01,3,1517,30.9,0,107.6,2814.9,327.6,196.0,94.7,1791.5,30774,158.3,720,0.744,1.7411,1.3754,4.1515
2017-10-02,3,5276,32.0,1,106.8,4730.1,340.9,190.5,148.0,4195.1,42860,327.6,3539,0.8524,3.0724,5.9722,10.6584
2017-10-03,3,5212,31.8,2,100.1,4912.7,275.0,243.6,116.9,4421.5,42087,333.3,3460,0.9229,3.2464,5.8832,10.8438
2017-10-04,3,5273,29.0,2,108.4,4946.6,341.6,251.2,100.0,4283.1,42403,320.4,3255,0.9042,3.2235,5.5534,10.4686
2017-10-05,3,5066,31.5,2,107.5,5016.5,321.7,213.0,149.6,3969.4,39604,303.4,2959,0.9164,3.2864,5.0632,9.999
2017-10-06,3,4930,28.4,1,111.8,4465.5,313.5,250.2,117.9,4123.8,44819,320.5,3260,0.9429,2.9064,5.5425,10.1724
2017-10-07,3,1296,28.7,0,108.0,3004.7,288.3,162.7,81.4,1862.1,25468,156.5,1498,0.6241,1.9015,2.5485,5.4766
2017-10-08,3,1468,32.4,0,104.2,3474.5,356.6,154.4,59.9,2022.0,26021,160.4,1059,0.5522,2.1825,1.9111,5.0325
2017-10-09,3,5134,31.9,1,107.2,4397.2,315.9,253.6,152.0,4358.3,42536,335.2,3011,1.0308,2.8569,5.2031,9.825
2017-10-10,3,5163,28.1,1,101.7,4048.7,291.9,209.0,142.2,4364.9,38593,322.9,3468,0.8886,2.6298,5.8827,10.143
2017-10-11,1,4624,27.9,0,104.4,3067.7,279.6,212.4,135.1,3628.6,35838,286.5,2478,0.8813,1.9517,4.2921,7.1459
2017-10-12,1,4475,27.9,1,109.9,3241.2,351.1,146.9,133.3,3600.6,36353,272.2,2529,0.7016,2.0231,4.359,7.0532
2017-10-13,1,4102,30.8,2,107.3,4783.1,341.0,190.1,93.3,3610.2,37013,256.5,1904,0.725,3.1095,3.4158,7.2364
2017-10-14,1,1431,26.9,0,110.8,2491.4,346.0,136.7,77.4,1689.4,21674,143.5,775,0.5452,1.5018,1.4363,3.4729
2017-10-15,1,1295,29.7,0,102.1,2498.6,298.0,121.4,83.8,1631.8,23318,160.5,521,0.5189,1.5404,1.0565,3.1254
2017-10-16,1,4224,30.5,1,107.3,4213.2,333.1,194.6,114.5,3248.1,35365,274.0,2677,0.786,2.7161,4.5392,8.057
2017-10-17,1,4309,28.5,1,106.6,3499.7,291.3,185.8,122.6,3566.4,33264,275.5,2324,0.7812,2.2459,4.0479,7.0546
2017-10-18,1,4387,30.8,1,110.9,3468.1,329.5,212.2,131.3,3682.1,35509,281.7,2685,0.872,2.197,4.6068,7.6519
2017-10-19,1,4215,27.7,2,110.0,4331.9,319.7,198.2,140.7,3157.7,36679,236.5,2426,0.8562,2.8085,4.1354,7.8021
2017-10-20,1,4467,27.8,2,109.9,3807.0,327.1,200.4,106.4,3476.9,34092,279.8,2613,0.7829,2.4359,4.4729,7.6532
2017-10-21,1,1163,26.0,0,112.6,2081.6,282.7,137.4,88.8,1365.1,25425,138.3,769,0.5734,1.2592,1.3872,3.245
2017-10-22,1,1369,30.2,1,106.9,3236.5,357.9,124.3,102.1,1890.7,24592,137.6,784,0.569,2.015,1.4722,4.0506
2017-10-23,1,4743,26.2,0,112.0,3079.1,366.2,188.7,118.1,3496.4,38543,287.9,2634,0.7785,1.899,4.5117,7.16
2017-10-24,1,4316,28.5,1,104.9,3885.8,276.1,193.1,123.9,3561.8,36142,257.9,2357,0.8037,2.5268,4.0898,7.3906
2017-10-25,1,4534,27.4,1,104.8,3739.8,318.8,187.8,136.4,3840.3,35077,273.8,2721,0.8184,2.3947,4.6761,7.897
2017-10-26,1,4292,25.1,2,110.3,3931.6,283.1,211.7,126.7,3594.8,34857,258.1,2147,0.86,2.554,3.7785,7.1996
2017-10-27,1,4380,26.0,1,103.5,3186.8,302.5,190.9,137.7,3536.4,37047,284.1,2842,0.8297,2.019,4.8263,7.6558
2017-10-28,1,1358,30.2,0,109.7,2736.8,263.4,142.7,92.7,1804.3,22531,154.1,811,0.5966,1.7314,1.5091,3.8342
2017-10-29,1,1338,27.5,0,108.3,1953.8,306.8,103.2,86.4,1916.2,23959,158.4,715,0.4762,1.1529,1.3809,2.9817
2017-10-30,1,4135,24.7,1,111.2,3627.2,310.3,205.2,107.0,3444.3,33749,250.9,2446,0.7971,2.3218,4.2053,7.3178
2017-10-31,1,4353,27.4,1,107.8,3182.5,341.5,175.6,130.9,3195.9,37095,262.9,2418,0.773,1.9887,4.1399,6.9385
2017-11-01,3,5063,26.3,2,108.2,4273.9,355.5,208.2,137.3,4425.7,41412,311.8,3154,0.8751,2.7429,5.4148,9.8087
2017-11-02,3,5336,34.1,2,109.5,4980.9,359.9,272.3,124.1,4460.4,38681,320.9,3141,1.0164,3.2347,5.4028,10.4209
2017-11-03,3,5412,27.0,1,106.0,3814.9,336.5,252.8,148.7,4429.5,42052,324.5,3456,1.021,2.4349,5.8742,10.0873
2017-11-04,3,1735,25.4,0,105.9,2458.5,309.4,192.7,114.8,1799.2,23748,164.9,1242,0.7816,1.5044,2.1602,4.8117
2017-11-05,3,1618,29.2,0,109.4,2727.7,327.3,179.1,84.5,2029.5,22646,176.3,1222,0.6752,1.6803,2.1627,4.8366
2017-11-06,3,5298,21.9,2,107.9,4566.0,323.0,233.3,127.7,4207.2,40383,322.8,3590,0.9202,2.9701,6.0472,10.7038
2017-11-07,3,5161,26.1,0,106.8,3382.5,280.9,226.7,125.5,4060.9,45911,337.9,3099,0.8975,2.1711,5.3016,8.9819
2017-11-08,3,5385,30.1,2,107.8,4754.7,342.2,254.1,114.4,4394.1,43213,351.7,3350,0.9453,3.0888,5.7235,10.5494
2017-11-09,3,4887,25.4,1,112.8,3665.3,345.6,252.9,163.7,4013.5,42231,316.3,2787,1.0559,2.3238,4.8171,8.9012
2017-11-10,3,5156,21.7,1,106.7,4033.0,329.3,231.3,130.1,4192.1,41950,339.8,3339,0.9204,2.5926,5.677,9.9519
2017-11-11,1,1010,24.5,0,106.6,2218.6,253.8,173.8,74.2,1659.3,22612,104.1,583,0.6372,1.3754,1.1272,3.1409
2017-11-12,1,1099,28.4,0,102.9,2097.7,311.7,125.4,71.3,1627.4,24228,117.8,641,0.5008,1.2502,1.2171,2.9656
2017-11-13,1,4521,26.0,0,107.9,2727.9,340.5,160.7,123.4,3613.8,35837,280.7,2594,0.7157,1.6712,4.4617,6.8398
2017-11-14,1,4437,23.2,1,110.0,3414.0,321.5,152.0,117.8,3538.9,37482,277.3,2469,0.6795,2.1648,4.2642,7.1349
2017-11-15,1,4146,23.4,1,110.5,3315.5,311.3,147.5,146.3,3388.6,37532,278.7,2854,0.7333,2.1029,4.8243,7.6659
2017-11-16,1,4005,23.5,0,108.3,2398.1,283.7,173.0,104.3,3338.6,36080,243.2,2330,0.7046,1.4801,4.0159,6.2021
2017-11-17,1,3742,25.4,0,110.9,2851.4,290.0,172.3,96.8,3325.2,35953,236.9,2224,0.6854,1.793,3.8524,6.3032
2017-11-18,1,1270,27.5,0,110.2,2098.0,328.2,147.9,98.5,1499.7,23663,131.1,532,0.6239,1.2389,1.0441,2.9219
2017-11-19,1,1804,26.7,0,111.3,2699.4,322.2,141.8,95.0,2281.0,28623,150.0,1206,0.5995,1.664,2.1588,4.4186
2017-11-20,1,4354,25.3,1,111.0,3443.6,321.6,206.9,123.9,3704.7,35912,258.4,2503,0.8407,2.1854,4.3261,7.3621
2017-11-21,1,4175,21.3,1,112.7,2935.9,371.6,186.1,133.5,2995.7,39347,257.2,2502,0.8071,1.795,4.24,6.8671
2017-11-22,1,4359,21.2,1,107.5,3135.0,287.2,188.8,129.4,3617.9,37340,268.2,2691,0.8049,1.9935,4.6025,7.36
2017-11-23,1,3995,25.2,1,104.0,3069.8,300.2,169.2,122.2,3564.2,34088,272.1,2298,0.7357,1.9387,4.0074,6.6744
2017-11-24,1,4222,20.9,2,110.0,3802.6,369.7,217.3,104.6,3587.6,33610,252.7,2327,0.824,2.403,4.0448,7.2608
2017-11-25,1,1386,23.3,0,110.3,2015.7,321.2,101.3,66.6,1685.1,22367,147.2,385,0.4253,1.1861,0.8527,2.4509
2017-11-26,1,1353,24.3,1,112.7,2283.4,338.5,141.0,80.7,1727.9,21956,151.2,715,0.5643,1.3614,1.3545,3.2523
2017-11-27,1,4418,21.1,1,111.8,2923.6,330.6,185.5,111.8,3671.3,36396,267.7,2440,0.7554,1.8151,4.2319,6.7842
2017-11-28,1,4338,21.2,1,113.8,3410.5,359.4,205.3,131.1,3728.1,33926,273.3,2310,0.853,2.1358,4.0455,7.0069
2017-11-29,1,4396,23.2,1,109.9,3355.5,279.4,188.7,100.8,3370.8,38790,279.7,2811,0.7386,2.1533,4.7585,7.671
2017-11-30,1,4152,24.4,1,108.7,3252.4,322.9,184.9,118.1,3365.3,35638,266.8,2585,0.7683,2.0506,4.4121,7.2405
2017-12-01,0,931,25.5,0,103.8,2092.0,315.4,120.9,83.6,1772.2,22036,117.9,211,0.5171,1.2436,0.5888,1.9344
2017-12-02,0,539,24.4,0,108.9,1713.1,305.4,150.4,80.9,1240.1,18166,91.1,340,0.59,0.9854,0.7053,1.8219
2017-12-03,0,80,23.2,1,106.3,2336.2,331.9,111.5,81.9,1224.6,16952,86.5,50,0.488,1.403,0.266,1.8174
2017-12-04,0,610,21.3,0,108.6,2550.3,350.9,164.3,77.4,1815.6,16565,98.0,420,0.6191,1.5396,0.8969,2.4954
2017-12-05,0,1010,20.5,0,108.2,2287.7,342.3,134.2,77.1,1437.6,25154,120.8,442,0.5378,1.3618,0.8974,2.3371
2017-12-06,0,735,21.6,0,109.4,1844.1,380.1,123.7,102.5,1140.2,18535,110.2,329,0.5683,1.0248,0.6855,1.8872
2017-12-07,0,1022,23.5,0,107.7,1849.0,320.5,125.2,82.5,1485.8,19877,131.3,766,0.5261,1.07,1.3923,2.4447
2017-12-08,0,690,23.3,1,110.8,1685.0,354.4,134.8,104.6,1525.6,23442,129.2,548,0.6029,0.9314,1.0702,2.1868
2017-12-09,0,508,17.9,0,99.8,2144.7,320.8,106.2,76.2,1438.0,20831,89.0,566,0.4606,1.2767,1.0679,2.3145
2017-12-10,0,270,20.7,1,108.6,2536.6,331.4,118.1,78.0,1476.4,19351,87.8,118,0.4967,1.5436,0.3995,1.9949
2017-12-11,0,816,25.0,0,111.6,1796.3,376.0,124.9,82.7,1399.3,22040,93.9,211,0.5258,0.9942,0.5333,1.6739
2017-12-12,0,1051,22.4,0,113.6,1619.5,362.3,136.1,91.1,1639.5,24131,140.1,775,0.5752,0.88,1.4295,2.3913
2017-12-13,0,704,19.1,0,110.2,1611.6,315.5,130.4,77.2,1208.4,21137,107.2,575,0.5278,0.9073,1.0621,2.0343
2017-12-14,0,600,27.3,1,113.1,2788.0,374.6,129.6,83.6,820.7,17742,98.4,461,0.5404,1.6894,0.8396,2.5075
2017-12-15,0,689,22.0,0,108.5,1885.2,330.1,124.5,106.2,1320.0,22214,106.6,266,0.579,1.0886,0.612,1.8543
2017-12-16,0,328,22.8,1,108.0,2525.3,334.1,150.4,94.7,895.7,20138,91.0,50,0.6218,1.5338,0.2295,1.9369
2017-12-17,0,80,22.8,1,109.6,2310.9,342.2,120.7,91.8,1065.4,20445,69.8,143,0.5355,1.3781,0.3799,1.8633
2017-12-18,0,884,21.0,0,108.0,2204.7,363.0,183.2,65.5,1109.4,19464,129.0,353,0.6423,1.2892,0.7265,2.2239
2017-12-19,0,673,20.2,0,105.7,2000.9,365.4,123.2,65.4,1184.2,19514,113.0,335,0.4813,1.1448,0.7013,1.9337
2017-12-20,0,976,26.4,1,106.5,2871.0,338.3,148.7,90.0,1553.3,22805,128.3,1089,0.6064,1.7729,1.8845,3.5022
2017-12-21,0,339,23.9,0,104.7,1284.7,332.3,100.1,90.6,1177.2,17724,82.1,580,0.4776,0.6667,1.0535,1.7885
2017-12-22,0,628,23.4,0,109.6,1573.5,303.6,152.1,74.7,1280.8,16402,94.5,507,0.5802,0.8889,0.9616,1.9794
2017-12-23,0,80,22.8,0,108.0,1673.7,333.2,95.9,65.5,1285.7,18691,77.2,50,0.4083,0.9383,0.2696,1.3162
2017-12-24,0,98,19.3,0,106.9,2053.2,325.0,121.8,97.1,1243.3,20023,89.0,50,0.5507,1.2097,0.2703,1.7099
2017-12-25,0,814,24.3,0,106.3,2426.2,355.9,118.8,95.1,1281.5,21187,117.7,601,0.5381,1.4492,1.1146,2.5508
2017-12-26,0,737,19.6,0,109.5,1876.8,357.3,133.2,99.7,1646.6,22082,98.8,697,0.5873,1.0636,1.2942,2.4337
2017-12-27,0,724,22.0,0,110.3,1757.5,341.3,117.9,77.1,1666.1,21767,115.6,328,0.4941,0.9913,0.7505,1.8384
2017-12-28,0,741,17.7,0,104.6,1412.1,350.3,106.0,76.1,1337.1,21131,96.7,348,0.4599,0.7433,0.7323,1.5649
2017-12-29,0,806,16.8,1,104.1,2679.9,344.5,118.5,98.9,1407.9,21630,103.3,483,0.546,1.6348,0.9464,2.5669
2017-12-30,0,80,22.0,0,110.9,1625.4,306.8,145.4,72.0,940.5,20764,80.5,50,0.556,0.923,0.2303,1.3748
2017-12-31,0,374,19.4,0,103.9,2605.2,376.0,127.0,70.3,1015.8,17835,77.8,50,0.5028,1.5604,0.2373,1.9163
2018-01-01,0,902,16.8,1,137.6,2285.2,488.9,97.9,72.1,1361.0,23180,104.0,311,0.4289,1.2574,0.6836,1.9246
2018-01-02,0,853,22.4,0,140.9,2493.6,470.7,149.5,77.6,1666.3,19457,132.0,593,0.5799,1.416,1.1547,2.5692
2018-01-03,0,883,25.8,0,140.9,2239.7,487.4,106.3,98.7,1526.2,20278,131.1,561,0.5129,1.2266,1.0897,2.3403
2018-01-04,0,837,24.2,0,138.2,1675.2,463.2,141.4,62.4,1319.2,23668,140.1,690,0.5231,0.8484,1.2634,2.1432
2018-01-05,0,1150,20.5,0,138.1,2074.9,432.8,142.9,98.2,1446.3,20652,132.2,354,0.6098,1.1495,0.7702,2.0687
2018-01-06,0,235,21.1,0,142.8,2004.6,545.2,127.8,67.2,909.2,18552,93.3,50,0.4977,1.0216,0.2317,1.3699
2018-01-07,0,195,23.0,0,129.0,1736.3,464.2,154.3,74.2,991.4,23069,81.9,195,0.5849,0.8905,0.4552,1.5751
2018-01-08,0,648,23.5,0,134.6,2116.9,490.2,103.4,80.6,1466.1,22568,100.0,219,0.4633,1.1387,0.5562,1.7846
2018-01-09,0,597,20.3,0,138.5,2099.5,475.1,134.2,78.9,1115.3,19180,112.3,202,0.5419,1.1371,0.4931,1.7655
2018-01-10,0,559,21.1,1,135.0,2553.6,500.2,147.8,77.4,1408.9,19329,116.5,507,0.5749,1.4374,0.9878,2.474
2018-01-11,0,623,21.7,0,139.7,1889.0,456.2,107.1,75.8,1321.7,20310,112.5,262,0.4621,1.003,0.6083,1.6998
2018-01-12,0,770,22.2,0,135.9,1621.6,473.0,107.5,75.7,1403.1,23595,99.6,368,0.463,0.804,0.7723,1.6994
2018-01-13,0,311,20.7,0,136.4,1801.6,501.4,109.3,98.5,1277.5,17503,93.7,135,0.5205,0.9101,0.4032,1.4854
2018-01-14,0,260,20.7,0,135.2,1855.6,465.0,121.8,78.5,1213.0,17180,77.5,117,0.5078,0.9734,0.3611,1.5046
2018-01-15,0,645,24.0,1,134.4,1930.6,502.6,90.6,80.9,1047.1,21993,100.1,497,0.4297,0.9996,0.9228,1.892
2018-01-16,0,945,23.7,1,134.4,2531.4,489.5,139.1,76.7,1290.8,18943,137.2,330,0.55,1.4293,0.7173,2.2089
2018-01-17,0,916,22.1,0,136.8,1935.5,497.8,95.5,79.9,1426.6,20207,101.8,497,0.4405,1.0064,0.9686,1.9701
2018-01-18,0,754,24.8,0,133.7,1586.3,465.4,152.0,74.4,1431.6,21014,135.0,647,0.5792,0.7846,1.2093,2.134
2018-01-19,0,666,20.2,0,138.9,1816.6,514.4,133.3,94.5,1558.5,20736,111.6,770,0.5755,0.9115,1.3985,2.3505
2018-01-20,0,349,24.6,0,138.0,1749.2,551.5,158.4,67.9,1128.1,17009,85.1,50,0.5814,0.8384,0.2538,1.3617
2018-01-21,0,284,22.3,0,139.3,2317.1,514.4,129.8,44.7,1382.7,19830,88.6,224,0.4511,1.2619,0.5477,1.8369
2018-01-22,0,523,28.3,0,132.6,2307.0,501.4,112.7,82.2,1097.1,21193,90.3,269,0.4919,1.2639,0.5821,1.9178
2018-01-23,0,771,18.5,0,130.9,2196.7,500.9,106.3,80.1,1281.3,20046,103.1,429,0.4699,1.1871,0.8497,2.1052
2018-01-24,0,830,19.6,0,136.0,1910.3,475.6,130.2,76.2,1359.6,24475,113.2,339,0.525,1.0043,0.7299,1.7651
2018-01-25,0,621,22.1,1,144.7,1925.6,535.4,120.5,96.1,1137.9,21219,99.0,496,0.5449,0.9731,0.9315,2.0074
2018-01-26,0,817,22.1,0,139.8,2112.7,518.5,150.8,43.8,1615.2,19623,100.6,601,0.5053,1.1159,1.1465,2.2989
2018-01-27,0,80,25.5,0,134.3,1654.8,451.0,91.0,99.6,451.0,21253,75.9,501,0.474,0.8427,0.8462,1.7606
2018-01-28,0,491,19.8,1,137.3,2295.7,537.2,163.3,96.7,1113.8,19120,81.3,50,0.661,1.2309,0.251,1.7704
2018-01-29,0,1008,23.3,0,138.2,1708.1,499.7,156.2,77.7,1731.6,22556,105.1,270,0.5981,0.8459,0.6669,1.7603
2018-01-30,0,738,23.9,0,131.9,1938.7,518.2,118.8,77.1,1301.3,20223,92.8,798,0.4965,0.9944,1.401,2.3644
2018-01-31,0,849,22.9,0,140.1,2222.2,515.6,164.8,92.8,1619.5,22689,133.3,483,0.656,1.1946,0.9856,2.3094
2018-02-01,1,3917,19.3,1,135.5,3413.4,570.1,163.3,130.0,3724.1,33585,256.1,2190,0.7379,1.9903,3.8572,6.6089
2018-02-02,1,4143,24.5,2,135.7,4155.3,515.0,189.1,115.2,3483.1,34643,268.6,2437,0.7729,2.5482,4.2047,7.5382
2018-02-03,1,1340,24.2,0,136.1,2507.5,573.6,106.0,66.8,1941.2,23340,135.4,526,0.4384,1.3537,1.0899,2.8804
2018-02-04,1,1199,22.9,0,139.4,1493.8,536.2,172.2,121.1,2078.8,22132,135.0,763,0.7412,0.6703,1.4613,2.8882
2018-02-05,1,4480,22.0,1,133.7,2990.1,519.1,154.4,143.1,3750.0,38745,290.7,2584,0.7444,1.7297,4.4684,6.9665
2018-02-06,1,4711,22.1,1,130.9,2883.4,550.7,163.1,133.9,3812.2,35522,291.9,2926,0.7464,1.6329,4.9885,7.3665
2018-02-07,1,4139,21.5,0,137.0,2866.3,514.6,170.5,127.3,3628.6,35317,280.9,2555,0.751,1.6462,4.4049,6.8098
2018-02-08,1,4200,23.2,1,129.9,3055.8,512.9,214.7,134.7,3717.2,35801,263.6,2605,0.8866,1.78,4.4829,7.1626
2018-02-09,1,4394,21.9,1,135.1,3153.4,547.7,210.1,138.8,3617.3,36230,279.9,2583,0.8837,1.824,4.4454,7.1415
2018-02-10,1,1682,20.0,0,139.6,2080.5,564.2,143.0,63.9,1855.7,26807,159.1,1264,0.5308,1.0614,2.1983,3.8203
2018-02-11,1,1172,19.6,0,137.7,2119.0,549.7,153.5,83.8,1935.8,20215,116.6,783,0.605,1.0985,1.4653,3.143
2018-02-12,1,4396,20.3,1,139.1,2894.9,554.0,186.6,120.9,3576.8,37485,273.3,2454,0.7794,1.6386,4.2444,6.6592
2018-02-13,1,4679,22.6,2,137.9,3538.9,574.8,203.5,128.7,4015.9,35411,263.5,2568,0.8427,2.0749,4.4631,7.3998
2018-02-14,1,4054,22.1,1,143.2,3202.8,581.5,219.3,135.2,3460.8,34111,255.9,2226,0.9,1.8349,3.8797,6.5882
2018-02-15,1,4121,22.7,1,134.2,3529.5,566.9,178.8,97.6,3783.9,32882,257.1,2496,0.7046,2.0738,4.3236,7.1239
2018-02-16,1,4275,23.4,1,137.2,3246.6,566.8,170.1,106.1,3397.7,35357,263.3,2240,0.701,1.8759,3.8968,6.4784
2018-02-17,1,1299,21.0,1,134.7,2362.9,565.1,143.7,80.4,1552.2,22415,128.6,781,0.5708,1.2585,1.4224,3.2848
2018-02-18,1,1539,25.7,1,138.9,2145.9,596.3,154.0,95.8,2008.0,27413,150.4,743,0.634,1.0847,1.4314,3.1654
2018-02-19,1,4395,21.9,1,135.8,3528.5,549.5,191.5,140.2,3421.4,36893,262.1,2324,0.8371,2.0853,4.0256,6.9439
2018-02-20,1,4032,21.6,1,141.2,3006.0,609.1,204.7,147.9,3420.8,35726,278.8,2142,0.8902,1.6778,3.7597,6.3335
2018-02-21,1,4444,23.7,2,134.4,3513.8,551.5,185.6,124.0,3934.0,34671,281.8,2573,0.7838,2.0736,4.4688,7.3329
2018-02-22,1,4247,18.7,2,140.2,3320.8,546.4,189.3,138.4,3211.9,37170,256.5,2601,0.827,1.9421,4.4135,7.2332
2018-02-23,1,4581,21.1,1,137.8,2949.5,565.2,200.7,140.6,3812.6,40189,288.9,2535,0.8627,1.669,4.4021,6.9359
2018-02-24,1,1279,25.1,0,135.9,1805.8,549.3,139.3,98.5,1911.1,24938,144.5,368,0.6009,0.8796,0.8538,2.3308
2018-02-25,1,1278,19.2,1,137.6,2501.8,585.8,168.5,90.0,1687.7,21006,136.9,1309,0.6595,1.3412,2.2339,4.2297
2018-02-26,1,4449,25.6,1,136.8,3048.0,567.8,198.2,122.4,3491.5,35850,263.1,2782,0.8139,1.7361,4.7211,7.2759
2018-02-27,1,4489,26.5,1,137.1,3523.3,581.3,184.1,112.9,3635.9,37049,303.9,2771,0.7542,2.0594,4.7407,7.5259
2018-02-28,1,4432,22.5,1,135.4,3225.3,598.2,201.4,111.2,3496.9,35576,282.1,2864,0.7966,1.839,4.8532,7.4793
2018-03-01,1,4048,24.0,0,133.9,3258.8,605.4,205.1,128.8,3422.2,39561,242.2,2364,0.8472,1.8574,4.0775,6.7568
2018-03-02,1,4448,26.0,1,135.0,2964.9,582.1,207.1,127.6,3608.0,35814,277.7,2556,0.8498,1.668,4.4027,6.8984
2018-03-03,1,1206,22.6,1,131.0,2589.4,586.6,147.5,83.2,1555.3,22987,126.6,944,0.5875,1.402,1.6665,3.6761
2018-03-04,1,1435,25.6,0,138.5,2194.3,588.9,102.9,102.2,1873.6,22947,139.7,1075,0.5119,1.1238,1.9071,3.5434
2018-03-05,1,4095,22.3,2,132.3,3463.9,529.4,128.9,121.1,3723.1,35616,245.0,2486,0.6252,2.0542,4.2967,6.9575
2018-03-06,1,4432,22.9,1,135.3,3314.1,553.6,217.8,114.5,3706.8,39103,275.1,2729,0.8482,1.9324,4.6738,7.4506
2018-03-07,1,4206,22.3,2,137.9,3957.5,591.2,195.4,121.5,3749.6,35872,254.3,2217,0.8043,2.3564,3.9006,7.0552
2018-03-08,1,4120,24.9,1,138.5,3242.7,620.3,183.7,136.7,3738.6,34910,256.2,2343,0.8081,1.8357,4.0889,6.734
2018-03-09,1,4480,26.8,0,130.7,3347.4,563.4,205.9,113.4,3572.0,34883,281.2,2905,0.8138,1.9488,4.9231,7.648
2018-03-10,1,1436,24.0,0,135.7,1514.1,621.2,178.2,95.4,1839.8,26207,133.9,978,0.698,0.625,1.7559,3.0516
2018-03-11,1,1282,21.7,0,137.4,1825.9,646.4,164.2,89.6,1618.3,23126,129.2,480,0.647,0.8256,0.9793,2.4159
2018-03-12,1,4612,22.2,1,136.2,3714.3,574.8,214.2,118.9,3492.7,37034,292.4,2579,0.8487,2.1976,4.4303,7.4542
2018-03-13,1,4272,25.6,2,140.0,4078.7,668.4,167.4,121.9,3612.7,31732,256.6,2755,0.7302,2.3872,4.691,7.7904
2018-03-14,1,4357,28.9,2,133.5,4381.1,547.4,171.8,103.7,3412.0,36070,263.3,2609,0.7,2.6836,4.4522,7.8099
2018-03-15,2,4835,25.8,1,129.9,3974.7,620.1,144.5,134.7,3984.9,37585,277.5,2837,0.6984,2.3482,4.8698,8.2522
2018-03-16,2,4675,24.2,2,138.4,3546.9,612.2,208.1,110.6,3518.4,34348,275.5,2750,0.8132,2.0543,4.6815,7.8969
2018-03-17,2,1616,26.9,0,134.4,2727.0,590.9,163.5,110.5,1932.7,26569,149.3,922,0.6934,1.4953,1.6901,4.0546
2018-03-18,2,1436,24.8,1,130.7,3057.0,581.5,162.0,90.9,1507.6,23068,147.3,739,0.6441,1.7328,1.3626,3.8751
2018-03-19,2,4712,24.6,2,135.5,3882.5,584.5,209.7,123.0,3942.7,41202,277.4,2583,0.8461,2.3086,4.4848,7.9504
2018-03-20,2,5032,23.4,1,139.7,4291.0,662.3,197.2,152.8,3949.0,41680,308.8,3100,0.8815,2.5401,5.2753,9.0431
2018-03-21,2,4599,28.8,2,132.2,4515.8,575.2,180.4,114.7,3663.2,36020,283.2,2710,0.7484,2.7584,4.6428,8.4604
2018-03-22,2,4352,20.2,2,143.0,3400.8,628.3,170.2,116.0,3801.0,38743,254.2,2651,0.7241,1.9407,4.5586,7.5455
2018-03-23,2,5076,27.7,2,133.5,4547.1,566.5,197.8,108.5,3989.2,42218,305.5,3042,0.7807,2.7864,5.1918,9.1595
2018-03-24,2,1991,25.0,1,136.3,2720.8,596.7,124.3,118.5,2154.4,25356,178.9,1408,0.6069,1.4869,2.4586,4.6977
2018-03-25,2,1459,25.3,1,132.3,3123.0,580.6,174.9,120.6,1768.8,22269,117.9,928,0.7473,1.7797,1.664,4.3946
2018-03-26,2,4438,30.0,2,136.1,4708.2,597.4,161.2,103.2,3742.9,32760,298.8,2722,0.6704,2.8776,4.6764,8.5386
2018-03-27,2,4730,24.9,1,135.6,3382.4,611.1,190.8,119.5,4020.3,38551,280.5,2774,0.7874,1.9399,4.7812,7.8023
2018-03-28,2,4735,25.1,2,131.5,4461.2,570.2,152.6,132.9,3986.1,36135,268.3,2576,0.716,2.7237,4.4739,8.2372
2018-03-29,2,4752,26.4,2,144.5,4468.2,698.2,202.1,124.3,3762.2,38697,290.5,2716,0.8288,2.639,4.6678,8.4997
2018-03-30,2,4586,27.7,2,134.5,4120.0,610.1,192.5,129.6,3960.9,36239,291.3,2766,0.8153,2.4569,4.7663,8.367
2018-03-31,2,1636,26.0,1,134.5,2901.7,624.4,131.6,92.9,1749.4,23468,145.3,1071,0.5673,1.5941,1.8889,4.2226
2018-04-01,1,1487,23.6,0,138.9,2226.4,657.8,116.2,99.0,1688.3,23235,145.7,1124,0.5401,1.098,1.9611,3.6206
2018-04-02,1,4082,25.3,1,141.4,3148.7,699.4,183.5,109.6,3407.8,32805,284.1,2285,0.745,1.7145,3.9741,6.4589
2018-04-03,1,4477,30.2,1,139.4,3810.8,663.3,178.6,131.6,3864.2,35792,278.9,2637,0.7826,2.2032,4.5554,7.5541
2018-04-04,1,4721,27.7,1,132.4,3675.9,603.2,192.0,114.9,3616.4,36502,323.2,2715,0.78,2.1509,4.6629,7.6192
2018-04-05,1,4382,28.6,2,136.6,3934.8,602.8,231.9,121.4,3777.3,36379,287.4,2834,0.9019,2.3324,4.8445,8.0639
2018-04-06,1,4290,27.2,2,130.4,3449.2,610.4,191.0,100.4,3549.9,36206,268.7,2556,0.7438,1.9872,4.3918,7.0794
2018-04-07,1,1367,26.5,0,138.7,2299.1,667.7,146.3,85.3,1669.5,21813,140.0,864,0.5891,1.142,1.5659,3.3426
2018-04-08,1,1503,31.7,0,131.1,2349.1,610.4,126.8,84.4,2029.5,26294,138.8,865,0.5348,1.2171,1.6114,3.3373
2018-04-09,1,4040,27.8,0,133.6,2743.0,620.8,165.5,137.6,3260.3,34681,259.8,2303,0.7614,1.4855,3.9731,6.2066
2018-04-10,1,4381,27.3,2,136.0,3601.5,636.4,188.4,126.7,4027.6,39105,278.9,2280,0.7976,2.0756,4.0405,6.9054
2018-04-11,1,4281,30.9,1,137.3,3504.5,591.1,242.1,128.2,3522.4,36414,262.8,2256,0.945,2.0394,3.9359,6.9076
2018-04-12,1,4684,27.0,1,135.2,3688.2,632.4,188.0,130.9,3831.1,37797,269.2,2749,0.8062,2.1391,4.7157,7.6428
2018-04-13,1,4320,27.4,1,140.6,3481.8,672.9,195.7,94.9,3856.1,35260,285.3,2515,0.7437,1.9662,4.3742,7.0957
2018-04-14,1,1693,28.9,0,138.2,2520.7,642.9,122.2,65.4,1981.3,26217,162.9,1015,0.4786,1.3145,1.8414,3.6463
2018-04-15,2,1333,29.0,1,137.9,2874.5,671.4,73.4,86.2,1940.5,23659,118.0,943,0.3958,1.5422,1.7076,3.8069
2018-04-16,2,4892,29.7,2,132.3,4465.1,646.6,180.7,137.9,3581.5,40092,297.2,2854,0.8028,2.673,4.8565,8.6795
2018-04-17,2,4844,33.9,2,141.1,5205.5,646.7,249.6,129.6,3823.6,41233,305.3,2747,0.9683,3.1912,4.7291,9.2337
2018-04-18,2,4630,30.2,2,133.6,4619.4,635.8,206.4,117.6,3842.0,36138,294.4,2648,0.8248,2.7885,4.5764,8.5068
2018-04-19,2,4818,24.3,2,141.2,4292.0,661.9,232.8,129.2,4081.8,39340,283.5,2838,0.9224,2.5411,4.8862,8.7116
2018-04-20,2,5005,30.4,1,142.1,4473.1,614.7,192.4,130.2,4141.6,40074,312.0,2834,0.8164,2.7009,4.9004,8.7414
2018-04-21,2,1473,29.9,1,137.5,3286.7,639.6,84.7,104.4,1934.9,25011,141.5,1046,0.4682,1.853,1.8724,4.3477
2018-04-22,2,1227,30.1,1,139.1,2837.1,626.4,107.7,100.6,1851.7,22374,134.9,710,0.521,1.5475,1.3546,3.5833
2018-04-23,2,4783,30.6,2,126.8,4517.4,598.1,204.8,124.1,3951.0,37345,279.2,2819,0.8355,2.7435,4.8395,8.7548
2018-04-24,2,4624,30.2,2,135.4,4606.1,652.5,198.5,129.7,3381.1,36370,232.0,2535,0.8316,2.7675,4.3235,8.2269
2018-04-25,2,4725,30.3,2,139.3,4464.4,648.5,194.8,135.8,4089.1,36758,278.3,2932,0.8358,2.6711,5.025,8.8607
2018-04-26,2,4772,31.9,2,138.8,4586.9,629.3,184.2,138.6,3707.9,36530,296.2,3027,0.8138,2.7703,5.1297,9.0905
2018-04-27,2,4479,29.4,2,132.3,4524.3,627.3,211.3,153.5,3733.4,36624,274.1,2352,0.9209,2.7279,4.1103,8.0841
2018-04-28,2,1241,28.7,1,135.1,3792.8,695.9,121.3,89.5,1702.0,21848,138.6,792,0.5318,2.1678,1.4612,4.3332
2018-04-29,2,1618,37.6,1,128.4,4144.2,549.1,145.9,111.9,1911.7,25580,161.1,919,0.6495,2.5166,1.6881,5.0192
2018-04-30,2,4692,29.5,2,137.2,4565.9,650.6,198.8,113.9,3610.0,37809,282.2,2772,0.7959,2.7407,4.7295,8.6028
2018-05-01,0,322,31.4,0,130.4,2218.9,599.3,107.7,69.3,750.7,19657,84.3,268,0.4487,1.1337,0.5359,1.7317
2018-05-02,0,924,28.0,1,139.4,3150.8,644.5,107.2,54.1,1292.5,21389,90.3,134,0.4123,1.7544,0.4032,2.0844
2018-05-03,0,832,31.7,0,139.5,2939.3,653.0,115.6,87.3,1564.6,21618,93.9,619,0.5115,1.6004,1.165,2.672
2018-05-04,0,655,29.5,0,134.6,2627.6,623.9,163.0,92.6,1045.7,20306,88.4,580,0.6507,1.4026,1.0414,2.5551
2018-05-05,0,80,30.7,0,137.6,2777.4,661.5,135.9,37.6,791.1,19739,85.3,267,0.4511,1.4811,0.5397,2.058
2018-05-06,0,401,34.1,0,135.3,2777.6,629.5,139.7,82.6,1223.9,18888,89.2,63,0.5652,1.5037,0.2872,1.9055
2018-05-07,0,846,33.0,1,136.7,3306.0,587.9,107.9,94.2,1239.6,22229,106.7,485,0.5068,1.9027,0.9309,2.7158
2018-05-08,0,1212,33.3,0,132.6,3427.8,654.4,100.2,97.8,1553.7,20739,121.8,606,0.4945,1.9414,1.1565,2.963
2018-05-09,0,859,28.3,0,137.9,2491.6,675.3,149.6,67.4,1447.3,22890,104.3,153,0.5566,1.2714,0.457,1.8635
2018-05-10,0,853,36.4,1,131.1,3200.2,599.7,145.3,96.8,1479.7,20576,124.5,383,0.613,1.8204,0.8143,2.6769
2018-05-11,0,753,29.8,0,130.5,2593.4,613.0,126.6,84.2,1178.4,19521,110.0,242,0.5338,1.3863,0.5598,2.0229
2018-05-12,0,398,35.9,0,135.6,2943.8,665.7,109.0,88.6,1172.1,17622,104.8,291,0.4968,1.5947,0.6296,2.2457
2018-05-13,0,363,35.0,0,135.4,3217.0,659.8,84.3,77.5,1196.9,17332,65.0,50,0.4049,1.79,0.2531,1.9731
2018-05-14,0,1009,34.1,0,136.8,3134.7,674.0,147.2,92.8,1296.4,21371,126.8,409,0.6089,1.7225,0.8325,2.6081
2018-05-15,0,689,31.1,1,134.1,2677.4,636.3,148.5,99.9,1365.9,23591,100.2,306,0.6287,1.4288,0.6751,2.1882
2018-05-16,0,705,33.4,0,141.7,2948.0,681.2,107.7,80.4,1208.1,19803,103.3,548,0.4744,1.5868,1.0194,2.5492
2018-05-17,0,697,32.1,0,136.5,2781.6,672.3,105.8,87.6,1354.4,16951,122.6,904,0.4859,1.4765,1.5788,2.9029
2018-05-18,0,926,33.4,0,136.7,3023.5,628.9,154.0,104.9,1604.3,22547,112.0,592,0.655,1.6762,1.1377,2.8556
2018-05-19,0,520,32.9,1,136.6,3447.7,647.4,105.2,79.2,1190.7,18178,104.3,116,0.4649,1.9602,0.3693,2.2973
2018-05-20,0,168,29.0,0,139.0,2637.6,593.2,152.2,60.1,1168.6,20172,70.3,50,0.5467,1.4311,0.2529,1.7865
2018-05-21,0,707,36.1,0,137.7,3296.7,600.7,120.3,93.6,1480.7,20211,107.2,529,0.5386,1.8872,1.0255,2.8642
2018-05-22,0,840,33.6,0,137.3,2938.2,650.1,116.6,106.6,1584.2,21035,93.7,245,0.5587,1.6017,0.6061,2.2769
2018-05-23,0,739,32.8,0,138.2,3115.4,657.3,124.3,103.2,1430.7,23259,107.6,626,0.5715,1.7207,1.1661,2.8547
2018-05-24,0,955,32.7,0,130.5,3438.3,594.8,118.7,97.2,1690.2,23123,122.6,603,0.5426,1.9904,1.1694,3.0161
2018-05-25,0,378,34.9,0,130.6,3213.4,589.0,141.6,44.4,1203.7,17344,105.3,197,0.4821,1.8371,0.4925,2.3116
2018-05-26,0,102,32.2,0,135.8,2655.1,618.5,131.3,66.7,663.1,16450,69.8,50,0.506,1.4256,0.1909,1.7077
2018-05-27,0,110,29.3,0,135.4,2382.3,629.5,135.9,67.6,825.6,15252,73.6,229,0.5204,1.227,0.4803,1.8304
2018-05-28,0,366,35.3,0,137.7,3085.3,576.5,120.6,80.1,1088.9,24223,83.7,75,0.5082,1.7562,0.2881,2.0696
2018-05-29,0,610,35.6,0,136.1,3114.1,637.7,110.9,107.6,1262.5,19009,99.4,381,0.5458,1.7335,0.7734,2.6284
2018-05-30,0,618,34.2,0,137.7,3513.1,633.2,120.9,66.2,1347.6,22701,91.2,330,0.4769,2.0159,0.7046,2.637
2018-05-31,0,747,32.2,0,132.3,2555.1,612.8,114.1,117.6,1217.9,20179,82.7,148,0.5774,1.3596,0.4114,1.959
2018-06-01,0,984,35.0,0,136.0,3426.6,619.4,160.0,81.1,1871.6,20189,106.8,529,0.6161,1.965,1.0722,2.9895
2018-06-02,0,207,31.7,0,132.0,2535.4,568.6,135.8,66.0,1009.9,18908,83.7,50,0.5164,1.3768,0.2395,1.7588
2018-06-03,0,80,32.7,0,137.2,2269.0,598.4,109.4,88.6,948.2,17748,76.8,50,0.4979,1.1694,0.2287,1.5773
2018-06-04,0,773,33.4,0,130.4,2844.8,631.8,103.5,98.1,1258.5,22690,116.4,526,0.504,1.5491,0.9992,2.4761
2018-06-05,0,972,37.0,0,137.0,3211.4,606.5,161.4,96.4,1322.0,23548,128.8,690,0.6552,1.8234,1.2587,3.0478
2018-06-06,0,608,34.4,0,131.6,3121.0,617.1,124.0,70.8,1254.2,19491,97.0,349,0.4959,1.7527,0.7235,2.4614
2018-06-07,0,619,34.3,1,134.8,3505.6,583.1,118.3,90.0,1288.7,18008,83.8,200,0.5249,2.0458,0.4978,2.5107
2018-06-08,0,884,39.7,1,138.7,3898.1,626.2,160.0,70.1,1432.4,19558,119.6,396,0.5907,2.2903,0.8256,3.0208
2018-06-09,0,211,36.3,0,136.7,3480.5,605.2,102.6,65.6,1328.7,14778,84.4,50,0.4265,2.0127,0.2769,2.2114
2018-06-10,0,367,36.3,0,131.1,3417.3,582.5,109.6,78.0,1104.8,19047,88.4,50,0.4739,1.9844,0.2531,2.1927
2018-06-11,0,781,34.8,0,134.0,3469.0,592.9,119.0,72.1,1368.8,21259,124.8,466,0.4855,2.0133,0.9258,2.7591
2018-06-12,0,910,34.4,0,131.5,3101.9,625.0,97.4,101.7,1611.0,19765,121.4,228,0.496,1.7338,0.5959,2.2746
2018-06-13,0,597,31.0,0,130.9,2568.0,633.1,127.7,73.5,1239.3,18233,103.3,360,0.512,1.3544,0.7407,2.139
2018-06-14,0,781,38.0,0,136.4,3607.6,614.0,107.3,81.1,1481.3,21251,112.1,190,0.4749,2.0955,0.5196,2.5506
2018-06-15,0,745,36.9,0,137.7,3139.7,602.0,110.9,70.7,1131.7,19991,118.7,215,0.4605,1.7764,0.5177,2.3218
2018-06-16,0,80,35.6,0,137.3,3021.2,575.8,95.9,91.5,720.8,17953,70.3,167,0.4684,1.7118,0.374,2.0934
2018-06-17,0,80,35.8,0,137.8,2964.7,574.8,98.5,66.0,971.6,17675,68.0,51,0.4164,1.6729,0.229,1.8691
2018-06-18,0,907,37.8,0,136.0,3050.7,636.5,107.9,103.0,1420.6,22257,113.0,187,0.5271,1.6899,0.5085,2.2342
2018-06-19,0,720,32.8,0,135.2,2845.7,558.5,128.4,99.7,1200.8,20006,93.3,317,0.5744,1.601,0.6676,2.3489
2018-06-20,0,599,35.0,0,132.8,2923.1,572.1,117.4,75.5,1293.3,19636,101.4,395,0.489,1.6457,0.7992,2.4316
2018-06-21,0,766,33.8,1,134.7,3395.1,593.7,124.8,84.6,1412.6,17830,110.6,333,0.5299,1.961,0.7241,2.6596
2018-06-22,0,986,40.3,0,132.0,3830.9,511.4,179.5,79.7,1383.5,22051,118.5,510,0.6652,2.3236,0.991,3.2777
2018-06-23,0,80,38.3,0,133.5,3628.8,550.1,108.0,84.1,856.2,18496,74.3,90,0.4837,2.1551,0.2767,2.3931
2018-06-24,0,80,31.6,0,136.3,2306.7,558.4,124.7,73.0,988.6,18016,98.4,54,0.5028,1.2238,0.2493,1.6387
2018-06-25,0,617,33.2,0,135.6,2747.4,570.5,136.9,76.1,1098.7,24033,114.1,179,0.5427,1.5238,0.4589,2.0412
2018-06-26,0,1046,36.3,0,145.2,3091.2,633.4,127.4,88.2,1439.8,22686,120.9,611,0.5452,1.7205,1.1505,2.751
2018-06-27,0,834,35.6,0,132.0,2945.0,593.9,131.0,61.3,1513.2,21221,113.6,432,0.4927,1.6458,0.8871,2.5333
2018-06-28,0,921,33.7,0,135.6,2807.7,565.4,127.0,84.9,1466.7,22767,133.0,845,0.5365,1.5696,1.5102,2.9642
2018-06-29,0,578,41.0,0,131.7,3671.9,552.0,124.9,91.7,1172.5,24231,94.0,317,0.5466,2.1839,0.6658,2.7983
2018-06-30,0,80,37.4,1,134.8,3866.7,572.0,98.5,78.0,787.0,18791,67.0,71,0.4442,2.3063,0.2367,2.3794
2018-07-01,1,1473,37.8,0,135.0,3644.1,554.0,125.6,107.0,1630.9,20184,144.0,901,0.5838,2.1631,1.6181,4.4035
2018-07-02,1,4362,35.3,1,138.5,4183.0,597.6,188.9,121.7,3580.7,37098,276.3,2472,0.7874,2.5098,4.2731,7.5992
2018-07-03,1,4450,38.4,2,134.7,5691.0,580.4,146.7,121.5,4023.6,35107,281.1,2451,0.6738,3.5774,4.2964,8.5085
2018-07-04,1,4317,36.0,1,135.4,4773.5,502.2,220.6,110.0,3678.4,32671,279.2,2587,0.8453,2.9899,4.4573,8.2846
2018-07-05,1,4401,36.3,0,134.7,3827.4,581.4,236.8,121.7,3388.7,39540,264.3,2637,0.9158,2.2722,4.4929,7.6875
2018-07-06,1,4380,38.2,1,131.8,5113.7,554.6,192.6,157.0,3742.9,39063,255.2,2915,0.8788,3.1914,4.9482,8.9868
2018-07-07,1,1532,33.3,0,134.0,3141.9,565.2,152.2,97.5,1713.2,22805,136.9,1022,0.6331,1.8037,1.807,4.2561
2018-07-08,1,1538,40.5,0,134.9,3845.6,590.1,161.5,84.7,1852.7,22842,151.2,1029,0.6285,2.2788,1.8407,4.7742
2018-07-09,1,4060,37.4,1,136.2,4722.9,519.4,153.9,108.6,3311.2,35340,246.6,2484,0.6633,2.9424,4.2449,7.8588
2018-07-10,1,3947,39.8,0,137.7,4353.1,536.9,201.5,98.4,3711.2,32984,229.4,2165,0.7673,2.6713,3.806,7.2055
2018-07-11,1,4532,34.6,1,135.3,4558.1,554.7,182.2,116.9,3505.7,36791,280.7,2402,0.7583,2.8024,4.161,7.6958
2018-07-12,1,4565,35.0,1,135.2,4518.7,496.0,242.6,141.2,3786.8,35889,273.6,2467,0.9763,2.8159,4.2888,8.0779
2018-07-13,1,4167,34.4,1,130.8,4221.7,528.8,180.9,118.6,3360.2,34781,241.8,2541,0.7588,2.585,4.334,7.6715
2018-07-14,1,1058,37.5,1,137.6,3424.1,581.0,149.0,73.3,1688.9,19916,123.5,870,0.5686,1.9902,1.5692,4.1223
2018-07-15,1,1410,37.1,0,133.9,3602.9,552.7,131.5,79.2,1827.0,25410,133.8,950,0.5354,2.1351,1.7121,4.376
2018-07-16,1,4519,36.0,1,138.2,4477.2,560.2,239.7,139.0,3927.6,39147,298.5,2591,0.9635,2.7419,4.5039,8.1642
2018-07-17,1,4675,34.8,1,139.9,4674.5,557.1,182.9,129.9,3927.8,37455,286.4,3013,0.7902,2.8822,5.131,8.8235
2018-07-18,1,4444,34.2,1,135.4,4475.4,532.1,215.6,118.9,3530.4,36600,282.0,2498,0.8525,2.7603,4.3085,7.937
2018-07-19,1,4284,36.9,2,132.9,5053.4,518.7,200.9,121.8,4081.0,37125,267.6,2278,0.8198,3.1743,4.0383,8.0454
2018-07-20,1,4190,35.9,0,135.9,4233.2,546.4,194.3,158.4,3597.8,35601,256.4,2476,0.8866,2.5808,4.2718,7.7499
2018-07-21,1,1394,35.5,0,137.0,3331.4,504.2,140.1,110.0,1665.2,26968,131.9,1041,0.6296,1.979,1.8288,4.4303
2018-07-22,1,1339,40.4,0,135.1,3871.5,570.0,119.4,113.1,1767.2,21254,148.2,625,0.5813,2.311,1.2226,4.0998
2018-07-23,1,4168,36.7,2,134.3,5058.2,509.8,128.1,98.7,3597.7,37055,271.5,2111,0.5713,3.1839,3.7315,7.4613
2018-07-24,1,4720,39.7,1,137.7,5483.8,553.4,218.6,129.4,3933.1,37618,269.5,2744,0.8848,3.4513,4.7205,9.0951
2018-07-25,1,4673,35.7,0,137.5,3869.8,538.6,183.4,121.4,3886.5,35608,270.3,2849,0.7719,2.3318,4.8722,7.9755
2018-07-26,1,4556,37.4,1,135.0,4660.0,495.9,217.7,137.8,3898.7,41180,265.7,2109,0.9018,2.9149,3.7633,7.5384
2018-07-27,1,4185,36.7,1,131.0,4256.3,539.5,193.1,141.1,3651.0,39870,276.0,2603,0.8434,2.6018,4.4788,7.9233
2018-07-28,1,1546,33.1,0,137.4,3226.0,556.9,164.2,98.4,1706.0,24119,123.8,651,0.6674,1.8684,1.2442,3.7278
2018-07-29,1,1508,39.9,0,133.7,3659.0,474.2,154.8,80.0,2214.4,25134,152.3,1005,0.5997,2.2294,1.8493,4.6845
2018-07-30,1,4431,36.4,0,136.6,3957.9,520.7,135.5,118.3,4001.6,35762,279.2,2211,0.6364,2.406,3.9331,6.9791
2018-07-31,1,4576,38.4,2,136.5,5249.1,525.2,205.9,139.2,3881.3,36661,282.7,2389,0.8734,3.3067,4.1875,8.354
2018-08-01,1,4466,35.0,0,130.3,3943.5,442.6,182.8,139.4,3675.9,34719,270.3,2702,0.8119,2.4506,4.6262,7.8652
2018-08-02,1,4484,36.3,2,136.2,4795.6,461.6,216.3,130.9,3690.1,34528,291.0,2820,0.8821,3.0338,4.8141,8.744
2018-08-03,1,4466,34.7,1,137.5,3829.4,496.6,203.4,130.5,3610.6,40077,277.3,2589,0.8466,2.333,4.4536,7.631
2018-08-04,1,1454,39.3,0,137.9,3847.9,484.0,149.4,93.2,1766.5,24037,123.1,1274,0.6157,2.3547,2.1856,5.1075
2018-08-05,1,1071,37.2,0,136.4,2849.8,483.0,123.3,91.9,1170.4,22589,108.7,437,0.5427,1.6568,0.8516,3.0812
2018-08-06,1,4366,37.3,2,130.1,5430.8,450.7,168.5,138.1,3882.4,34878,251.7,2346,0.7706,3.4861,4.1086,8.3418
2018-08-07,1,4251,39.4,0,139.8,4788.9,514.4,177.0,135.5,3747.6,36196,280.7,2411,0.7874,2.9921,4.2034,7.9499
2018-08-08,1,4121,38.9,2,137.2,5293.6,483.4,144.6,124.8,3153.2,32601,277.5,2327,0.6758,3.3671,4.0035,8.0805
2018-08-09,1,4654,38.0,0,132.4,4653.3,513.9,180.8,130.1,3945.7,36154,297.5,2750,0.7851,2.8976,4.7432,8.4523
2018-08-10,1,4662,33.1,2,133.6,4787.5,492.9,161.7,129.6,3789.1,35421,283.1,2570,0.7327,3.0062,4.4477,8.1762
2018-08-11,1,1637,34.6,0,136.7,3646.3,517.5,107.8,82.9,1879.1,27203,131.5,1052,0.4804,2.1902,1.8708,4.5101
2018-08-12,1,1438,33.9,1,138.0,3505.6,458.0,138.4,80.4,1880.3,21066,127.1,932,0.5566,2.1333,1.6872,4.3544
2018-08-13,1,4594,37.6,0,134.5,3640.8,469.8,204.4,138.3,3434.6,35172,269.9,2955,0.8673,2.2197,4.9767,8.0527
2018-08-14,1,4353,36.4,1,138.5,4561.4,501.3,187.7,116.5,3596.8,32597,270.3,2436,0.7722,2.8421,4.217,7.8617
2018-08-15,1,4388,32.9,1,130.6,4631.8,478.8,178.0,139.9,3634.9,34828,289.1,2606,0.8002,2.9071,4.4857,8.2254
2018-08-16,1,4154,35.4,2,132.9,5080.5,457.6,163.9,124.1,3490.0,34620,278.5,2518,0.7259,3.236,4.3315,8.2976
2018-08-17,1,4423,32.5,0,129.8,3495.8,448.2,182.6,140.4,3396.1,38337,268.2,2564,0.8137,2.1333,4.3857,7.349
2018-08-18,1,1403,35.6,0,133.3,3377.2,461.4,117.2,101.4,1850.3,23493,111.3,776,0.5483,2.0411,1.4432,4.0273
2018-08-19,1,1158,32.0,0,140.5,3073.8,487.1,129.5,101.5,1808.7,22125,113.1,300,0.5815,1.8107,0.7246,3.095
2018-08-20,1,4342,36.7,0,142.2,4071.9,552.6,154.7,120.0,3665.4,36776,284.7,2533,0.6918,2.4635,4.3785,7.4963
2018-08-21,1,4337,36.3,1,136.7,5249.9,485.0,203.5,133.2,3547.7,35418,272.9,2623,0.8531,3.3354,4.4937,8.6902
2018-08-22,1,4675,39.6,0,134.1,4369.7,467.2,181.7,142.2,4282.5,41973,281.1,2701,0.8154,2.7318,4.7045,8.2742
2018-08-23,1,4512,37.2,2,135.3,5491.4,436.9,199.5,105.9,3531.0,35887,272.9,2476,0.7793,3.5381,4.2713,8.576
2018-08-24,1,4353,34.3,1,137.4,4538.8,442.8,207.9,152.8,3738.1,37027,261.9,2222,0.9101,2.8672,3.9105,7.7176
2018-08-25,1,1437,36.9,1,131.3,3787.1,445.5,143.1,126.2,1834.7,25523,125.2,915,0.675,2.3391,1.6567,4.6612
2018-08-26,1,1400,32.0,0,134.3,2766.6,487.5,152.8,106.0,2130.2,22765,162.9,818,0.6544,1.5954,1.5628,3.8146
2018-08-27,1,4315,32.8,1,140.3,4424.2,472.8,142.2,138.9,3644.9,36421,289.8,2753,0.702,2.766,4.7082,8.1706
2018-08-28,1,4156,35.6,1,132.9,4482.5,446.8,174.0,133.7,3584.9,34554,252.2,2150,0.7752,2.825,3.779,7.4101
2018-08-29,1,4324,30.0,0,133.8,3407.4,433.4,212.1,122.0,3671.9,36654,248.5,2423,0.8502,2.0818,4.1979,7.1423
2018-08-30,1,4217,34.6,0,136.0,3398.6,414.0,197.1,124.0,3324.0,35893,266.8,2208,0.8147,2.0892,3.8417,6.7441
2018-08-31,1,4126,32.3,1,136.8,4229.0,469.3,224.9,139.0,3301.7,35077,258.9,2578,0.9238,2.6318,4.3902,7.9478
2018-09-01,1,1484,34.7,0,134.1,3281.5,441.2,174.2,78.2,1770.5,22153,149.3,1084,0.6475,1.9882,1.9123,4.5183
2018-09-02,1,1463,32.0,0,136.2,2874.9,463.9,142.9,76.6,1979.4,27499,151.1,1195,0.5599,1.6877,2.1063,4.2981
2018-09-03,1,4030,35.2,0,137.8,3943.7,460.1,177.0,117.4,3440.6,35982,242.3,2431,0.7456,2.4385,4.1792,7.35
2018-09-04,1,4329,34.2,0,141.9,3697.3,443.9,166.8,136.8,3546.8,33322,285.2,2653,0.763,2.2774,4.5435,7.579
2018-09-05,1,4530,37.1,1,135.6,4549.5,451.1,181.1,116.4,3955.6,36269,274.6,2706,0.7542,2.8689,4.6681,8.3045
2018-09-06,1,4542,33.9,1,135.9,4275.3,412.5,182.8,126.1,3359.2,34251,286.7,2738,0.7812,2.704,4.6494,8.1305
2018-09-07,1,4536,32.1,1,140.6,4009.1,463.9,178.6,127.8,3479.1,38423,276.0,2640,0.7739,2.4816,4.5132,7.757
2018-09-08,1,1399,33.2,0,134.4,3581.7,435.0,115.0,76.6,1318.0,23837,149.0,923,0.4851,2.2027,1.6169,4.231
2018-09-09,1,1240,30.6,0,132.0,2916.3,465.7,141.2,53.3,1886.3,23215,102.5,1104,0.5015,1.7154,1.9354,4.1656
2018-09-10,1,4156,34.4,1,136.8,4055.1,419.4,222.1,109.5,3459.3,33939,270.9,2450,0.8482,2.545,4.2222,7.6206
2018-09-11,1,4413,34.7,1,139.2,4929.9,414.0,210.0,131.9,3810.0,35967,263.6,2564,0.8675,3.1611,4.4326,8.4816
2018-09-12,1,4419,38.7,1,137.1,4749.3,428.5,182.4,135.3,3620.1,37977,274.7,2599,0.8014,3.0246,4.4679,8.2945
2018-09-13,1,4583,31.8,1,135.7,4113.7,448.0,214.8,137.4,3925.6,39149,296.2,2631,0.8931,2.566,4.5626,8.0503
2018-09-14,1,4549,32.4,1,131.7,4400.6,348.6,199.5,138.7,3697.6,38629,270.1,2683,0.8551,2.8364,4.6013,8.279
2018-09-15,1,1369,31.6,0,135.8,2311.7,451.9,133.7,82.0,1822.6,20956,125.1,761,0.5477,1.3019,1.4228,3.2714
2018-09-16,1,1168,33.2,0,139.7,2900.0,435.6,128.8,76.4,1671.6,22571,123.1,883,0.5217,1.7251,1.5873,3.84
2018-09-17,1,4294,33.5,1,132.3,4086.1,387.5,182.9,132.2,3623.1,36491,263.0,2678,0.7956,2.589,4.5811,7.9821
2018-09-18,1,4390,32.4,2,135.3,4704.0,414.9,203.3,124.5,3925.1,35115,259.9,2936,0.8324,3.0024,5.0025,8.8477
2018-09-19,1,4315,34.8,1,134.8,4485.7,402.6,190.7,140.4,3282.9,33137,270.5,2498,0.8354,2.8582,4.2726,7.9781
2018-09-20,1,4247,30.9,0,133.9,3385.2,386.3,170.4,131.7,3520.8,33521,268.0,2515,0.7609,2.0992,4.3257,7.1925
2018-09-21,1,4397,34.3,1,136.7,4318.7,375.9,172.1,147.0,3661.8,39167,278.4,2595,0.8008,2.76,4.4689,8.0249
2018-09-22,1,1302,33.2,0,137.3,3269.4,443.1,140.2,83.6,1715.9,21324,123.8,791,0.5689,1.9784,1.4545,4.0243
2018-09-23,1,1279,31.9,1,137.3,3436.1,409.6,142.5,106.4,1621.4,23457,121.2,945,0.6277,2.1186,1.6736,4.378
2018-09-24,1,4407,31.1,1,133.1,3995.9,399.6,182.4,158.4,3536.1,36228,271.9,2264,0.8547,2.5174,3.9536,7.31
2018-09-25,1,4279,37.0,1,131.1,4672.6,423.1,162.1,127.2,3828.4,35695,264.6,2565,0.7283,2.9746,4.4367,8.1794
2018-09-26,1,4395,29.7,1,136.8,4298.7,419.7,216.6,135.2,3612.2,35883,270.1,2908,0.8928,2.7153,4.9278,8.5191
2018-09-27,1,4400,32.0,1,134.5,4131.9,371.1,212.0,113.8,4066.8,37900,264.5,2797,0.831,2.6326,4.8139,8.2756
2018-09-28,1,4146,29.6,1,141.5,3618.8,447.1,140.9,138.2,3565.6,35477,265.5,2629,0.6969,2.2202,4.5015,7.4532
2018-09-29,1,1306,35.1,0,141.7,2715.5,466.8,163.0,107.6,1657.6,22359,122.5,909,0.6854,1.5741,1.6242,3.8806
2018-09-30,1,1651,32.9,0,142.0,2665.4,442.1,135.1,87.4,2023.1,25027,147.8,850,0.564,1.5563,1.5918,3.6912
2018-10-01,3,5099,29.4,1,133.2,4087.3,380.2,236.0,145.0,4261.0,38316,318.8,3072,0.9674,2.595,5.2743,9.5736
2018-10-02,3,4927,31.9,2,137.7,4948.5,377.6,253.7,138.3,4376.3,40750,314.3,2974,0.9994,3.1996,5.1398,10.0787
2018-10-03,3,4973,31.2,2,138.6,4762.3,393.5,265.9,140.5,3953.1,38861,331.0,2929,1.0372,3.0582,5.0285,9.8482
2018-10-04,3,5314,29.3,2,138.3,4858.0,416.8,257.7,150.9,4050.5,40397,316.4,3503,1.0392,3.1088,5.8951,10.7971
2018-10-05,3,5314,32.0,2,134.9,4929.4,438.8,241.0,146.6,4439.7,42442,303.4,3596,0.9845,3.1434,6.076,11.0171
2018-10-06,3,1678,31.0,0,139.8,2848.2,397.8,139.9,93.1,2270.8,25514,161.4,1301,0.59,1.7153,2.3043,4.9954
2018-10-07,3,1917,30.5,0,136.0,3242.7,388.4,129.9,110.5,2320.0,26620,165.4,1507,0.6034,1.998,2.6213,5.6298
2018-10-08,3,4827,29.8,1,136.4,4548.3,430.5,246.2,149.6,4193.8,41575,274.1,3102,1.0054,2.8825,5.2921,9.8823
2018-10-09,3,5380,30.7,2,131.4,4655.0,378.5,266.4,131.2,4510.2,40044,356.1,3473,1.017,2.9936,5.923,10.7162
2018-10-10,3,5590,30.1,2,137.9,4985.6,450.7,222.7,142.1,4279.3,43575,351.3,3111,0.9251,3.1744,5.3512,10.1914
2018-10-11,1,4148,29.6,1,135.2,3257.7,395.5,178.7,98.2,3522.4,37131,269.7,2462,0.7058,2.0035,4.2482,6.9511
2018-10-12,1,4283,28.0,1,137.4,3216.7,434.2,174.8,135.1,3792.5,38089,264.3,2408,0.7805,1.9478,4.1975,6.9128
2018-10-13,1,1257,32.9,0,136.7,2794.5,411.8,119.8,108.4,1710.3,27197,136.6,722,0.5715,1.6679,1.3579,3.6388
2018-10-14,1,1231,26.8,1,136.5,3055.2,418.7,155.8,85.9,1427.4,22014,125.3,755,0.616,1.8456,1.3668,3.8359
2018-10-15,1,4292,29.9,1,135.9,3618.2,394.3,192.1,128.5,3500.9,34464,277.9,2361,0.8117,2.2567,4.097,7.1219
2018-10-16,1,4608,28.1,0,138.4,2954.2,402.7,187.9,127.0,3857.2,38825,284.6,2479,0.7969,1.786,4.3211,6.9059
2018-10-17,1,4682,32.5,1,135.4,4218.7,406.6,252.7,125.4,4126.1,39357,285.3,2581,0.9669,2.6685,4.5068,8.1412
2018-10-18,1,4291,26.5,1,131.6,3439.1,404.5,155.7,130.0,3208.3,34599,268.6,2228,0.7176,2.1242,3.8582,6.7299
2018-10-19,1,4694,26.8,2,137.7,3872.5,415.1,206.5,119.6,3875.3,38587,303.8,2515,0.8297,2.4202,4.3858,7.6318
2018-10-20,1,1399,26.1,1,133.6,3234.7,345.4,112.1,88.3,1599.6,28779,140.0,628,0.5044,2.0225,1.2056,3.7279
2018-10-21,1,1708,28.8,0,132.0,2510.8,391.0,137.3,81.9,2050.4,25362,139.5,732,0.5572,1.4839,1.4144,3.502
2018-10-22,1,4334,25.0,1,132.9,3296.4,370.4,191.3,135.8,3692.9,37865,274.1,2609,0.8264,2.0482,4.4914,7.3392
2018-10-23,1,4375,26.8,0,136.8,2858.8,384.2,207.3,131.1,3570.5,39213,277.7,2375,0.8584,1.7322,4.1277,6.7383
2018-10-24,1,4417,23.0,1,135.7,3400.3,405.8,183.8,121.5,3752.2,41058,272.0,2226,0.7732,2.0962,3.924,6.795
2018-10-25,1,4923,28.1,2,129.6,4599.9,418.9,190.5,134.6,4157.4,39119,295.9,2783,0.8215,2.9267,4.8183,8.5539
2018-10-26,1,4504,26.3,2,134.8,4408.0,385.6,184.9,125.7,3662.9,39172,264.9,2412,0.7859,2.8157,4.1885,7.7739
2018-10-27,1,1265,24.0,0,139.5,1842.8,454.2,109.0,107.3,1443.6,21894,133.1,996,0.54,0.972,1.7337,3.2797
2018-10-28,1,1567,29.6,0,134.6,2925.6,363.1,152.1,87.2,2128.1,24626,130.9,933,0.6091,1.7937,1.7212,4.1356
2018-10-29,1,4286,24.2,1,135.5,3398.7,423.8,193.3,136.0,3706.5,35198,264.9,2221,0.8322,2.0824,3.906,6.8357
2018-10-30,1,4263,28.7,1,139.1,3929.4,414.2,196.3,115.6,3644.5,32511,258.8,2575,0.7931,2.4606,4.4261,7.7021
2018-10-31,1,4515,25.2,1,138.4,3307.6,406.6,189.7,141.4,3574.9,34078,290.0,2634,0.835,2.0307,4.5207,7.395
2018-11-01,3,5314,30.2,2,139.1,4821.6,438.0,231.4,154.3,4552.1,42293,350.7,3289,0.9766,3.0685,5.6503,10.4445
2018-11-02,3,5359,28.2,2,127.7,4893.9,354.5,262.3,155.6,4770.2,42517,320.4,3642,1.0624,3.1776,6.1924,11.2276
2018-11-03,3,1701,24.2,1,141.2,3169.5,441.6,193.1,117.5,2112.8,24469,169.5,1061,0.7889,1.9095,1.9287,5.0358
2018-11-04,3,1759,24.2,0,137.9,2821.7,395.0,202.8,100.5,2187.6,29391,168.4,1457,0.7757,1.6987,2.5326,5.4127
2018-11-05,3,5385,27.5,2,143.4,4627.7,400.3,245.1,158.2,4227.0,39819,340.9,3300,1.0223,2.9592,5.6226,10.3744
2018-11-06,3,4960,25.4,1,133.7,3689.0,355.2,259.0,158.9,4025.7,40495,317.4,3123,1.0612,2.3337,5.3226,9.4599
2018-11-07,3,5428,25.5,2,130.7,3716.4,419.5,228.6,123.3,4251.9,41250,332.6,3263,0.8975,2.3078,5.5668,9.4472
2018-11-08,3,5132,28.5,1,136.0,3693.9,424.1,228.0,127.5,4285.4,40947,325.1,3103,0.9056,2.2889,5.3273,9.1404
2018-11-09,3,5049,24.0,0,135.2,3068.8,381.6,257.2,113.2,4149.0,42023,317.6,3100,0.9508,1.881,5.3034,8.7408
2018-11-10,3,1688,25.7,1,138.0,2712.5,415.7,188.9,111.2,2193.7,27653,188.0,887,0.7631,1.6078,1.6866,4.3689
2018-11-11,1,1408,27.5,1,139.2,3093.0,409.1,129.0,69.3,1612.4,25188,128.8,879,0.5058,1.8787,1.5775,3.965
2018-11-12,1,4226,27.0,1,135.7,3131.4,387.3,163.1,99.0,3490.0,36793,268.3,2472,0.6658,1.9209,4.2586,6.88
2018-11-13,1,4501,24.8,1,135.3,3174.9,419.6,186.5,112.6,3519.0,34613,283.7,2341,0.7599,1.9287,4.0718,6.7815
2018-11-14,1,4110,24.4,1,137.6,3095.2,387.0,168.9,98.2,3482.0,37304,265.2,2503,0.6795,1.8957,4.3029,6.8141
2018-11-15,1,4278,21.1,1,135.2,3567.2,341.4,224.9,130.4,3258.5,34059,263.9,2744,0.904,2.2581,4.636,7.868
2018-11-16,1,4246,22.4,1,135.0,3088.4,402.6,203.1,109.7,3559.8,35642,282.5,2343,0.7977,1.8801,4.0795,6.747
2018-11-17,1,1384,25.4,0,139.1,2231.9,410.4,118.1,66.3,1707.9,23180,112.2,661,0.4697,1.275,1.2539,3.0293
2018-11-18,1,1443,24.2,1,139.8,2652.8,396.6,113.0,91.7,1827.2,24691,126.8,1037,0.5147,1.5793,1.8392,3.9469
2018-11-19,1,4170,24.6,2,139.3,3984.0,388.3,167.9,125.3,3188.0,34642,270.6,2491,0.7394,2.517,4.2512,7.5078
2018-11-20,1,4482,26.6,2,135.5,4225.9,361.2,178.4,100.7,3796.7,36539,266.1,2575,0.7107,2.7053,4.4488,7.8589
2018-11-21,1,4363,21.6,1,129.6,3264.8,374.3,184.9,116.7,3551.3,39239,260.1,2677,0.7651,2.0233,4.5705,7.3311
2018-11-22,1,4011,23.6,0,135.6,2231.5,380.0,206.7,122.0,3425.9,32515,249.9,2376,0.8358,1.296,4.0973,6.1969
2018-11-23,1,3999,24.4,2,133.7,3649.5,421.2,160.7,117.6,3042.8,34791,245.5,2577,0.7023,2.2598,4.3515,7.3095
2018-11-24,1,1390,22.3,0,135.6,2064.5,416.5,185.4,86.7,1538.1,21833,145.2,803,0.6971,1.1536,1.461,3.277
2018-11-25,1,1353,26.9,0,134.0,2354.1,387.5,113.6,108.9,1668.6,24896,146.7,862,0.556,1.3766,1.5667,3.5405
2018-11-26,1,4333,25.7,1,135.9,3155.3,419.3,157.0,159.2,3834.1,34890,271.0,2711,0.7885,1.9152,4.659,7.3651
2018-11-27,1,4346,24.2,0,132.9,3046.2,395.5,225.4,122.5,3689.4,36323,283.2,2080,0.887,1.8555,3.7011,6.4959
2018-11-28,1,4392,27.4,1,132.2,3559.7,390.2,218.1,107.9,3646.4,34062,256.0,2752,0.8338,2.2186,4.691,7.7325
2018-11-29,1,4522,20.1,1,139.7,3070.7,419.1,187.4,125.7,3537.3,39317,279.4,2532,0.7926,1.8561,4.36,6.994
2018-11-30,1,4151,23.3,1,133.1,3105.6,445.9,193.1,127.7,3274.5,35565,278.0,2498,0.8125,1.8618,4.2757,6.9648
2018-12-01,0,80,24.0,0,136.0,2269.8,427.6,120.4,75.2,999.4,18584,90.3,346,0.4964,1.2895,0.6851,2.0198
2018-12-02,0,80,21.1,0,138.9,1941.1,413.9,114.4,85.1,1075.7,19828,95.8,50,0.5032,1.069,0.2531,1.5211
2018-12-03,0,835,23.7,0,138.7,2214.6,444.2,96.5,118.2,1455.3,19254,105.5,402,0.5317,1.2393,0.8309,2.1695
2018-12-04,0,1007,20.5,0,138.4,1710.8,443.6,73.5,61.4,1832.1,21122,131.3,574,0.3388,0.887,1.1463,1.9726
2018-12-05,0,706,24.3,0,136.9,1733.3,425.2,104.1,75.9,1214.9,21271,101.6,148,0.4543,0.9157,0.4199,1.5018
2018-12-06,0,333,25.1,0,138.2,1660.9,415.7,155.9,102.1,1138.7,16227,97.1,589,0.6537,0.8716,1.0687,2.1475
2018-12-07,0,476,23.2,0,140.1,1907.4,421.2,159.4,72.9,890.3,17021,112.2,268,0.5956,1.0403,0.5644,1.7906
2018-12-08,0,101,18.5,0,137.3,1728.0,396.8,106.1,88.1,1000.6,16946,70.0,355,0.4879,0.9318,0.6892,1.7578
2018-12-09,0,150,20.4,0,130.5,1657.2,408.5,91.6,86.3,1257.5,16576,59.5,50,0.4448,0.8741,0.2576,1.3102
2018-12-10,0,710,23.6,0,134.4,1818.6,402.1,128.9,102.1,1152.7,20363,129.1,418,0.5813,0.9916,0.8295,1.9545
2018-12-11,0,790,22.4,0,138.1,1725.3,419.3,133.9,113.2,1541.4,22258,116.4,628,0.6203,0.9142,1.186,2.2186
2018-12-12,0,727,16.3,0,134.1,1870.5,434.7,136.3,88.7,1610.1,22403,106.4,223,0.5702,1.0051,0.5823,1.7669
2018-12-13,0,972,24.9,0,140.9,2263.0,484.0,71.9,60.5,1378.5,25339,116.8,545,0.3324,1.2453,1.0431,2.1769
2018-12-14,0,662,22.4,0,135.8,1508.8,436.6,191.4,72.4,1394.5,20740,79.6,547,0.6802,0.7505,1.0299,2.0206
2018-12-15,0,95,20.2,0,136.3,1861.9,427.7,136.6,108.9,1243.2,18677,81.8,50,0.6176,1.0039,0.2666,1.5482
2018-12-16,0,337,24.2,0,139.4,2186.3,441.2,111.7,57.8,1150.4,19371,83.8,109,0.4329,1.2216,0.3451,1.6356
2018-12-17,0,507,20.4,0,135.5,1819.0,459.2,103.3,88.5,1355.9,20706,98.4,495,0.4813,0.9519,0.9557,1.95
2018-12-18,0,853,20.3,0,136.5,1808.7,445.2,147.1,47.5,1109.5,22300,113.7,747,0.504,0.9544,1.3115,2.2422
2018-12-19,0,802,22.6,0,138.7,2174.8,449.0,135.3,64.4,1504.7,23028,70.6,746,0.5114,1.2081,1.3382,2.5272
2018-12-20,0,757,25.6,0,131.6,1737.2,429.5,125.7,97.4,1462.4,22832,114.9,318,0.5619,0.9154,0.711,1.769
2018-12-21,0,1069,25.2,0,135.1,2013.0,400.0,139.3,88.4,1324.1,23425,125.4,516,0.5775,1.1291,0.9963,2.2181
2018-12-22,0,139,22.4,0,138.5,1511.6,458.1,110.0,71.0,812.6,21302,85.1,50,0.4588,0.7374,0.2172,1.1488
2018-12-23,0,621,22.6,0,136.2,1406.6,420.7,130.0,70.2,1393.7,20656,100.7,490,0.5106,0.6901,0.9538,1.7858
2018-12-24,0,743,23.3,1,140.4,2401.4,467.8,139.4,54.0,1306.2,20020,109.0,216,0.4983,1.3535,0.5358,1.9493
2018-12-25,0,553,18.7,0,131.3,1548.7,411.6,127.5,92.0,1443.0,19516,102.0,115,0.5542,0.796,0.3974,1.4079
2018-12-26,0,796,22.8,0,130.9,1930.0,445.1,130.7,80.3,1449.5,21153,114.1,333,0.5358,1.0394,0.7311,1.9159
2018-12-27,0,589,19.8,0,138.3,2175.4,452.5,151.2,59.2,1275.3,18523,107.2,173,0.542,1.206,0.4663,1.7951
2018-12-28,0,648,22.0,0,138.6,2381.1,430.5,86.5,83.2,1271.1,19618,107.6,535,0.424,1.3654,1.0093,2.2989
2018-12-29,0,322,20.8,0,135.4,1848.4,443.1,98.2,87.6,1152.3,17301,111.7,334,0.4655,0.9837,0.6947,1.7899
2018-12-30,0,351,22.4,0,137.2,2095.7,513.3,116.9,76.2,1262.1,20093,82.1,117,0.4893,1.1077,0.3699,1.5946
2018-12-31,0,671,21.5,0,138.2,2008.1,406.5,106.0,84.8,1412.1,21455,100.7,354,0.48,1.1211,0.7522,1.9271
2019-01-01,0,975,15.0,0,161.6,1874.6,548.7,118.8,87.3,1428.4,18911,139.2,108,0.52,0.9281,0.4017,1.5061
2019-01-02,0,1005,21.6,0,161.9,1480.7,522.5,156.4,76.5,1746.2,21044,118.4,501,0.5959,0.6707,1.0206,1.8788
2019-01-03,0,1055,22.5,0,164.6,2415.5,593.5,125.7,88.5,1672.5,25716,133.7,836,0.5413,1.2754,1.5226,2.7365
2019-01-04,0,892,22.1,0,166.7,1682.4,589.0,85.8,96.7,1522.4,22880,116.8,425,0.4533,0.7654,0.8796,1.7436
2019-01-05,0,500,20.9,0,160.5,2224.5,554.3,109.7,96.5,1226.5,20918,94.8,93,0.5169,1.1691,0.3356,1.6422
2019-01-06,0,80,24.7,1,163.4,2428.0,584.9,112.7,87.8,1039.6,17140,90.4,294,0.5049,1.2902,0.6116,2.0053
2019-01-07,0,740,21.7,0,163.3,1666.4,570.0,124.2,73.8,1029.1,21625,114.5,229,0.5033,0.7675,0.525,1.5127
2019-01-08,0,641,22.0,0,165.3,1978.5,573.3,133.8,92.2,1340.9,20666,85.4,650,0.5716,0.9836,1.1805,2.2497
2019-01-09,0,818,23.3,1,164.0,3012.7,556.1,135.2,91.8,1702.4,20001,113.9,994,0.5744,1.7196,1.7525,3.2984
2019-01-10,0,694,21.8,0,162.4,2308.9,558.8,119.4,72.7,1369.9,20026,94.3,383,0.4879,1.2251,0.7873,2.0492
2019-01-11,0,767,19.0,0,167.7,1793.1,577.2,97.6,77.2,1390.6,20373,124.8,669,0.4399,0.8511,1.2326,2.0663
2019-01-12,0,594,15.6,1,162.4,2221.5,572.8,111.0,92.3,1161.0,17815,122.8,50,0.5107,1.1541,0.2749,1.6349
2019-01-13,0,224,20.0,1,163.1,2347.6,530.2,100.3,98.3,1127.6,16558,107.6,50,0.4959,1.2722,0.2637,1.6635
2019-01-14,0,871,22.7,0,159.2,1907.3,591.8,119.4,58.3,1404.9,21299,118.5,362,0.4547,0.9208,0.7713,1.795
2019-01-15,0,755,20.2,0,161.9,2235.6,626.7,138.8,108.7,1603.8,19645,103.4,586,0.6231,1.1262,1.1239,2.3588
2019-01-16,0,810,22.8,0,165.5,2128.6,582.6,133.5,102.2,1246.7,20860,115.3,470,0.5939,1.0822,0.9127,2.124
2019-01-17,0,798,21.3,0,165.0,1493.6,623.4,142.5,87.6,1313.3,18461,99.6,429,0.5843,0.6091,0.8515,1.6679
2019-01-18,0,878,23.9,1,165.8,2591.2,596.1,117.4,81.9,1336.2,23130,142.7,277,0.5038,1.3966,0.647,2.0823
2019-01-19,0,465,20.4,0,165.7,1810.4,586.6,151.6,86.4,1518.5,23698,110.3,247,0.6059,0.8567,0.6095,1.7213
2019-01-20,0,552,22.1,0,170.3,1886.6,611.4,134.7,72.0,1208.1,22168,103.5,204,0.5273,0.8926,0.5042,1.5595
2019-01-21,0,853,22.2,0,161.8,2010.9,594.5,127.8,82.6,1330.2,23618,125.3,329,0.5333,0.9915,0.7166,1.8619
2019-01-22,0,903,24.4,1,159.1,2789.4,566.9,139.5,63.7,1083.6,22920,109.7,342,0.521,1.5558,0.6993,2.3124
2019-01-23,0,590,17.3,1,160.8,2659.9,608.8,105.8,56.0,1101.8,20956,88.3,377,0.4129,1.4358,0.7437,2.111
2019-01-24,0,781,20.1,0,161.9,1734.7,587.2,77.7,119.4,1479.2,21436,83.6,323,0.4841,0.8032,0.7061,1.6648
2019-01-25,0,966,23.0,0,161.1,1956.9,572.9,114.0,87.5,1593.2,20411,119.5,559,0.5076,0.9688,1.0896,2.1303
2019-01-26,0,411,24.6,0,164.3,1727.9,613.7,133.8,83.0,1037.6,20968,91.0,50,0.5503,0.7799,0.2468,1.3149
2019-01-27,0,293,21.7,0,167.8,1380.1,612.5,117.0,78.1,974.4,20366,94.4,261,0.494,0.5373,0.557,1.2865
2019-01-28,0,956,20.6,0,168.6,1941.4,627.3,124.2,74.1,1827.5,21182,118.2,598,0.504,0.9199,1.1758,2.1288
2019-01-29,0,885,22.9,0,165.5,2433.2,625.0,107.3,81.0,1934.0,22664,120.5,472,0.4747,1.2657,1.0011,2.245
2019-01-30,0,1013,23.2,0,170.4,1537.9,614.0,85.2,88.5,1735.0,21005,130.3,617,0.4328,0.6467,1.1986,1.9203
2019-01-31,0,849,20.6,0,162.9,1939.0,658.0,156.6,82.2,1707.1,20431,95.7,661,0.6096,0.8967,1.2455,2.2562
2019-02-01,1,4363,22.1,2,159.1,3778.9,629.8,184.0,116.1,3923.9,37720,281.8,2270,0.7613,2.2044,4.014,6.9751
2019-02-02,1,1477,24.0,0,167.2,2164.5,627.4,127.1,99.9,2214.4,24978,136.6,869,0.5714,1.076,1.6382,3.2569
2019-02-03,1,889,25.6,0,158.5,1773.2,611.6,111.2,88.5,1396.8,21316,121.2,281,0.5025,0.8131,0.6501,1.9413
2019-02-04,1,4496,23.2,1,161.7,2933.6,642.9,218.5,134.8,3529.4,36257,289.6,2623,0.897,1.6035,4.4992,6.9826
2019-02-05,1,3770,21.7,1,165.6,2778.7,649.9,197.2,130.8,3567.4,34149,257.0,2140,0.8306,1.4902,3.764,6.0938
2019-02-06,1,4117,21.5,1,163.7,3563.0,686.8,162.8,121.8,3279.0,31988,261.8,2383,0.7177,2.0133,4.0954,6.7908
2019-02-07,1,4508,22.9,1,163.4,3051.3,635.1,216.8,126.6,3509.8,35570,280.0,2767,0.8735,1.6913,4.7083,7.2565
2019-02-08,1,4513,21.5,2,160.5,3698.1,661.9,188.0,151.4,3517.0,34677,288.8,2765,0.8536,2.1253,4.7099,7.6423
2019-02-09,1,1207,22.2,0,164.0,2574.8,615.1,118.3,75.3,1624.7,23091,111.3,896,0.491,1.3718,1.596,3.4938
2019-02-10,1,1288,19.5,0,167.0,1855.3,633.4,126.7,62.4,1341.4,25369,121.5,676,0.4837,0.8553,1.2373,2.5789
2019-02-11,1,4673,24.8,0,164.1,2913.8,696.0,176.9,139.4,3539.3,38485,281.9,2837,0.7961,1.5525,4.8186,7.1749
2019-02-12,1,4340,19.5,0,161.5,3024.8,635.1,159.1,117.6,3478.8,35307,254.3,2608,0.698,1.6728,4.4545,6.7981
2019-02-13,1,4831,21.1,2,160.3,4165.2,614.4,214.0,116.8,3680.0,37018,289.1,2735,0.8433,2.4856,4.6853,8.0432
2019-02-14,1,4426,22.3,1,161.6,2941.8,650.0,184.8,141.4,3835.4,35232,270.3,2588,0.8219,1.6043,4.4745,6.9382
2019-02-15,1,4500,26.6,1,165.2,3303.5,699.8,204.6,126.8,3691.2,40499,278.5,2586,0.8412,1.8226,4.4594,7.1249
2019-02-16,1,1708,21.3,0,165.0,2221.5,650.7,147.1,76.5,2062.8,25296,151.2,1242,0.5709,1.0996,2.1862,3.8447
2019-02-17,1,1440,20.9,1,161.6,3102.7,657.4,148.0,121.3,1877.0,24408,152.6,981,0.6768,1.7117,1.7727,4.1751
2019-02-18,1,4246,21.2,2,157.4,3568.6,597.2,141.4,101.8,3495.3,32033,272.9,2402,0.6141,2.08,4.1549,6.8673
2019-02-19,1,4407,26.2,0,165.3,2773.3,666.6,170.3,126.6,3810.2,34384,272.5,2483,0.7488,1.4747,4.3147,6.56
2019-02-20,1,4420,16.4,1,161.3,3395.7,689.2,202.1,99.7,3721.8,36484,269.9,2736,0.7719,1.8946,4.683,7.3661
2019-02-21,1,4181,20.5,0,166.1,2872.7,666.8,157.2,129.2,3434.9,34664,262.6,2666,0.7197,1.5441,4.5398,6.8277
2019-02-22,1,4381,28.8,1,161.7,3891.5,638.8,197.1,118.0,3313.1,36640,271.8,2598,0.8008,2.2769,4.4279,7.4883
2019-02-23,1,1283,24.1,0,161.0,1825.0,650.5,102.5,102.7,1789.2,23604,163.0,863,0.5119,0.8222,1.5896,2.9465
2019-02-24,1,1583,20.5,0,164.5,1975.8,671.6,138.9,93.7,1654.4,25729,128.7,1153,0.5887,0.9129,1.9937,3.484
2019-02-25,1,4433,22.9,0,171.1,2825.6,735.9,225.2,148.5,3716.9,33254,263.4,2540,0.9466,1.4628,4.3845,6.7311
2019-02-26,1,4376,23.3,1,166.2,3604.7,708.1,205.8,121.1,3627.3,34390,259.0,2553,0.8313,2.0276,4.3916,7.239
2019-02-27,1,4408,25.1,1,164.4,3233.3,707.6,148.6,103.8,3388.1,36334,276.6,2644,0.638,1.768,4.5079,6.9001
2019-02-28,1,4467,27.4,1,165.1,3567.6,699.2,209.1,132.2,3716.1,35596,278.8,2514,0.8658,2.0079,4.3531,7.2327
2019-03-01,1,4538,24.3,0,158.7,2527.0,658.0,231.8,125.7,3748.0,36501,272.3,2938,0.9116,1.3083,4.9902,7.2311
2019-03-02,1,1237,22.3,0,160.6,2518.9,664.3,193.8,62.6,1702.0,23392,141.4,639,0.664,1.2982,1.2334,3.2004
2019-03-03,1,1229,25.3,0,156.5,2107.3,679.2,142.6,73.9,1688.4,21821,134.7,724,0.5529,0.9997,1.3558,2.9585
2019-03-04,1,4626,22.2,1,169.2,3614.2,764.6,163.3,119.5,3650.7,37775,294.4,3028,0.7137,1.9947,5.1239,7.8192
2019-03-05,1,4353,21.5,2,168.6,3799.0,700.9,197.9,150.6,3705.3,37262,285.3,2190,0.8783,2.1687,3.8692,6.8664
2019-03-06,1,4172,20.0,2,165.2,3771.7,686.5,220.2,135.7,3362.9,35640,237.2,2459,0.9036,2.1596,4.2095,7.2797
2019-03-07,1,4507,20.6,2,164.4,3436.5,682.2,187.0,123.9,3500.9,38227,286.0,2495,0.7874,1.928,4.3028,7.0045
2019-03-08,1,4510,22.2,1,159.3,2748.1,711.3,214.1,136.2,3817.6,33031,262.5,2616,0.8884,1.4258,4.5101,6.7972
2019-03-09,1,1141,21.7,1,163.3,2857.9,708.9,112.1,58.1,1776.0,21737,129.3,445,0.4346,1.5043,0.9453,2.8768
2019-03-10,1,1458,25.0,0,169.4,2105.6,752.4,144.4,84.0,1913.1,25730,139.7,779,0.581,0.9472,1.4687,2.9773
2019-03-11,1,4559,21.8,2,164.4,3892.2,706.0,137.3,135.7,3689.3,35592,279.8,2649,0.6814,2.2303,4.5528,7.4475
2019-03-12,1,4494,17.7,1,162.3,2978.9,726.9,170.0,131.4,3337.2,35075,262.8,2649,0.7591,1.5764,4.5027,6.8763
2019-03-13,1,4541,22.4,1,158.7,3079.6,690.3,191.6,121.4,3982.1,36845,291.7,2795,0.7939,1.6725,4.8127,7.2822
2019-03-14,1,4174,23.8,1,168.1,3506.2,702.1,177.1,124.5,3136.0,35500,247.3,2003,0.7622,1.9629,3.5028,6.2212
2019-03-15,2,4929,23.6,2,163.8,4556.1,746.7,170.1,139.2,4061.5,37739,305.8,2836,0.7774,2.6666,4.8903,8.7076
2019-03-16,2,1504,28.4,0,158.7,2505.4,702.0,126.1,92.9,2212.3,27635,125.5,841,0.5525,1.2624,1.5917,3.5355
2019-03-17,2,1471,23.8,2,161.2,3482.9,708.0,143.7,105.6,1838.9,24694,141.0,842,0.6291,1.9424,1.5545,4.2603
2019-03-18,2,5026,27.2,2,160.2,4428.4,720.1,198.6,140.1,4068.5,37484,322.8,2921,0.8559,2.5958,5.0262,8.7839
2019-03-19,2,5136,25.4,2,163.6,4165.9,693.8,203.8,144.3,4152.6,36980,334.5,2829,0.8795,2.4305,4.9034,8.54
2019-03-20,2,5192,25.4,2,164.6,4691.7,746.8,219.6,163.0,4154.7,40536,289.2,2733,0.9651,2.7614,4.7404,8.7645
2019-03-21,2,5106,23.8,2,162.5,4026.5,713.5,194.4,148.7,4488.8,37777,296.3,3001,0.8645,2.3191,5.1848,8.6738
2019-03-22,2,4850,25.7,2,166.3,4488.6,743.1,227.2,159.3,3755.2,42245,287.0,2634,0.9769,2.6219,4.5434,8.4583
2019-03-23,2,1622,24.2,1,164.2,2922.2,767.7,117.4,84.4,1731.3,25583,175.1,1013,0.5096,1.5081,1.8137,4.013
2019-03-24,2,1696,26.4,1,167.2,2996.7,770.4,182.9,71.5,1892.6,26131,150.5,815,0.6553,1.5584,1.5252,3.9208
2019-03-25,2,4891,25.7,2,162.9,4532.2,732.0,222.5,131.6,4245.8,38990,308.0,2961,0.9003,2.6601,5.1013,9.0247
2019-03-26,2,4893,24.2,2,173.1,4170.8,781.6,190.2,130.3,3829.8,40569,298.8,2828,0.8107,2.3724,4.8482,8.3525
2019-03-27,2,5018,28.6,2,162.3,4513.1,672.7,194.0,157.1,4088.6,34764,286.4,2913,0.8828,2.6883,4.9994,8.8991
2019-03-28,2,4859,27.5,2,161.3,4733.7,713.0,202.0,116.4,4105.4,36242,271.3,2774,0.8102,2.8145,4.7866,8.7575
2019-03-29,2,4738,25.7,2,160.9,4465.0,737.3,208.5,130.7,3977.8,39761,280.9,2675,0.8607,2.6094,4.6282,8.4667
2019-03-30,2,1484,27.1,2,163.4,3865.3,726.7,160.8,98.9,2003.3,26934,169.6,819,0.6594,2.197,1.5533,4.5896
2019-03-31,2,1672,26.8,1,158.8,2030.7,693.0,110.6,96.6,2191.9,22799,153.3,1182,0.5196,0.9364,2.1119,3.699
2019-04-01,1,4427,25.2,1,164.9,3425.7,767.3,199.3,125.6,3700.2,33320,286.9,2291,0.8243,1.8609,4.0196,6.7008
2019-04-02,1,4488,27.4,2,158.3,4153.4,758.9,144.2,134.2,3600.3,37151,259.9,2486,0.6965,2.3761,4.2891,7.3551
2019-04-03,1,4547,26.0,0,164.5,2901.7,737.9,187.9,145.8,3745.6,37971,275.7,2827,0.8404,1.5147,4.8254,7.1942
2019-04-04,1,4359,25.4,1,159.9,3477.1,757.8,220.4,150.3,3541.6,36573,280.5,2676,0.9379,1.9035,4.5762,7.3985
2019-04-05,1,4563,24.1,2,162.9,3907.2,769.0,160.9,130.2,4182.9,37057,267.2,2888,0.732,2.1967,4.9653,7.9042
2019-04-06,1,1485,27.0,1,165.8,3017.8,740.9,101.5,80.6,1724.8,20904,141.1,851,0.4582,1.5938,1.5532,3.6195
2019-04-07,1,1194,29.1,0,170.9,2426.4,771.8,136.3,112.3,1727.2,22340,118.2,455,0.6247,1.1582,0.9497,2.7412
2019-04-08,1,4686,26.5,0,160.8,3389.8,789.4,224.9,115.1,3535.2,37275,295.8,2518,0.8686,1.8203,4.3455,7.0073
2019-04-09,1,4337,33.7,1,163.5,4470.5,729.8,195.2,153.9,3612.8,35229,274.9,2462,0.8786,2.6185,4.2608,7.7542
2019-04-10,1,4129,30.3,2,161.8,4490.2,735.6,142.4,144.7,3408.3,31888,269.0,2532,0.7159,2.6282,4.3376,7.6686
2019-04-11,1,4239,31.3,1,161.4,4097.8,798.9,149.3,148.2,3649.8,36856,276.2,2413,0.7425,2.3092,4.1928,7.2427
2019-04-12,1,4243,30.3,0,161.9,3636.3,738.7,188.5,136.2,3657.0,37379,263.2,2401,0.8198,2.0283,4.17,7.0015
2019-04-13,1,1426,32.8,0,166.5,3240.6,809.0,109.7,60.4,2039.2,22559,151.2,899,0.4335,1.7021,1.668,3.8347
2019-04-14,1,1367,27.1,0,162.5,2276.6,731.8,137.6,75.8,1988.3,23407,129.4,798,0.5439,1.0814,1.5008,3.1307
2019-04-15,2,4809,23.4,2,170.7,4333.6,799.7,200.9,137.3,3869.6,37303,298.9,2710,0.8556,2.4737,4.675,8.2841
2019-04-16,2,4981,28.2,1,165.2,4008.9,798.5,188.9,124.6,3818.2,38043,275.5,2709,0.7941,2.2473,4.6571,7.9731
2019-04-17,2,4931,30.5,2,161.0,5235.0,740.6,238.7,129.4,3808.3,39598,287.9,3030,0.9386,3.1461,5.1434,9.6274
2019-04-18,2,4926,29.7,2,162.9,4928.9,764.3,211.7,143.3,4008.6,39620,324.5,3046,0.8984,2.9152,5.2079,9.3779
2019-04-19,2,4943,30.2,1,161.6,4022.2,774.9,225.6,131.8,3993.1,40695,304.8,2677,0.9091,2.2731,4.644,8.1295
2019-04-20,2,1669,32.6,1,166.4,4313.9,756.7,160.3,76.7,1981.2,26907,157.4,896,0.6068,2.49,1.6606,4.976
2019-04-21,2,1179,30.7,1,159.1,2830.1,801.5,127.9,102.4,1534.7,22643,118.2,804,0.5793,1.42,1.4501,3.5837
2019-04-22,2,4804,31.7,2,160.0,5011.1,776.1,192.2,140.4,4137.2,43293,278.0,2582,0.8394,2.9645,4.5076,8.6141
2019-04-23,2,4477,28.0,2,162.2,4163.7,751.9,184.0,125.0,3410.7,39593,273.3,2662,0.7819,2.3883,4.5371,7.9874
2019-04-24,2,4876,27.8,2,166.0,4902.8,773.1,212.8,144.2,3816.8,37295,293.6,2769,0.9034,2.8908,4.7548,8.9067
2019-04-25,2,4869,33.9,1,167.7,4659.1,835.1,183.3,134.9,3724.9,38678,317.1,2605,0.8029,2.6768,4.5088,8.3587
2019-04-26,2,5058,30.7,2,168.1,4582.5,780.6,239.0,155.7,3998.3,35669,314.8,3254,1.0002,2.6613,5.5132,9.5626
2019-04-27,2,1772,29.3,2,165.6,3802.8,766.1,125.5,98.5,2223.0,25491,156.0,966,0.5639,2.1257,1.7936,4.653
2019-04-28,2,1595,29.4,1,163.8,3137.2,798.3,143.4,114.0,1837.1,27712,147.6,1019,0.6477,1.6372,1.8237,4.2672
2019-04-29,2,4779,29.5,2,166.4,4507.2,746.9,191.0,104.2,3881.2,43078,299.2,2570,0.7526,2.6322,4.4683,8.1684
2019-04-30,2,4957,29.5,1,160.6,4022.2,752.8,189.3,141.4,4092.9,38601,282.2,3154,0.834,2.2886,5.3607,8.7721
2019-05-01,0,702,28.4,1,158.5,2627.2,747.1,170.4,77.5,1274.9,21551,83.5,758,0.6357,1.3161,1.334,2.6949
2019-05-02,0,797,28.0,0,165.3,2348.5,759.3,114.7,71.7,1463.0,22437,119.8,192,0.473,1.1124,0.5242,1.7445
2019-05-03,0,974,31.0,0,161.0,2765.7,717.5,120.8,104.1,1549.0,25654,119.7,535,0.5642,1.4337,1.0499,2.5436
2019-05-04,0,155,30.3,0,163.8,2136.1,771.4,98.2,90.2,792.6,16882,66.2,329,0.4715,0.9553,0.6235,1.7085
2019-05-05,0,400,34.1,0,164.4,2457.4,789.6,118.1,49.7,1064.4,24460,67.9,148,0.4313,1.1675,0.3876,1.6771
2019-05-06,0,919,32.5,0,164.7,2904.7,756.6,124.3,96.8,1533.6,21289,127.1,607,0.5567,1.5037,1.1581,2.6812
2019-05-07,0,625,32.5,0,166.8,2894.5,753.7,96.6,91.4,1518.3,18519,96.9,60,0.47,1.4986,0.3214,1.9126
2019-05-08,0,972,30.4,1,166.5,3304.4,813.0,118.2,75.8,1733.3,21515,123.5,422,0.4919,1.744,0.903,2.5745
2019-05-09,0,923,31.9,0,164.6,2899.1,785.5,140.0,73.5,1849.4,20419,113.4,590,0.545,1.4795,1.1641,2.6233
2019-05-10,0,815,33.1,1,162.7,3797.9,754.0,147.3,60.9,1492.7,22178,111.3,367,0.5354,2.1307,0.7864,2.7893
2019-05-11,0,118,34.0,0,164.3,3071.4,793.2,112.7,71.4,898.8,15521,73.2,50,0.467,1.5947,0.2205,1.8746
2019-05-12,0,100,32.4,0,162.2,3320.8,765.9,113.1,73.5,950.5,18675,78.6,50,0.4729,1.7884,0.23,2.0571
2019-05-13,0,700,35.1,0,163.4,3878.7,809.7,114.7,95.4,1313.5,22135,113.4,524,0.5278,2.1483,1.0013,3.0084
2019-05-14,0,894,32.8,1,171.9,2915.5,820.9,115.0,89.8,1380.9,24424,111.9,277,0.5156,1.4662,0.6389,2.1105
2019-05-15,0,625,34.7,0,164.5,2438.0,734.3,101.0,66.6,1356.4,21850,99.1,640,0.4245,1.1926,1.1739,2.3282
2019-05-16,0,876,32.0,0,165.4,2754.6,756.2,91.5,89.1,1520.4,24237,121.7,385,0.451,1.3989,0.822,2.2011
2019-05-17,0,573,29.2,0,161.9,2495.9,740.4,104.9,78.1,1044.0,19316,108.9,476,0.4615,1.2288,0.8941,2.1623
2019-05-18,0,218,33.9,0,167.1,2803.9,787.0,133.8,63.6,1231.0,19625,71.2,253,0.5055,1.4118,0.5651,2.0542
2019-05-19,0,275,35.0,0,166.3,3146.2,767.1,105.6,54.5,739.9,15142,87.0,50,0.4089,1.6654,0.2075,1.9052
2019-05-20,0,1237,34.8,0,166.3,3091.2,745.8,124.7,99.2,1626.9,22990,124.4,614,0.5633,1.6418,1.1791,2.8041
2019-05-21,0,549,34.6,0,164.6,2799.8,779.9,111.8,88.3,1447.3,21002,99.9,236,0.5036,1.4139,0.5789,2.0301
2019-05-22,0,1062,33.0,0,167.1,2773.1,800.9,156.5,96.1,1667.8,23319,140.0,546,0.6414,1.3805,1.0891,2.5384
2019-05-23,0,824,32.1,0,167.8,2704.0,775.7,104.4,74.0,1346.6,18627,116.4,244,0.4507,1.3498,0.5856,1.9459
2019-05-24,0,871,35.2,0,164.8,3342.6,768.6,131.8,88.0,1794.4,20956,140.2,601,0.5565,1.8018,1.1862,2.8823
2019-05-25,0,276,35.0,0,163.7,2836.9,733.1,113.5,57.7,991.9,18708,90.1,50,0.4375,1.4727,0.2402,1.8074
2019-05-26,0,335,33.0,0,166.7,2671.9,757.1,117.5,64.2,747.3,18635,88.1,174,0.4632,1.3404,0.3959,1.8046
2019-05-27,0,769,36.7,0,161.3,3420.6,732.1,129.2,84.7,1458.3,22535,109.4,627,0.5419,1.8819,1.1715,2.9597
2019-05-28,0,1059,32.5,0,161.8,2804.4,759.3,130.3,91.6,1236.4,22058,124.4,717,0.5608,1.4316,1.2865,2.6554
2019-05-29,0,715,33.2,0,163.8,3147.8,759.9,140.3,59.1,1193.6,21182,111.0,303,0.5125,1.6715,0.654,2.3477
2019-05-30,0,1001,38.2,0,158.8,3259.2,721.1,127.4,71.1,1632.7,21323,108.1,768,0.5057,1.7767,1.403,3.0117
2019-05-31,0,681,36.6,0,166.5,2945.2,754.2,160.6,77.7,1239.3,22777,102.8,515,0.6099,1.5337,0.9743,2.5882
2019-06-01,0,244,34.0,0,161.1,2920.3,688.2,115.4,92.3,1155.8,21075,77.3,50,0.5225,1.5625,0.2548,1.9015
2019-06-02,0,80,35.5,0,162.6,3081.0,783.2,74.0,63.8,741.1,17781,91.0,50,0.3457,1.6085,0.2102,1.8081
2019-06-03,0,879,35.3,0,163.4,2911.8,693.2,139.9,87.7,1599.5,26823,91.4,690,0.5775,1.553,1.2761,2.817
2019-06-04,0,1057,29.0,0,164.1,2802.4,757.7,137.7,91.4,1251.0,21060,124.4,753,0.5802,1.4313,1.3419,2.7381
2019-06-05,0,783,33.2,0,163.0,3373.6,741.7,124.8,80.7,1622.8,23102,92.0,184,0.5209,1.8423,0.5191,2.3989
2019-06-06,0,761,35.1,0,163.8,2923.3,736.3,118.0,88.2,1286.3,19484,114.4,260,0.52,1.5309,0.6017,2.2038
2019-06-07,0,596,34.5,1,163.8,3886.3,741.3,74.2,62.0,1545.1,21895,97.0,471,0.3421,2.2015,0.9421,2.8705
2019-06-08,0,214,36.0,0,162.7,2444.9,718.4,71.0,67.7,881.4,20150,62.8,50,0.3467,1.2086,0.2151,1.4268
2019-06-09,0,80,38.0,0,161.7,3543.2,745.3,147.7,97.5,1296.1,16515,89.9,191,0.6211,1.9585,0.4874,2.535
2019-06-10,0,633,34.9,0,167.2,2811.1,719.3,108.5,105.2,1120.1,20424,73.3,716,0.5338,1.4643,1.2475,2.663
2019-06-11,0,838,33.3,0,157.7,3151.0,716.0,146.3,97.7,1096.6,24882,112.3,553,0.6178,1.7045,1.0191,2.7412
2019-06-12,0,1034,36.4,0,163.4,3048.9,714.8,93.3,103.9,1548.8,20877,129.8,434,0.4901,1.6339,0.9015,2.4827
2019-06-13,0,1302,35.1,0,162.6,3193.2,715.8,110.4,63.2,1929.4,24192,150.1,787,0.4419,1.7342,1.4868,3.0028
2019-06-14,0,691,35.5,0,165.3,2905.8,726.8,137.4,69.1,1470.8,21506,86.8,587,0.5279,1.5253,1.1025,2.566
2019-06-15,0,513,35.3,0,159.6,2996.9,705.6,117.0,76.5,1427.4,20078,91.9,315,0.4903,1.6039,0.6912,2.2461
2019-06-16,0,299,40.9,1,162.5,4643.1,733.4,127.2,114.8,1231.3,16140,101.5,261,0.6061,2.7368,0.5898,3.1817
2019-06-17,0,770,31.1,0,163.7,2600.5,723.5,123.6,79.5,1229.8,22726,123.5,303,0.5149,1.3139,0.6645,2.052
2019-06-18,0,875,35.3,0,167.2,3684.4,761.3,121.2,96.7,1580.5,21696,129.7,377,0.5482,2.0462,0.82,2.7392
2019-06-19,0,808,36.2,1,165.0,3643.5,752.5,109.6,90.4,1417.7,23381,142.1,632,0.5026,2.0237,1.1891,3.0647
2019-06-20,0,817,34.5,1,160.4,3938.3,712.0,98.4,90.1,1278.8,21849,105.7,346,0.4718,2.2584,0.7266,2.8473
2019-06-21,0,723,38.3,0,162.5,3023.1,728.7,153.9,83.3,1380.5,21153,112.0,50,0.6049,1.6061,0.2974,2.0493
2019-06-22,0,80,38.2,0,166.7,3211.9,778.6,145.9,58.0,939.5,19007,74.4,50,0.525,1.7033,0.2269,2.0389
2019-06-23,0,80,36.3,0,160.4,2928.5,663.2,88.6,35.4,1204.5,16558,54.9,103,0.3192,1.5857,0.3287,1.8251
2019-06-24,0,914,35.9,0,163.8,3613.5,738.2,102.2,105.2,1374.0,24643,115.0,721,0.5169,2.0127,1.3055,3.1553
2019-06-25,0,747,36.3,0,164.0,3269.5,748.8,115.8,74.7,1262.0,20462,84.7,729,0.4829,1.7645,1.2892,2.851
2019-06-26,0,690,36.3,0,162.8,2665.3,713.8,129.9,55.3,1202.0,20245,99.8,415,0.4759,1.3661,0.8177,2.1249
2019-06-27,0,798,36.4,0,172.1,2903.9,788.5,120.4,91.1,1736.2,23678,93.3,581,0.5331,1.4808,1.1289,2.5712
2019-06-28,0,940,36.2,1,162.8,3510.9,743.1,137.9,92.6,1367.1,22393,122.6,567,0.5835,1.9375,1.0764,2.9604
2019-06-29,0,287,37.2,0,165.3,3461.9,698.9,114.1,90.0,1311.4,18780,78.6,230,0.5137,1.9341,0.5434,2.4765
2019-06-30,0,137,38.4,0,161.7,3531.8,683.3,109.9,93.4,799.3,19320,59.7,50,0.5103,1.994,0.2036,2.216
2019-07-01,1,4648,34.1,0,165.6,3787.4,717.5,246.8,117.0,3873.0,38648,294.5,2765,0.9317,2.1489,4.7564,7.8432
2019-07-02,1,4711,34.5,1,166.6,4303.4,690.6,183.2,118.4,3868.1,37573,279.7,2601,0.7645,2.529,4.5028,7.8159
2019-07-03,1,4516,33.0,2,162.2,4934.9,753.2,227.4,124.4,3921.9,38627,273.0,2976,0.8968,2.9272,5.0691,8.8899
2019-07-04,1,4602,38.8,1,163.8,4621.8,709.6,224.7,142.5,3949.1,35041,270.4,2239,0.9314,2.7385,3.9646,7.6492
2019-07-05,1,4650,37.4,1,161.3,4884.5,678.3,204.8,99.3,3797.7,38001,298.0,2800,0.7782,2.9443,4.8012,8.4956
2019-07-06,1,1620,38.0,0,160.6,3714.5,636.7,96.8,96.4,1807.7,26244,151.1,997,0.4821,2.1545,1.7883,4.3834
2019-07-07,1,1527,33.8,0,167.1,3041.8,703.1,138.2,107.3,2139.2,25533,136.4,952,0.6182,1.6371,1.7537,3.9957
2019-07-08,1,4535,40.9,2,162.3,5764.9,644.8,180.3,142.8,3597.0,33013,256.1,2417,0.8131,3.5841,4.1823,8.5988
2019-07-09,1,4520,35.6,0,156.8,4035.1,668.4,191.8,139.9,3294.2,36756,308.5,2320,0.8372,2.3567,4.0252,7.2013
2019-07-10,1,4229,37.3,1,169.3,4786.5,636.2,162.7,141.7,3187.4,33577,289.1,2562,0.7634,2.9052,4.3657,8.0505
2019-07-11,1,4553,38.9,2,161.6,5088.8,699.2,208.6,88.4,3432.1,39437,297.2,2882,0.7633,3.0727,4.8804,8.6907
2019-07-12,1,4183,34.8,1,163.3,4518.9,658.6,207.0,149.4,3600.7,34865,254.8,2466,0.8999,2.7022,4.2562,7.8437
2019-07-13,1,1274,35.8,0,168.9,3551.9,647.4,158.7,95.2,2088.5,25465,126.3,884,0.6452,2.0332,1.6411,4.3255
2019-07-14,1,1651,37.4,0,163.6,3639.2,665.2,131.3,114.8,1556.4,22744,154.1,875,0.6171,2.0818,1.5754,4.2576
2019-07-15,1,4578,43.3,1,163.5,5583.8,663.2,169.1,112.3,3597.5,37931,270.3,2715,0.7126,3.4444,4.6372,8.7818
2019-07-16,1,4695,37.7,1,160.3,4781.8,645.8,202.2,105.0,3826.9,37733,274.4,2944,0.7844,2.8952,5.01,8.6245
2019-07-17,1,4378,40.5,2,159.1,5811.2,674.7,227.4,154.3,3892.6,41363,289.5,2483,0.9659,3.5956,4.3343,8.9167
2019-07-18,1,4219,39.6,2,163.5,5456.3,665.0,187.5,111.7,3374.0,37840,264.2,2660,0.7605,3.3539,4.5251,8.6366
2019-07-19,1,4384,37.8,1,165.1,4451.9,679.3,198.9,122.9,3724.4,38418,258.8,2248,0.817,2.6408,3.9469,7.3811
2019-07-20,1,1435,34.8,0,164.9,3420.3,649.9,130.7,100.1,1744.7,27677,151.0,722,0.5815,1.9393,1.3686,3.9352
2019-07-21,1,1431,39.3,1,162.6,3818.8,655.2,124.7,103.8,2256.5,24521,132.5,928,0.574,2.2145,1.7298,4.4985
2019-07-22,1,4631,33.7,1,164.1,4409.2,615.2,207.8,146.7,3797.2,37271,259.6,3028,0.8958,2.6558,5.1257,8.6644
2019-07-23,1,4362,40.5,1,158.5,4955.9,629.8,186.2,130.7,3668.5,35936,257.7,2533,0.8009,3.0283,4.3665,8.1716
2019-07-24,1,4490,37.4,1,165.4,4612.2,629.0,199.7,113.1,3699.0,37448,270.9,2418,0.7965,2.7882,4.204,7.8163
2019-07-25,1,4249,31.1,1,164.5,3993.5,674.9,197.6,136.6,3459.7,30860,268.8,2803,0.8451,2.323,4.7499,7.9539
2019-07-26,1,4508,36.1,1,169.9,4398.9,662.3,198.8,139.9,3865.9,36938,279.9,2592,0.856,2.6156,4.4889,7.9939
2019-07-27,1,1417,38.3,1,164.0,4258.6,651.5,147.8,64.8,1569.9,24360,153.5,942,0.5458,2.525,1.6778,4.7816
2019-07-28,1,1282,36.3,0,161.2,3359.1,628.2,114.3,111.7,1334.5,23104,129.8,683,0.5644,1.9116,1.25,3.711
2019-07-29,1,4384,38.4,1,163.8,4658.8,674.3,168.8,90.3,3591.0,33657,266.7,2568,0.661,2.7891,4.413,7.905
2019-07-30,1,4394,34.9,1,163.0,4767.0,584.5,188.2,143.2,3771.1,36185,287.7,2447,0.8352,2.9278,4.2634,8.0214
2019-07-31,1,4378,33.8,1,165.3,4342.2,626.9,188.4,118.0,3509.8,33627,283.8,2946,0.7775,2.6007,4.978,8.3176
2019-08-01,1,4746,36.5,2,164.1,5368.1,598.6,183.9,142.5,3876.1,41126,286.0,2967,0.822,3.3386,5.0567,9.2067
2019-08-02,1,4409,36.7,1,160.2,4997.9,554.1,194.7,135.6,3413.9,36055,276.9,2875,0.835,3.1107,4.8576,8.8114
2019-08-03,1,1373,35.8,0,159.1,3671.8,573.1,154.7,90.9,1942.5,20054,131.1,654,0.6246,2.1691,1.2791,4.0567
2019-08-04,1,1039,39.2,0,164.8,3772.7,646.9,154.8,94.2,1661.5,21992,107.8,274,0.6325,2.1881,0.6655,3.4897
2019-08-05,1,4266,34.6,2,168.1,4796.5,626.7,217.9,124.9,3548.5,37529,293.3,2422,0.8725,2.9189,4.2021,8.0068
2019-08-06,1,4379,37.1,2,164.2,4816.9,604.8,159.9,138.3,3645.4,36709,265.6,2993,0.748,2.9485,5.0575,8.7642
2019-08-07,1,4303,36.5,1,166.4,4635.9,635.3,161.9,159.4,3317.0,34428,272.2,2438,0.8021,2.8004,4.1879,7.8068
2019-08-08,1,4676,32.9,1,167.0,4538.6,618.5,187.8,111.0,3556.3,36418,267.2,2901,0.7597,2.7441,4.9094,8.4087
2019-08-09,1,4397,33.4,1,164.8,4339.4,620.3,190.9,79.9,3604.2,35951,281.7,2366,0.6962,2.6034,4.1191,7.4004
2019-08-10,1,1648,36.3,1,161.6,3052.9,598.8,134.4,88.5,2014.2,24130,134.7,807,0.5646,1.7179,1.5201,3.7658
2019-08-11,1,1428,40.5,0,164.6,4087.2,612.7,123.5,84.9,1886.9,21730,159.4,814,0.5271,2.4321,1.5257,4.4827
2019-08-12,1,4434,37.4,1,167.6,4958.0,596.3,183.1,122.5,3583.8,36501,296.1,2951,0.7737,3.0532,5.0008,8.8142
2019-08-13,1,4411,32.2,0,165.6,3514.2,624.0,200.0,114.0,3769.0,34125,280.3,2756,0.7993,2.0231,4.7227,7.5422
2019-08-14,1,4427,29.1,1,166.2,4016.7,567.1,160.4,141.2,3900.5,38302,275.6,2198,0.756,2.4147,3.9006,7.0196
2019-08-15,1,4736,37.5,1,162.6,4960.1,579.9,246.8,111.1,3820.4,39819,285.9,2867,0.9181,3.0661,4.8995,8.8458
2019-08-16,1,4009,35.6,1,163.4,4232.8,609.9,182.6,129.9,3441.3,33032,254.8,2118,0.7894,2.536,3.7145,7.0527
2019-08-17,1,1056,38.3,1,163.6,4372.9,576.9,152.1,97.2,1517.3,21145,127.4,490,0.6322,2.6572,0.9807,4.2292
2019-08-18,1,1319,33.8,0,163.8,2735.8,568.3,121.0,95.6,1695.0,22778,135.4,857,0.5451,1.5172,1.5567,3.6143
2019-08-19,1,4429,36.4,1,167.5,4584.8,646.8,202.4,135.5,3676.5,36545,286.1,2821,0.8554,2.7566,4.8124,8.4037
2019-08-20,1,4551,37.4,2,157.0,5221.9,585.8,194.1,143.9,4028.2,37577,268.8,2882,0.8526,3.2453,4.9386,9.0141
2019-08-21,1,4512,34.5,0,164.1,3665.6,576.4,210.1,129.9,3862.2,37784,296.4,2677,0.8631,2.1624,4.6237,7.6514
2019-08-22,1,4358,34.4,1,163.8,4432.3,545.2,184.1,122.1,3750.5,37095,266.0,2590,0.7754,2.721,4.4659,7.963
2019-08-23,1,4610,35.3,0,159.9,4335.5,502.7,227.1,137.6,3676.5,40159,273.5,2916,0.9265,2.683,4.9503,8.5734
2019-08-24,1,1602,36.4,0,166.0,3753.9,590.0,106.0,103.2,1731.6,24837,151.4,646,0.5225,2.2147,1.2524,3.962
2019-08-25,1,1450,35.1,0,161.8,3433.2,587.2,157.0,105.7,1869.1,21746,145.4,1170,0.6649,1.9922,2.0512,4.6863
2019-08-26,1,4600,37.2,1,162.9,4290.1,566.9,195.4,104.5,3975.9,34423,261.2,2536,0.7651,2.6062,4.409,7.8084
2019-08-27,1,4476,33.9,1,169.5,3975.6,534.5,168.2,126.0,3985.3,39744,270.6,2643,0.7418,2.4088,4.5764,7.7214
2019-08-28,1,4326,31.9,1,167.0,4101.7,570.4,230.8,110.9,3140.6,37087,243.6,2420,0.8747,2.4719,4.1276,7.4834
2019-08-29,1,4552,39.1,1,165.7,4929.6,547.6,232.6,138.0,4162.6,37490,271.7,2432,0.9421,3.0674,4.281,8.2781
2019-08-30,1,4447,33.3,2,165.1,4637.8,559.5,144.4,139.3,3732.2,37486,267.5,2662,0.7088,2.8548,4.5725,8.1475
2019-08-31,1,1417,33.3,0,163.5,3525.8,596.4,139.4,87.9,1942.1,24240,142.3,864,0.5766,2.0506,1.6004,4.1654
2019-09-01,1,1682,34.3,0,170.0,3233.9,587.1,155.8,84.2,1629.7,25844,141.2,957,0.612,1.8528,1.7024,4.1959
2019-09-02,1,3986,34.5,0,166.4,3900.3,567.6,191.5,131.8,3328.7,34071,247.8,2284,0.8177,2.3329,3.9472,7.0864
2019-09-03,1,4172,33.4,0,161.8,3932.4,534.6,218.4,123.1,3634.8,37422,278.4,2694,0.8697,2.3785,4.6137,7.8306
2019-09-04,1,4213,34.1,1,159.8,4299.8,537.4,214.6,147.0,3300.6,34750,289.4,2838,0.9147,2.6337,4.7937,8.3155
2019-09-05,1,4361,34.0,1,165.7,4981.7,526.3,194.3,153.9,3083.9,34690,260.2,2755,0.8762,3.1188,4.6301,8.6185
2019-09-06,1,4381,34.3,2,163.8,4622.6,550.0,239.0,142.6,3676.6,33357,284.4,2591,0.9699,2.8508,4.4657,8.2837
2019-09-07,1,1145,28.6,0,159.7,2269.8,515.9,151.2,92.2,1600.9,22381,131.2,369,0.6182,1.2277,0.8114,2.6608
2019-09-08,1,1239,37.9,0,165.3,3273.3,516.4,124.6,117.3,1927.6,25485,109.9,832,0.6049,1.9298,1.5364,4.0413
2019-09-09,1,4272,33.3,2,163.2,5133.4,548.5,174.7,129.9,3519.9,35119,257.7,2599,0.7683,3.2094,4.4474,8.4469
2019-09-10,1,4869,34.8,0,165.6,4205.4,478.1,225.0,126.2,3903.2,35968,257.8,2963,0.8945,2.6091,5.0397,8.5302
2019-09-11,1,4751,30.3,1,165.3,3830.8,517.4,178.1,121.9,3971.2,38467,292.7,2550,0.7589,2.3194,4.4448,7.5087
2019-09-12,1,4353,32.2,0,162.2,3354.6,534.5,179.3,116.7,3784.9,35111,258.0,2678,0.7501,1.9741,4.5978,7.3163
2019-09-13,1,4361,31.7,1,165.9,4403.6,559.7,183.2,127.2,3476.2,39103,272.9,2810,0.7848,2.6907,4.7667,8.2588
2019-09-14,1,1210,36.3,1,162.5,3941.8,528.2,139.6,96.5,1820.2,25016,160.3,525,0.597,2.3895,1.0856,4.0713
2019-09-15,1,1073,31.6,0,162.7,3122.5,498.4,125.1,66.6,1471.3,20219,142.4,746,0.4891,1.8369,1.3657,3.6781
2019-09-16,1,4406,34.4,1,162.4,4348.7,511.2,160.3,121.1,3634.7,36192,264.1,2409,0.7093,2.6862,4.1794,7.5669
2019-09-17,1,4247,31.2,1,167.4,4092.8,533.8,212.0,129.2,3653.9,34478,254.0,2444,0.8666,2.4913,4.2291,7.6175
2019-09-18,1,4412,31.5,1,163.2,4110.3,550.6,180.5,137.6,3787.6,34441,289.1,2388,0.8016,2.4918,4.1769,7.4967
2019-09-19,1,4139,31.9,2,168.1,4373.2,548.2,228.9,124.3,3523.5,35283,249.2,2337,0.9006,2.6775,4.051,7.6383
2019-09-20,1,4290,35.1,0,169.4,3860.7,550.7,193.9,130.1,3365.3,37491,279.9,2426,0.8202,2.317,4.18,7.3209
2019-09-21,1,1443,28.0,0,161.8,2119.0,503.9,163.9,73.7,1458.0,23914,172.8,911,0.6095,1.1306,1.6264,3.4243
2019-09-22,1,1482,29.1,0,155.2,2690.8,453.5,150.6,79.1,1785.0,23295,149.8,1020,0.5863,1.5661,1.8186,3.9826
2019-09-23,1,4502,27.6,0,167.1,3282.4,480.3,220.0,128.1,3866.1,32937,291.8,2830,0.8855,1.9615,4.8501,7.7016
2019-09-24,1,4189,29.4,2,163.0,4516.9,493.8,197.9,132.9,3578.1,34395,276.3,2312,0.8374,2.8162,4.032,7.6805
2019-09-25,1,4581,29.9,1,161.4,4060.4,512.4,197.6,133.4,3783.8,38233,274.5,2722,0.8377,2.4836,4.6721,8.0023
2019-09-26,1,4283,28.0,1,162.2,3566.8,483.4,211.1,113.7,3554.2,33573,271.2,2286,0.8284,2.1584,3.9876,6.8983
2019-09-27,1,4541,29.8,2,162.8,4789.9,510.7,246.4,125.9,3771.1,39381,267.9,2614,0.9512,2.9954,4.5059,8.4782
2019-09-28,1,1415,26.8,0,167.9,2514.5,490.7,129.5,114.7,1598.4,22892,154.2,828,0.612,1.4167,1.5101,3.5069
2019-09-29,1,1169,28.9,1,164.5,3348.4,482.8,148.5,97.2,1765.2,23258,114.6,512,0.6225,2.0059,1.0384,3.6489
2019-09-30,1,4370,33.6,1,167.9,4641.4,543.0,188.5,125.0,3761.7,35636,280.1,2635,0.7939,2.8689,4.5406,8.1684
2019-10-01,3,5466,31.7,2,165.5,5045.0,518.4,249.5,125.2,4405.0,40040,352.6,3392,0.9579,3.1686,5.7873,10.6885
2019-10-02,3,5511,31.1,2,163.1,5119.9,483.1,240.1,130.4,4575.5,43139,335.1,3474,0.9447,3.2458,5.9238,10.9149
2019-10-03,3,5375,28.4,2,162.8,4878.6,468.0,189.3,139.6,4103.5,40699,326.2,3588,0.8298,3.0874,6.0334,10.7689
2019-10-04,3,5676,27.1,2,165.7,4298.2,520.0,237.8,147.3,4631.5,41540,346.4,3465,0.9776,2.6447,5.9216,10.3397
2019-10-05,3,1910,27.8,0,166.5,2478.3,519.4,196.4,106.4,2240.2,22945,168.2,1511,0.7721,1.3712,2.6179,5.1907
2019-10-06,3,1682,30.1,0,167.0,2645.5,513.9,153.4,101.0,2349.5,28609,170.6,1485,0.6444,1.4921,2.5948,5.1124
2019-10-07,3,5536,32.0,2,163.2,5100.2,481.1,259.9,135.9,4476.6,42462,331.1,3710,1.0105,3.2334,6.2639,11.3429
2019-10-08,3,5749,31.9,2,164.5,5079.1,461.1,247.5,136.3,4800.7,45338,341.6,3551,0.9782,3.2326,6.0699,11.1226
2019-10-09,3,5754,31.2,1,165.8,4193.1,490.9,239.4,174.8,4577.1,44483,358.5,3412,1.0454,2.5915,5.8419,10.2158
2019-10-10,3,5180,28.0,1,162.8,4105.2,516.7,253.2,128.8,3880.1,42948,333.5,3127,0.9761,2.5119,5.3191,9.4875
2019-10-11,1,4260,29.6,2,160.6,4273.9,451.4,201.7,106.7,3500.6,34877,263.2,2185,0.787,2.6757,3.8265,7.2801
2019-10-12,1,1684,28.7,1,161.6,3390.2,477.5,149.6,70.6,1979.5,22602,131.0,1100,0.564,2.0389,1.9533,4.5553
2019-10-13,1,1226,28.8,1,163.3,3512.4,521.4,154.4,84.4,1687.3,24522,144.2,846,0.6088,2.0937,1.5437,4.1945
2019-10-14,1,4189,33.6,1,166.0,4341.1,480.1,189.9,139.4,3527.1,35828,258.1,2451,0.8309,2.7027,4.2266,7.787
2019-10-15,1,4339,25.1,0,167.8,2578.3,489.1,151.9,118.4,3499.0,35384,295.0,2269,0.6806,1.4624,3.9667,6.1158
2019-10-16,1,4502,28.3,1,159.9,3853.1,434.7,182.7,151.2,3633.0,38245,276.0,2545,0.8389,2.3929,4.3891,7.6409
2019-10-17,1,4408,31.3,1,162.2,4010.8,490.1,149.6,127.8,3430.2,37068,275.0,2805,0.6961,2.4645,4.754,7.8754
2019-10-18,1,4310,25.3,1,162.9,3233.4,457.5,202.0,143.4,3212.8,37252,263.8,2610,0.8726,1.9431,4.4304,7.2295
2019-10-19,1,1295,27.0,0,166.4,2053.8,446.8,153.0,79.2,1683.7,21599,136.2,892,0.593,1.1249,1.6078,3.3078
2019-10-20,1,1288,27.1,0,162.4,2167.0,449.7,153.9,79.3,1564.4,25169,174.7,1342,0.5956,1.2021,2.2869,4.0796
2019-10-21,1,4268,27.6,1,162.7,3504.4,479.2,197.6,127.6,3740.5,35917,262.9,2534,0.8243,2.1176,4.3789,7.3201
2019-10-22,1,4837,24.5,1,159.8,3591.6,425.6,218.4,140.3,3506.2,40268,308.0,2417,0.9094,2.2162,4.1969,7.3443
2019-10-23,1,4480,29.2,0,165.5,3396.3,446.7,156.0,126.1,3730.0,38559,277.7,2400,0.7094,2.0647,4.1841,6.9607
2019-10-24,1,4586,29.2,0,163.5,3762.4,489.2,190.2,134.4,4125.2,38497,295.5,2715,0.8202,2.2912,4.712,7.805
2019-10-25,1,4339,28.7,1,162.0,3868.8,468.8,157.0,135.9,3557.3,36024,247.1,2520,0.7347,2.38,4.3289,7.4983
2019-10-26,1,1383,25.5,1,163.2,2755.9,451.0,127.0,70.3,1757.0,25086,160.6,771,0.5028,1.6134,1.4471,3.5567
2019-10-27,1,1288,27.5,1,167.4,2774.1,477.8,168.7,85.3,1775.3,25409,137.1,719,0.6492,1.6074,1.3609,3.5948
2019-10-28,1,3949,25.2,1,161.0,2931.5,510.5,205.1,114.6,3439.2,35678,249.5,2149,0.8144,1.6947,3.7592,6.2211
2019-10-29,1,4179,26.3,0,161.5,2712.5,500.5,199.8,118.1,3417.4,35916,273.9,2491,0.8083,1.5484,4.2806,6.6396
2019-10-30,1,4101,31.6,0,167.8,3270.3,484.0,179.8,130.3,3261.1,36506,261.3,2630,0.7829,1.9504,4.4649,7.2154
2019-10-31,1,4022,27.0,2,164.2,3279.2,496.6,160.5,115.7,3511.1,33946,242.2,2645,0.6974,1.9478,4.508,7.1247
2019-11-01,3,5186,24.0,1,166.0,3460.5,484.5,237.5,107.2,3951.9,43706,297.3,3565,0.8841,2.0832,5.9686,9.6665
2019-11-02,3,1967,26.9,0,165.2,3097.5,434.8,199.8,95.1,2449.3,24434,203.4,1219,0.7551,1.8639,2.2213,5.2296
2019-11-03,3,1720,23.4,1,163.9,3021.4,426.7,180.0,79.7,2075.9,26486,167.7,1244,0.6665,1.8163,2.1985,5.0115
2019-11-04,3,5633,23.6,2,163.0,4247.7,450.3,206.5,150.0,4573.0,42128,339.1,3461,0.8999,2.6582,5.9055,10.2363
2019-11-05,3,5475,23.8,2,166.5,4412.9,444.0,240.9,152.8,4379.9,41041,333.0,3532,0.9986,2.7782,5.9858,10.5369
2019-11-06,3,5542,25.0,2,167.5,3816.8,493.4,197.7,108.9,4773.6,43026,360.0,3449,0.7814,2.3264,5.9212,9.7232
2019-11-07,3,5239,27.9,2,167.3,4661.8,472.5,252.0,126.3,4373.0,39178,322.9,3248,0.9671,2.9325,5.5538,10.2336
2019-11-08,3,5495,27.0,2,160.4,4876.0,477.2,223.7,146.2,4429.0,46152,348.0,3699,0.9372,3.0792,6.2504,11.1116
2019-11-09,3,1859,26.8,0,167.9,2613.1,499.8,146.6,76.2,2169.6,24574,172.6,1346,0.5689,1.4793,2.3644,4.7369
2019-11-10,3,1624,23.1,0,162.9,1922.8,491.9,187.2,106.2,2060.2,24309,151.0,1214,0.747,1.0016,2.1435,4.2108
2019-11-11,1,4528,24.2,1,161.7,3203.8,448.3,203.8,145.1,4138.8,35135,289.6,2701,0.8814,1.9288,4.689,7.5043
2019-11-12,1,4529,25.8,0,163.5,3216.3,490.2,196.6,126.9,3470.9,37379,292.0,2749,0.82,1.9083,4.6826,7.4092
2019-11-13,1,4328,23.7,1,166.5,3332.7,462.7,236.1,115.3,3778.3,38004,261.6,2633,0.8991,2.009,4.532,7.4272
2019-11-14,1,4225,24.4,1,165.6,2873.0,502.4,200.0,91.0,3621.8,36692,264.7,2730,0.7462,1.6594,4.6597,7.0617
2019-11-15,1,4214,25.9,0,163.2,3438.3,508.7,171.7,137.8,3789.8,38349,265.8,2213,0.7785,2.0507,3.9054,6.758
2019-11-16,1,1432,24.0,0,166.5,1753.4,506.6,147.2,122.2,1901.1,22525,144.8,889,0.6768,0.8728,1.6335,3.1933
2019-11-17,1,1475,25.2,0,164.4,2049.1,478.7,130.3,119.6,1815.1,25381,165.0,837,0.6255,1.0993,1.5552,3.2317
2019-11-18,1,4284,28.0,1,162.3,3330.6,491.8,215.0,123.5,3739.7,35446,263.9,2431,0.8615,1.9872,4.2247,7.0197
2019-11-19,1,4432,24.0,1,161.9,3020.0,438.9,196.0,111.8,3689.2,37025,270.5,2707,0.7835,1.8068,4.636,7.1799
2019-11-20,1,4529,26.9,0,165.2,2892.6,443.9,199.9,141.9,3843.9,39017,276.7,2860,0.8635,1.7141,4.8875,7.4311
2019-11-21,1,4538,25.4,1,163.8,3525.1,496.3,160.0,127.6,3970.6,34014,267.9,2526,0.7236,2.1202,4.3962,7.2211
2019-11-22,1,4706,20.9,1,159.9,3687.9,506.6,196.1,138.6,3834.4,41349,266.1,3033,0.8457,2.2269,5.1418,8.2031
2019-11-23,1,1646,21.6,1,166.5,2548.2,463.7,138.4,99.3,1844.1,24652,150.7,697,0.6003,1.4592,1.342,3.3998
2019-11-24,1,1236,22.0,1,162.6,2291.6,484.3,109.7,91.2,1550.4,20299,136.9,823,0.5047,1.2651,1.4882,3.2572
2019-11-25,1,4730,21.9,0,168.8,2962.3,514.4,190.3,147.2,3913.7,36619,287.9,2583,0.85,1.7135,4.4847,7.047
2019-11-26,1,4331,23.5,1,159.8,3398.2,462.3,197.5,143.0,3427.1,36374,269.1,2396,0.8596,2.0551,4.1373,7.0806
2019-11-27,1,4615,24.9,1,163.5,3393.9,481.3,193.0,122.5,3698.3,36135,271.9,2688,0.8002,2.0388,4.609,7.4061
2019-11-28,1,4439,26.2,1,161.9,3500.7,501.5,158.8,114.4,3478.0,32958,277.8,2503,0.6898,2.0994,4.3068,7.1044
2019-11-29,1,4353,24.0,1,161.1,3241.9,487.6,182.3,89.7,3690.4,36457,272.9,2009,0.6958,1.928,3.5901,6.2221
2019-11-30,1,1091,22.3,0,162.5,2026.4,493.2,119.3,82.9,1441.0,21283,129.8,743,0.5112,1.0732,1.3522,2.9051
2019-12-01,0,224,18.6,0,169.3,1754.3,487.7,118.3,61.3,807.3,20113,89.0,270,0.4586,0.8866,0.548,1.5658
2019-12-02,0,516,23.2,0,164.4,2146.9,497.9,121.2,87.5,1020.0,18244,102.9,270,0.5269,1.1543,0.5792,1.8629
2019-12-03,0,971,23.0,1,161.6,3072.7,481.6,118.4,81.6,1399.2,26149,134.5,520,0.5058,1.8138,1.0163,2.7343
2019-12-04,0,1070,23.3,1,158.5,2562.8,474.8,119.3,84.4,1476.9,23419,130.0,553,0.5147,1.4616,1.0723,2.4394
2019-12-05,0,653,27.4,0,158.8,2174.5,472.2,123.2,95.0,1350.1,21097,110.2,71,0.5496,1.1916,0.3244,1.7179
2019-12-06,0,851,25.5,0,162.4,2069.8,497.5,146.5,91.2,1398.5,22696,92.4,166,0.6033,1.1006,0.4652,1.7843
2019-12-07,0,124,24.4,1,162.1,2127.5,477.0,118.4,74.7,1043.5,15242,93.2,217,0.4899,1.1553,0.4972,1.7669
2019-12-08,0,142,20.4,0,163.3,1981.6,504.3,143.9,102.0,1069.2,17702,77.8,274,0.6213,1.0341,0.5796,1.7479
2019-12-09,0,936,21.4,0,157.2,2080.0,477.5,151.8,97.3,1613.6,25141,118.1,650,0.6316,1.1218,1.2293,2.4325
2019-12-10,0,790,22.2,1,163.7,2342.4,485.1,157.1,78.2,1046.4,20742,95.3,526,0.6017,1.3001,0.9637,2.3138
2019-12-11,0,1110,20.6,0,167.1,2239.8,471.9,160.1,82.8,1385.3,22549,150.0,785,0.6203,1.2375,1.418,2.7185
2019-12-12,0,710,23.4,0,168.9,1918.2,551.6,157.2,95.3,1440.1,20142,77.3,541,0.6414,0.9566,1.0251,2.1234
2019-12-13,0,977,23.0,0,158.3,1722.5,515.1,102.2,89.8,1543.8,24740,136.8,425,0.4813,0.8452,0.8917,1.8559
2019-12-14,0,273,19.7,0,161.6,1904.2,488.3,129.2,61.5,1245.1,18706,92.4,198,0.4883,0.9911,0.4936,1.6417
2019-12-15,0,398,24.7,0,161.4,1903.2,526.6,144.0,93.2,868.8,17418,70.0,178,0.6012,0.9636,0.408,1.6232
2019-12-16,0,716,22.2,0,164.4,2164.4,495.2,153.7,102.5,1258.4,25649,131.7,364,0.6487,1.1684,0.764,2.1449
2019-12-17,0,788,18.1,0,160.3,2147.4,501.9,107.2,102.2,1335.2,18835,116.6,662,0.5234,1.1518,1.2113,2.3434
2019-12-18,0,776,21.7,0,169.0,1900.1,525.9,138.4,107.5,1411.1,21084,81.6,734,0.6192,0.9619,1.3134,2.3544
2019-12-19,0,646,22.4,0,164.1,1775.8,518.5,123.3,113.8,1307.0,19198,99.0,50,0.5933,0.8801,0.2821,1.4626
2019-12-20,0,916,23.9,0,163.6,1961.1,541.9,167.1,111.9,1552.4,20584,122.6,485,0.7063,0.9934,0.9751,2.1699
2019-12-21,0,372,20.9,1,168.8,2450.0,534.4,86.2,84.6,1110.0,17655,112.3,160,0.4264,1.3409,0.429,1.7679
2019-12-22,0,362,23.4,0,164.0,1959.0,522.5,99.6,76.2,1371.5,18548,86.4,419,0.443,1.0056,0.8375,1.8665
2019-12-23,0,1073,22.0,1,165.2,2595.2,555.4,89.5,60.4,1869.7,24278,91.5,361,0.3794,1.4279,0.8143,2.1276
2019-12-24,0,1058,18.6,0,161.7,1969.7,529.0,132.2,87.9,1354.7,19020,140.1,76,0.5573,1.0085,0.3453,1.6138
2019-12-25,0,729,18.4,1,159.9,2696.8,508.8,172.9,91.5,1360.1,23331,113.8,571,0.6747,1.5316,1.0779,2.7125
2019-12-26,0,864,23.9,0,162.2,1773.4,539.2,124.6,86.0,1579.3,23588,87.1,674,0.5326,0.8639,1.2468,2.1531
2019-12-27,0,685,24.0,1,170.6,3072.2,587.8,124.6,54.9,1430.1,21793,109.9,76,0.4607,1.7391,0.3416,2.0589
2019-12-28,0,259,22.0,1,165.9,2528.0,576.0,126.8,73.8,987.2,19315,92.0,128,0.5103,1.3664,0.3577,1.8406
2019-12-29,0,147,24.6,0,164.8,1490.7,515.0,110.1,86.4,1037.0,19115,77.7,361,0.4947,0.683,0.7066,1.5748
2019-12-30,0,1088,23.6,0,161.1,2048.4,506.1,137.6,72.7,1289.5,25132,114.0,437,0.5367,1.0796,0.8691,2.0453
2019-12-31,0,862,22.7,0,166.7,2149.2,583.8,134.1,87.8,1431.0,18478,106.5,518,0.5622,1.0958,1.0022,2.1576
2020-01-01,0,771,19.2,0,187.9,1836.5,625.9,105.3,90.7,1115.2,22547,105.8,539,0.4917,0.8474,0.9967,1.8795
2020-01-02,0,1025,25.0,0,187.3,1597.0,578.6,126.4,104.1,1626.9,20962,125.4,338,0.5792,0.7129,0.7649,1.6773
2020-01-03,0,420,22.3,0,190.3,1576.4,628.2,133.9,105.7,959.5,21250,103.4,142,0.603,0.6637,0.381,1.3591
2020-01-04,0,80,20.3,0,197.9,1909.3,664.0,131.9,70.3,978.9,17232,52.8,50,0.5159,0.8717,0.2214,1.3076
2020-01-05,0,403,19.6,0,197.7,1386.5,669.3,145.8,82.6,1207.3,20965,96.2,204,0.5815,0.502,0.5005,1.3241
2020-01-06,0,821,21.6,1,190.6,2082.0,674.6,132.2,88.1,1422.7,18661,117.8,334,0.5578,0.9852,0.7303,1.8773
2020-01-07,0,856,17.4,0,190.0,2086.5,632.9,133.2,95.0,1317.0,18549,115.5,534,0.5764,1.0175,1.0166,2.1466
2020-01-08,0,572,22.6,1,187.1,2343.7,672.2,136.8,89.9,1216.8,20199,95.9,446,0.5743,1.17,0.8642,2.1517
2020-01-09,0,806,18.9,0,192.2,1754.5,676.3,111.4,106.0,1612.3,23969,128.3,717,0.5434,0.7547,1.3339,2.1236
2020-01-10,0,1171,21.8,1,192.5,2410.7,640.9,117.1,54.1,1549.6,23884,143.8,1099,0.4388,1.2389,1.9063,2.9264
2020-01-11,0,408,19.9,1,194.4,1981.4,674.6,114.6,86.2,1156.8,20666,89.0,274,0.5062,0.9148,0.5961,1.628
2020-01-12,0,290,20.4,0,194.7,1942.7,698.8,87.2,85.8,979.6,20766,87.1,111,0.4319,0.8707,0.3295,1.3479
2020-01-13,0,731,19.3,1,191.4,2228.4,678.6,132.1,80.2,1536.9,20356,117.2,357,0.5393,1.0849,0.7788,1.9448
2020-01-14,0,739,20.6,0,193.7,1780.7,698.2,146.4,49.9,1372.2,22203,123.6,255,0.5076,0.7578,0.6094,1.5394
2020-01-15,0,427,25.2,1,189.9,2481.4,663.3,102.1,79.2,1027.2,18750,84.4,328,0.4566,1.2727,0.6589,1.9541
2020-01-16,0,857,24.1,1,193.6,2400.4,708.0,135.0,74.6,1432.6,21034,101.0,408,0.5341,1.1847,0.8357,2.1097
2020-01-17,0,963,21.8,0,190.5,1788.3,675.9,113.5,111.7,1453.7,21703,121.6,652,0.5622,0.7787,1.2137,2.0648
2020-01-18,0,80,21.0,0,193.4,1251.1,762.9,89.1,81.6,1200.3,17354,65.1,50,0.4273,0.3417,0.2535,0.8498
2020-01-19,0,140,22.9,0,193.1,1877.7,668.1,157.7,64.7,978.8,18469,58.0,50,0.5721,0.8467,0.2241,1.3204
2020-01-20,0,602,23.5,0,192.2,1909.0,768.2,98.8,51.4,1024.3,20070,92.2,427,0.3835,0.7986,0.8109,1.6102
2020-01-21,0,637,19.2,0,194.4,1762.0,688.0,93.3,91.5,1384.7,19402,108.7,347,0.4614,0.7518,0.7414,1.5992
2020-01-22,0,820,20.9,0,187.3,1668.9,720.4,129.5,95.3,1729.9,21191,130.5,130,0.5672,0.664,0.4677,1.4229
2020-01-23,0,435,17.1,0,188.8,1853.4,717.7,123.7,77.0,1385.1,20106,86.1,250,0.5094,0.795,0.586,1.5291
2020-01-24,0,921,23.6,0,191.2,2086.8,686.1,141.3,95.1,1272.5,19888,115.0,390,0.5984,0.9805,0.7954,1.9025
2020-01-25,0,395,25.7,0,187.7,1946.8,713.7,161.1,74.5,1096.5,20410,94.6,442,0.6038,0.8632,0.8433,1.8708
2020-01-26,0,214,21.4,0,190.8,2225.1,700.8,96.8,93.6,1027.2,18010,76.8,299,0.4756,1.067,0.6117,1.757
2020-01-27,0,364,16.5,0,190.9,2017.0,723.4,103.8,94.3,1122.3,19886,82.7,50,0.496,0.9055,0.2529,1.4033
2020-01-28,0,631,22.6,0,195.9,1867.2,742.1,156.8,58.0,1359.8,19453,107.4,510,0.5542,0.7876,0.9823,1.9155
2020-01-29,0,1032,19.3,0,192.4,2179.3,719.4,149.2,66.5,1477.9,24225,107.1,669,0.5535,1.0219,1.2363,2.2868
2020-01-30,0,310,19.9,0,195.1,1834.0,730.6,133.2,109.2,927.4,21023,79.7,50,0.6092,0.7724,0.2285,1.3167
2020-01-31,0,748,22.7,0,192.9,1933.8,744.5,110.5,98.0,1535.1,19253,106.2,592,0.5225,0.8325,1.1258,2.0735
2020-02-01,1,1228,22.0,0,190.4,2369.5,706.8,156.9,70.8,1459.1,24103,134.1,482,0.584,1.1639,0.9657,2.7076
2020-02-02,1,1586,20.4,0,192.4,1881.3,718.4,156.2,70.5,1738.9,27264,128.2,1126,0.5815,0.814,1.9635,3.3533
2020-02-03,1,4381,20.1,1,194.2,3283.7,773.9,193.0,130.7,3412.9,34693,270.6,2425,0.8192,1.7569,4.1792,6.7451
2020-02-04,1,4575,21.8,1,195.6,3631.6,769.1,179.5,112.8,3846.7,35651,265.4,2380,0.7416,2.0037,4.1617,6.9245
2020-02-05,1,4604,20.7,1,191.6,3409.3,713.2,195.2,125.5,3773.6,38660,274.0,3052,0.813,1.8873,5.1657,7.8529
2020-02-06,1,4833,19.2,1,187.1,3285.6,706.1,233.3,132.3,4055.5,35946,301.9,2525,0.9309,1.8056,4.4208,7.1791
2020-02-07,1,4466,21.0,1,186.8,2853.6,679.5,166.3,127.2,3527.6,35358,275.1,2445,0.7395,1.5219,4.2252,6.5132
2020-02-08,1,1508,22.5,0,191.0,1506.5,775.0,119.5,110.0,1609.4,22507,162.9,765,0.5744,0.512,1.4207,2.5224
2020-02-09,1,1173,21.4,1,185.0,3079.6,748.7,117.3,116.6,1547.4,24272,126.9,598,0.5837,1.6316,1.1471,3.3568
2020-02-10,1,4717,18.8,1,197.4,3435.1,756.3,185.9,124.4,3791.7,36565,298.9,2862,0.7856,1.8752,4.8935,7.5193
2020-02-11,1,4366,24.1,2,193.8,3642.3,788.4,188.2,110.4,3644.6,35825,281.0,2543,0.7594,1.9977,4.389,7.1406
2020-02-12,1,4401,16.0,1,190.1,3373.1,810.0,210.3,133.6,3325.8,35137,272.9,2733,0.8722,1.7942,4.6319,7.2816
2020-02-13,1,4498,21.1,0,188.7,2538.1,719.1,201.1,153.4,3774.9,38959,261.6,2676,0.8933,1.2733,4.5964,6.7435
2020-02-14,1,4221,20.8,2,195.1,3674.7,770.8,187.3,119.6,3356.1,34181,263.7,2147,0.7782,2.0327,3.7522,6.5571
2020-02-15,1,1482,22.5,1,188.7,2366.2,724.2,142.8,105.5,1702.3,21691,135.3,959,0.6264,1.1494,1.7102,3.498
2020-02-16,1,1615,23.5,0,188.9,1754.0,790.5,152.8,81.8,2112.6,22179,140.8,979,0.5985,0.6744,1.792,3.0494
2020-02-17,1,4555,24.8,1,189.7,2770.4,770.5,155.0,130.0,3331.1,38380,281.8,2529,0.7157,1.3999,4.3316,6.4128
2020-02-18,1,4216,20.9,1,192.3,2824.3,776.4,209.5,108.2,3572.0,37086,247.3,2819,0.8114,1.4335,4.7796,7.0005
2020-02-19,1,4480,23.8,1,193.9,3565.9,801.4,172.5,128.9,3735.0,39063,266.1,2708,0.7601,1.9352,4.6417,7.3791
2020-02-20,1,4636,23.0,1,195.6,3079.7,791.6,183.7,128.9,3626.9,35201,271.5,2858,0.7901,1.6017,4.855,7.2604
2020-02-21,1,4164,18.9,1,195.1,3366.8,796.2,192.4,134.1,3401.2,35073,259.3,2591,0.8254,1.7994,4.4219,7.0227
2020-02-22,1,1247,26.9,0,192.0,2504.0,803.1,130.8,116.6,1892.9,27607,121.9,648,0.6199,1.1906,1.2623,3.105
2020-02-23,1,1599,19.7,0,195.1,2122.1,796.6,149.5,88.4,2244.7,24172,138.5,1041,0.6049,0.9278,1.9004,3.4272
2020-02-24,1,4551,23.9,2,190.0,3759.1,781.6,195.0,99.6,3913.3,36100,281.4,2696,0.7527,2.0842,4.6511,7.5449
2020-02-25,1,4577,23.9,1,186.5,3357.3,777.4,186.0,126.9,4077.2,37186,275.6,2554,0.7916,1.8059,4.4554,7.0595
2020-02-26,1,4837,23.7,1,190.0,3274.2,800.9,230.7,137.5,3774.5,39269,292.7,2586,0.9359,1.7313,4.4754,7.1568
2020-02-27,1,4587,22.1,1,189.6,3638.0,814.6,208.1,133.1,3459.5,38189,268.0,2665,0.8652,1.9764,4.5447,7.4072
2020-02-28,1,4621,25.1,2,190.1,4352.2,818.8,199.8,128.1,3755.5,36302,273.0,2786,0.8314,2.4734,4.7634,8.1053
2020-02-29,1,1929,20.0,0,189.1,2570.6,765.1,160.0,120.5,2240.9,25049,186.3,1122,0.7072,1.2638,2.0433,4.0033
2020-03-01,1,1402,23.4,1,190.6,2033.1,846.7,119.7,93.9,1435.4,23355,129.7,780,0.5377,0.8305,1.4076,2.8108
2020-03-02,1,4359,22.4,1,193.9,3158.9,829.6,236.3,125.7,3435.8,34994,245.9,2533,0.9237,1.6305,4.3329,6.8715
2020-03-03,1,4579,22.2,1,197.1,3324.3,836.1,168.5,118.3,3592.2,35009,285.2,2604,0.7249,1.7417,4.4759,6.9335
2020-03-04,1,4581,24.8,1,186.8,3444.0,780.1,194.9,103.8,3804.4,40495,272.6,2936,0.7621,1.8647,4.9953,7.6224
2020-03-05,1,4408,26.3,1,188.1,2984.2,860.4,183.0,132.8,3673.9,35781,276.3,2605,0.7972,1.4867,4.4834,6.7903
2020-03-06,1,4317,23.3,1,189.6,2809.6,878.5,180.6,130.5,3437.0,35501,268.2,2416,0.7855,1.3518,4.1678,6.2968
2020-03-07,1,1857,25.9,0,194.3,2620.4,888.9,133.4,81.4,2083.7,25225,165.2,752,0.5455,1.212,1.46,3.2588
2020-03-08,1,1500,24.4,0,191.4,1949.6,835.1,120.0,92.3,1623.9,24155,141.3,835,0.5348,0.7802,1.5182,2.8663
2020-03-09,1,4371,22.4,1,189.8,2888.6,836.0,214.8,125.3,3533.3,37141,269.0,2431,0.8651,1.4368,4.2027,6.5056
2020-03-10,1,4667,23.9,1,194.2,3056.5,886.2,167.5,121.6,3565.9,36764,298.8,2596,0.7298,1.5192,4.4674,6.6923
2020-03-11,1,4483,23.9,1,194.9,3402.6,848.3,212.3,116.9,3652.4,38879,250.1,2770,0.839,1.788,4.7175,7.3695
2020-03-12,1,4457,23.2,0,191.9,2561.2,857.0,204.5,134.6,3519.3,37795,259.7,2599,0.859,1.1929,4.449,6.4486
2020-03-13,1,4604,25.8,1,189.6,3483.7,841.2,184.5,126.9,3878.7,36993,272.3,2367,0.7876,1.8497,4.1496,6.8055
2020-03-14,1,1208,25.4,0,192.8,1819.4,899.8,143.5,80.6,1644.2,21874,109.0,812,0.5708,0.6437,1.4709,2.6648
2020-03-15,2,1648,21.6,1,191.3,2375.5,883.2,136.2,81.9,1880.9,26874,143.4,671,0.5542,1.0446,1.3048,3.0512
2020-03-16,2,5297,21.5,2,191.3,4558.6,846.0,181.1,136.6,4502.4,39956,306.4,3197,0.8009,2.5988,5.4857,9.2061
2020-03-17,2,5037,26.2,2,190.5,4370.0,886.0,176.7,149.3,4091.9,36918,313.4,2836,0.8184,2.4388,4.8971,8.464
2020-03-18,2,4885,23.6,2,194.8,4006.8,869.0,212.3,136.7,3862.4,40355,293.8,2849,0.8847,2.1965,4.8813,8.292
2020-03-19,2,4861,26.2,2,192.7,4090.5,848.1,210.8,129.8,3808.7,37109,291.2,2815,0.8648,2.2697,4.8217,8.2895
2020-03-20,2,4879,27.4,2,195.1,4749.0,867.3,203.1,138.2,3712.4,40055,290.0,2803,0.8636,2.7172,4.7925,8.6925
2020-03-21,2,1539,23.0,1,196.0,2957.8,884.1,129.1,113.9,1842.3,19938,131.6,930,0.6091,1.4516,1.6813,3.8833
2020-03-22,2,1517,22.8,1,193.4,3097.1,851.0,133.1,100.6,1895.9,23708,154.0,895,0.5891,1.5723,1.6464,3.9839
2020-03-23,2,5118,29.7,2,190.5,4535.9,846.5,195.0,140.3,3728.6,41584,319.8,3305,0.8467,2.5826,5.5613,9.3754
2020-03-24,2,4641,26.9,2,195.1,4269.1,845.9,155.1,140.3,3531.9,37501,269.3,2732,0.7398,2.3962,4.6543,8.0931
2020-03-25,2,5108,25.4,2,193.4,4295.4,855.5,203.3,133.9,3974.1,40530,324.3,3007,0.8542,2.4079,5.1455,8.7287
2020-03-26,2,4884,24.4,1,199.8,3430.3,912.8,209.4,136.4,3730.4,36889,286.7,2705,0.8763,1.7622,4.6452,7.5409
2020-03-27,2,5020,25.4,2,192.9,4145.8,903.3,201.8,127.9,4020.2,39710,291.9,2980,0.8363,2.2698,5.0957,8.5361
2020-03-28,2,1382,24.1,2,194.1,3136.1,907.2,173.8,68.3,1789.6,23811,142.9,617,0.6236,1.5602,1.2117,3.5516
2020-03-29,2,1824,28.8,2,192.9,3930.3,891.2,120.7,102.0,2008.9,26099,163.8,1265,0.5591,2.1274,2.2201,5.1066
2020-03-30,2,5177,25.2,2,191.7,3840.1,838.3,188.6,142.3,4208.8,43414,307.1,2735,0.8342,2.1013,4.7588,7.9788
2020-03-31,2,5125,29.5,2,191.2,4815.0,854.2,205.2,132.2,3972.2,41873,301.5,2821,0.8553,2.7726,4.8564,8.8683
2020-04-01,1,4230,26.3,1,192.9,3473.2,880.1,191.5,141.3,3514.3,37192,279.4,2160,0.8396,1.8152,3.7986,6.4008
2020-04-02,1,4652,25.1,1,193.6,3298.6,913.7,151.9,120.0,3603.6,38987,276.9,2774,0.6843,1.6694,4.7297,7.1054
2020-04-03,1,4575,26.6,0,195.5,3103.1,885.9,205.6,103.3,3787.7,35579,280.0,2577,0.7896,1.552,4.4567,6.8038
2020-04-04,1,1152,21.9,0,192.9,1920.1,858.7,136.2,78.4,1627.9,21990,147.2,792,0.5461,0.743,1.4562,2.757
2020-04-05,1,1436,27.5,0,190.6,2193.5,916.0,89.2,69.1,1574.6,21273,123.6,657,0.3987,0.8942,1.2365,2.5097
2020-04-06,1,4568,27.5,0,191.0,3229.5,864.5,189.7,134.9,3704.2,34900,275.1,2745,0.82,1.6555,4.6963,7.168
2020-04-07,1,4602,29.9,2,188.0,4564.6,842.0,175.0,118.9,3746.4,35733,294.4,2774,0.7437,2.6058,4.7538,8.1106
2020-04-08,1,4534,24.0,2,197.0,3700.9,918.7,181.6,144.2,3761.7,36990,285.4,2668,0.8198,1.9475,4.5929,7.3581
2020-04-09,1,4555,30.9,1,190.4,3842.0,882.2,162.6,144.1,3781.4,34926,290.7,2647,0.7686,2.0719,4.5656,7.3612
2020-04-10,1,4768,30.3,1,194.9,3928.6,892.9,205.0,118.3,3726.3,37955,273.7,2790,0.8227,2.125,4.7667,7.7572
2020-04-11,1,1661,31.3,0,192.8,2713.0,896.7,178.7,82.8,2067.3,24699,153.6,799,0.6702,1.2714,1.5231,3.481
2020-04-12,1,925,28.6,0,192.9,2773.3,874.9,132.5,94.1,1567.7,19843,113.2,343,0.5725,1.3289,0.7595,2.6617
2020-04-13,1,4445,31.1,1,191.6,4076.1,880.1,142.5,143.0,3525.5,39415,302.3,2676,0.7122,2.2372,4.5849,7.5368
2020-04-14,1,4473,25.8,1,189.6,3394.6,883.5,196.8,98.5,3467.6,34402,286.0,2528,0.755,1.7578,4.3471,6.902
2020-04-15,2,4637,30.7,2,189.1,4449.5,832.0,189.2,134.9,3658.3,39487,283.4,2771,0.8187,2.5322,4.7349,8.3907
2020-04-16,2,4970,27.6,2,197.2,4604.2,945.4,175.2,101.7,3716.5,34816,302.1,3162,0.7045,2.5612,5.3354,8.9208
2020-04-17,2,5177,25.8,2,192.3,4093.7,865.0,211.0,128.9,4147.2,39487,308.6,2920,0.8632,2.2601,5.0284,8.499
2020-04-18,2,1389,27.1,1,195.4,2841.3,891.0,154.4,108.1,1974.2,21678,145.9,698,0.6635,1.3652,1.3561,3.5317
2020-04-19,2,1645,29.7,2,196.2,4089.7,943.8,124.9,139.9,2175.8,23731,138.7,896,0.6579,2.2021,1.6746,4.6908
2020-04-20,2,4788,28.0,2,190.8,4516.9,908.3,160.0,128.9,3672.5,41368,306.8,2784,0.7266,2.526,4.7672,8.3678
2020-04-21,2,4832,30.8,2,193.3,4097.5,908.5,152.7,114.3,4037.5,37670,276.5,2913,0.6733,2.2323,4.9897,8.2185
2020-04-22,2,5219,26.1,2,192.1,4255.8,858.4,189.3,129.9,4151.0,37932,312.3,3022,0.8074,2.3782,5.183,8.6809
2020-04-23,2,4855,25.6,2,188.5,4188.3,869.5,194.0,134.3,3478.8,39269,283.6,3190,0.8302,2.3232,5.3419,8.8472
2020-04-24,2,5036,33.4,1,191.4,4486.0,893.2,189.3,125.4,3962.5,38511,302.1,2997,0.797,2.515,5.1185,8.7762
2020-04-25,2,1248,32.5,1,193.8,3641.2,906.5,117.4,76.1,1593.9,23513,143.0,864,0.4904,1.9143,1.5587,4.1197
2020-04-26,2,1920,28.3,1,190.5,2800.6,923.4,157.1,91.6,2308.3,24418,140.9,1107,0.6326,1.314,2.0082,4.1227
2020-04-27,2,5061,30.8,1,191.0,3545.0,947.3,211.3,141.7,3881.0,37699,300.7,3118,0.8936,1.8184,5.2893,8.3371
2020-04-28,2,4920,33.2,2,191.5,4791.0,915.3,203.0,131.5,4051.8,37246,279.1,2817,0.8478,2.713,4.8485,8.7685
2020-04-29,2,5056,32.0,2,198.3,5011.3,918.6,219.0,122.4,4015.4,40672,299.2,2817,0.8697,2.8649,4.8542,8.935
2020-04-30,2,4699,31.5,2,186.5,3959.8,906.9,180.1,121.3,3553.1,37328,269.1,2888,0.7629,2.137,4.8907,8.0954
2020-05-01,0,1023,33.7,0,193.5,2766.5,894.7,104.3,81.1,1434.9,20410,123.0,583,0.4669,1.3103,1.1082,2.3719
2020-05-02,0,201,29.8,0,191.2,1848.3,833.0,102.1,62.4,1300.3,19135,78.9,161,0.4178,0.7107,0.4388,1.3149
2020-05-03,0,223,31.6,0,190.1,2497.2,862.0,101.0,67.1,1007.1,19080,94.0,306,0.4257,1.1446,0.6279,1.8183
2020-05-04,0,722,31.7,0,191.2,3195.6,839.0,77.9,93.3,1510.7,22065,122.2,444,0.4243,1.6496,0.9089,2.4377
2020-05-05,0,706,31.2,0,194.0,2568.9,901.6,110.7,80.0,1490.9,20098,106.9,383,0.4815,1.1671,0.8075,2.0154
2020-05-06,0,935,31.1,1,194.2,3158.6,907.4,151.1,59.9,1399.0,21787,127.8,446,0.5433,1.5758,0.9009,2.5181
2020-05-07,0,856,32.2,0,192.6,2993.1,864.3,143.0,100.6,1199.7,22354,130.1,688,0.6156,1.4902,1.2412,2.7633
2020-05-08,0,928,32.3,0,195.3,2808.5,895.0,138.3,92.4,1268.0,20081,105.7,477,0.5841,1.3394,0.9212,2.3365
2020-05-09,0,258,30.0,1,195.8,2848.4,882.6,117.5,57.3,1321.3,20679,103.8,140,0.4473,1.3761,0.4215,1.8692
2020-05-10,0,352,34.2,1,194.4,3649.9,908.1,148.2,73.7,1145.6,19508,90.4,256,0.5674,1.9193,0.568,2.4913
2020-05-11,0,735,30.4,0,190.4,2662.7,870.7,99.9,71.9,1043.6,19105,96.3,477,0.4338,1.2544,0.8898,2.1222
2020-05-12,0,1212,32.2,0,193.5,2931.8,931.2,110.6,99.7,1801.6,21095,133.1,885,0.5267,1.4004,1.6099,2.9473
2020-05-13,0,528,32.2,0,193.5,2663.4,909.6,144.2,75.8,905.7,20039,97.9,294,0.5616,1.2277,0.5998,1.9753
2020-05-14,0,1037,33.7,1,189.6,3419.0,926.5,129.3,86.4,1394.2,21365,104.8,849,0.5461,1.7448,1.4944,3.1444
2020-05-15,0,1057,28.4,1,187.3,3142.6,863.6,114.3,84.8,1570.0,23798,109.4,568,0.5022,1.5953,1.0968,2.6172
2020-05-16,0,106,35.1,1,185.9,3368.4,921.3,124.1,54.1,1419.4,17929,99.4,128,0.4576,1.713,0.4124,2.1061
2020-05-17,0,661,31.8,0,192.2,3004.2,896.3,112.3,104.0,1456.7,21322,108.1,350,0.5412,1.4755,0.7548,2.3017
2020-05-18,0,990,36.1,0,192.9,2981.9,885.4,109.4,96.8,1427.0,20630,137.3,951,0.5168,1.4676,1.6657,2.9473
2020-05-19,0,985,32.5,0,188.5,3211.8,937.5,108.7,75.6,1515.8,22096,114.3,508,0.466,1.592,1.002,2.5136
2020-05-20,0,815,33.5,0,195.1,3037.7,861.3,131.7,87.7,1570.8,23791,102.1,426,0.5555,1.5235,0.8806,2.4526
2020-05-21,0,771,38.0,0,192.5,3170.5,880.1,128.4,98.9,1634.0,20972,89.5,468,0.5726,1.6033,0.9446,2.5729
2020-05-22,0,773,33.3,0,196.0,3014.6,867.4,157.3,85.1,1334.7,20251,121.4,400,0.6181,1.503,0.8209,2.3599
2020-05-23,0,330,36.7,0,193.1,3002.3,848.5,109.6,102.3,1065.2,17831,94.8,248,0.53,1.5077,0.5478,2.0865
2020-05-24,0,512,34.2,0,188.8,2934.5,821.8,112.5,124.9,1068.0,20117,93.1,518,0.59,1.4789,0.9531,2.4752
2020-05-25,0,843,35.1,1,193.4,3498.9,908.9,156.8,83.2,1542.4,24077,103.4,515,0.6124,1.813,1.0113,2.83
2020-05-26,0,646,34.4,0,194.0,2945.0,861.8,143.3,74.0,1485.2,18259,117.6,408,0.555,1.4582,0.8486,2.3596
2020-05-27,0,959,36.3,0,190.4,3514.8,870.8,130.4,71.7,1145.6,21938,116.0,515,0.5151,1.8508,0.9688,2.7343
2020-05-28,0,976,33.0,0,187.7,3029.3,885.7,93.2,53.5,1433.7,19014,116.9,475,0.3734,1.5005,0.9429,2.328
2020-05-29,0,928,32.4,0,192.3,2521.8,894.7,108.8,104.9,1256.9,21159,109.6,556,0.5339,1.139,1.0405,2.2359
2020-05-30,0,394,33.3,1,189.0,3037.4,876.9,93.9,74.4,1171.4,20128,87.8,230,0.4235,1.5123,0.5311,2.0197
2020-05-31,0,211,35.0,1,195.4,3538.9,924.8,114.6,90.7,808.0,16042,91.1,334,0.5166,1.8299,0.6438,2.4655
2020-06-01,0,643,34.4,0,190.8,3068.1,912.1,110.4,98.9,1061.0,19900,86.9,200,0.5243,1.5092,0.4724,2.0387
2020-06-02,0,654,36.5,0,197.2,3047.6,868.2,157.0,66.6,1507.7,21270,105.4,641,0.5746,1.5256,1.1962,2.719
2020-06-03,0,516,37.9,0,185.6,3765.9,857.1,84.7,67.2,1190.1,20403,109.7,273,0.3822,2.0362,0.6078,2.4603
2020-06-04,0,853,33.0,1,192.4,3597.7,867.6,99.8,111.4,1418.1,22193,112.4,521,0.5248,1.9111,1.0089,2.8369
2020-06-05,0,795,33.6,0,196.3,2759.2,886.7,129.7,83.5,1470.6,19585,123.4,269,0.5405,1.3107,0.6414,2.0555
2020-06-06,0,180,32.2,1,189.3,2951.6,819.1,124.7,67.3,1186.3,19278,99.2,206,0.4897,1.4928,0.5018,2.0296
2020-06-07,0,80,39.9,0,191.5,3422.7,851.8,54.5,60.3,874.3,17256,89.4,50,0.2854,1.7996,0.2253,1.9103
2020-06-08,0,586,36.2,0,190.8,3086.5,849.5,82.4,79.9,1192.0,21746,94.9,407,0.4054,1.5659,0.8028,2.3133
2020-06-09,0,1012,36.6,0,189.9,3643.4,890.0,122.4,109.8,1456.9,18091,120.1,637,0.5817,1.9274,1.1898,3.0076
2020-06-10,0,691,32.7,0,192.7,3050.4,836.0,152.3,93.6,1523.1,20381,110.2,342,0.6244,1.5501,0.7515,2.4231
2020-06-11,0,875,35.7,0,188.1,3190.9,782.7,167.3,88.2,1430.2,21853,108.7,136,0.6521,1.6857,0.4311,2.2977
2020-06-12,0,560,36.9,1,191.7,3943.6,856.4,111.0,105.5,1194.8,22781,94.2,714,0.5412,2.161,1.2636,3.2468
2020-06-13,0,518,35.3,0,193.5,3267.6,831.1,115.6,102.2,1291.5,20332,91.6,111,0.5459,1.7056,0.3688,2.1686
2020-06-14,0,233,38.3,0,191.4,3348.2,847.6,95.8,82.8,1374.1,19318,116.0,184,0.448,1.7504,0.4989,2.2054
2020-06-15,0,863,41.1,1,189.0,4424.7,854.9,139.5,127.0,1448.4,22300,110.6,369,0.6672,2.4989,0.7838,3.2703
2020-06-16,0,1229,34.0,0,195.1,3222.2,860.8,165.7,86.0,1613.5,25417,143.1,901,0.6427,1.653,1.6171,3.1401
2020-06-17,0,1083,33.9,0,194.2,3149.4,846.4,157.1,104.5,1921.2,21861,113.3,560,0.6624,1.6121,1.1281,2.8263
2020-06-18,0,755,34.3,0,188.9,2790.7,827.7,123.0,78.2,1607.5,18645,129.4,303,0.5103,1.3741,0.7112,2.1006
2020-06-19,0,704,39.8,1,188.1,3957.7,847.1,104.2,97.0,1549.7,18087,102.1,515,0.5033,2.1774,1.0098,3.0285
2020-06-20,0,201,38.6,0,189.1,3285.2,799.2,113.8,73.7,934.5,20040,84.7,50,0.4752,1.7402,0.2313,1.9859
2020-06-21,0,351,36.1,0,193.6,2923.5,863.7,146.7,86.1,1009.7,19876,68.8,129,0.592,1.4419,0.3516,1.9935
2020-06-22,0,791,36.5,1,192.8,3391.4,814.5,115.4,120.3,1060.3,20861,124.0,583,0.5872,1.8038,1.0638,2.8272
2020-06-23,0,739,34.7,0,194.4,3211.2,859.3,83.4,98.1,1531.9,20049,124.3,700,0.4501,1.6463,1.2958,2.7681
2020-06-24,0,1075,38.5,0,191.0,3639.8,788.5,121.4,95.1,1580.4,22840,109.1,450,0.545,1.9959,0.9206,2.8665
2020-06-25,0,790,35.7,0,189.2,2814.0,830.5,118.1,72.9,1065.6,21696,124.6,348,0.4849,1.3884,0.7125,2.1387
2020-06-26,0,1224,36.0,0,194.8,3233.9,836.1,92.0,92.5,1875.2,24004,114.0,773,0.4602,1.6785,1.443,2.9287
2020-06-27,0,276,38.0,0,190.3,3260.6,819.2,120.1,63.2,1010.4,17164,95.0,50,0.4679,1.709,0.2441,1.9604
2020-06-28,0,581,36.3,0,192.6,3230.4,848.1,131.6,95.3,1221.7,17264,97.7,581,0.5728,1.6676,1.0672,2.6841
2020-06-29,0,875,36.2,1,187.4,3478.0,778.9,166.7,98.4,1170.2,20031,130.4,328,0.6741,1.8894,0.6971,2.7055
2020-06-30,0,984,36.8,0,190.3,2981.3,808.6,98.4,84.1,1598.7,19701,122.3,492,0.458,1.5209,0.9908,2.4456
2020-07-01,1,4372,38.5,1,195.0,4963.2,834.2,204.8,152.4,3701.0,33837,282.9,2583,0.9009,2.8903,4.4561,8.2516
2020-07-02,1,4349,40.4,0,189.9,4122.4,794.9,209.6,150.0,3587.7,39091,285.6,2532,0.9082,2.3292,4.3688,7.6186
2020-07-03,1,4585,38.1,1,194.4,4770.6,836.7,204.0,132.3,3667.4,33176,277.8,2486,0.8523,2.7537,4.3041,7.8614
2020-07-04,1,1619,38.6,0,185.0,3601.6,784.9,117.0,102.9,2376.5,25645,147.5,1249,0.5513,1.9717,2.2327,4.7476
2020-07-05,1,1448,36.5,1,190.3,3893.5,781.7,112.6,83.5,1581.2,25714,126.8,376,0.4947,2.1783,0.8185,3.484
2020-07-06,1,4271,35.4,2,191.5,5034.0,830.1,189.0,122.2,3418.2,37716,263.6,2275,0.7888,2.9427,3.9526,7.7087
2020-07-07,1,4258,38.4,1,197.2,5206.0,833.6,188.6,109.9,3667.4,36383,289.7,2355,0.7593,3.0607,4.1139,7.8971
2020-07-08,1,4246,37.3,2,188.5,4765.2,759.6,174.1,118.8,3349.9,38209,275.1,2292,0.741,2.8039,3.9752,7.5465
2020-07-09,1,4184,33.8,1,194.0,4472.2,779.3,213.7,123.6,3298.2,38783,250.7,2646,0.8582,2.585,4.4892,7.9774
2020-07-10,1,4522,36.3,1,195.2,3956.4,797.3,182.6,104.4,3907.3,36448,298.1,2324,0.7305,2.2114,4.1,6.9989
2020-07-11,1,1643,36.8,0,189.8,3847.3,789.0,97.9,103.4,2027.6,25706,153.6,1233,0.5012,2.1408,2.1696,4.8121
2020-07-12,1,1438,35.9,0,190.9,2803.1,724.2,131.0,107.6,1878.7,26336,149.7,784,0.5996,1.4552,1.4767,3.5441
2020-07-13,1,4096,40.3,2,192.4,6125.0,762.8,194.3,124.0,3472.2,33652,265.2,2131,0.8072,3.7535,3.7426,8.3251
2020-07-14,1,4468,38.1,1,187.6,4702.8,746.1,197.9,88.2,3545.6,36325,281.1,2213,0.7341,2.7697,3.8824,7.3321
2020-07-15,1,4473,40.0,1,190.6,5359.3,733.9,197.9,124.9,3627.8,35660,252.3,2556,0.8189,3.2378,4.3936,8.4587
2020-07-16,1,4880,37.6,1,195.8,5123.3,762.4,230.7,112.7,3911.4,39326,307.9,2704,0.8786,3.0526,4.6757,8.6015
2020-07-17,1,4240,37.2,0,193.6,4014.7,779.6,161.8,116.7,3681.1,32391,238.7,2502,0.7032,2.2646,4.3119,7.2726
2020-07-18,1,1370,34.9,1,191.5,3630.1,752.6,125.3,113.2,1826.1,26340,148.8,713,0.5973,2.0142,1.3635,4.0268
2020-07-19,1,1748,37.0,0,192.3,3314.4,754.9,175.5,59.5,1816.7,26302,154.9,1186,0.6078,1.7916,2.0746,4.4686
2020-07-20,1,4583,37.0,0,193.7,4388.8,733.3,149.2,117.8,3883.6,38310,291.3,2632,0.672,2.5588,4.5566,7.7987
2020-07-21,1,4604,33.9,0,194.3,3722.3,761.8,191.7,142.7,3452.3,33083,284.1,2594,0.8434,2.0723,4.443,7.3558
2020-07-22,1,4523,35.7,0,190.3,3807.9,710.9,218.5,118.7,3646.6,35124,291.1,2799,0.8598,2.1679,4.7776,7.8113
2020-07-23,1,4562,36.2,2,196.6,5267.0,806.7,218.8,118.1,3522.9,39843,280.5,2687,0.8592,3.1222,4.5914,8.5866
2020-07-24,1,4642,37.8,1,195.9,4576.4,808.1,208.1,161.2,3623.8,37177,287.3,2832,0.9301,2.6378,4.8233,8.4135
2020-07-25,1,1295,37.9,0,194.0,3445.8,742.2,148.4,96.2,2049.7,20336,138.1,958,0.6199,1.8925,1.7512,4.2442
2020-07-26,1,1599,35.6,0,189.5,3364.6,705.6,115.9,108.2,1626.7,25115,169.5,875,0.5606,1.8613,1.5915,4.0172
2020-07-27,1,4255,37.8,1,188.9,4553.6,749.8,216.8,133.5,3390.6,37093,273.7,2475,0.8894,2.6627,4.2537,7.8104
2020-07-28,1,4562,36.4,1,191.0,4502.5,748.4,165.7,132.2,3820.3,38117,264.5,2798,0.7495,2.6279,4.7859,8.122
2020-07-29,1,4535,30.4,1,192.2,4333.1,782.1,166.5,148.4,3627.1,36776,272.3,2189,0.789,2.4857,3.8523,7.1032
2020-07-30,1,4391,35.6,1,186.7,4445.8,764.8,197.6,156.3,3650.4,38486,279.8,2528,0.8906,2.5767,4.3675,7.8571
2020-07-31,1,4498,39.0,2,193.5,5341.0,683.5,180.1,103.7,3946.1,35628,292.5,2568,0.7222,3.2602,4.4678,8.4388
2020-08-01,1,1329,32.9,0,195.9,2918.6,769.2,138.5,90.4,1841.8,24554,126.1,838,0.58,1.5046,1.5421,3.692
2020-08-02,1,1248,36.8,0,193.7,3512.2,723.4,141.9,89.3,1589.4,23485,158.0,580,0.5866,1.9522,1.1389,3.7017
2020-08-03,1,4439,40.0,2,190.0,5267.2,725.8,229.0,121.8,3628.1,36404,276.9,2772,0.8951,3.179,4.7289,8.8143
2020-08-04,1,4304,34.8,2,189.6,5018.0,727.1,197.0,141.4,3664.0,35395,273.7,2364,0.8546,3.0036,4.1195,8.0154
2020-08-05,1,4561,36.5,0,192.9,4188.0,735.4,178.5,133.6,3842.1,36538,265.2,2563,0.787,2.4168,4.4359,7.659
2020-08-06,1,4295,33.5,0,191.5,3250.3,733.8,202.2,155.4,3566.6,36097,281.7,2372,0.9009,1.7616,4.1236,6.7906
2020-08-07,1,4631,39.9,2,193.3,6035.1,698.5,175.1,147.1,3836.1,36923,278.0,2907,0.8091,3.7356,4.957,9.4663
2020-08-08,1,1228,36.1,1,193.8,4208.8,687.6,152.2,110.2,1726.4,24477,121.3,337,0.6625,2.4648,0.7746,3.9185
2020-08-09,1,1339,36.3,0,195.3,3149.3,743.6,135.5,73.1,1713.6,22659,131.4,1098,0.532,1.684,1.9186,4.1695
2020-08-10,1,4390,39.2,1,188.6,4620.9,664.8,197.8,115.6,3512.9,39261,289.1,2811,0.7971,2.7693,4.7799,8.3315
2020-08-11,1,4741,37.6,1,192.7,4868.7,745.1,156.2,121.0,3973.1,36867,293.9,2648,0.6981,2.8865,4.5921,8.1311
2020-08-12,1,4562,34.1,1,190.9,3995.0,670.0,142.6,149.6,3781.0,38817,269.6,2831,0.7277,2.3275,4.8332,7.8617
2020-08-13,1,4464,34.6,1,191.7,4755.4,679.6,157.3,114.1,3293.1,38483,269.5,2613,0.6851,2.8531,4.4475,8.0297
2020-08-14,1,4592,37.0,1,194.6,4584.4,691.9,231.1,116.0,3598.4,37585,298.6,2961,0.8873,2.7247,5.019,8.633
2020-08-15,1,1061,34.5,1,194.9,4028.2,656.2,103.8,70.9,1471.3,22594,119.9,786,0.442,2.3604,1.4163,4.2551
2020-08-16,1,1433,31.1,0,196.2,2566.7,658.0,151.9,133.5,1752.3,22706,146.2,1226,0.7155,1.3361,2.1219,4.1739
2020-08-17,1,4862,35.6,0,193.3,4058.1,706.1,183.4,131.2,4131.2,37490,303.5,2539,0.7946,2.3464,4.4521,7.5806
2020-08-18,1,4526,32.4,2,191.7,5011.5,631.8,186.2,137.3,4282.5,37405,237.6,2660,0.8162,3.0658,4.622,8.5574
2020-08-19,1,4515,39.1,0,191.2,4325.9,733.3,190.3,112.1,3256.7,36882,293.3,2308,0.769,2.5148,3.9959,7.2703
2020-08-20,1,4601,35.8,2,186.8,5161.0,649.8,229.0,144.6,3807.4,39454,271.8,2575,0.9477,3.1578,4.4535,8.5529
2020-08-21,1,4664,33.4,1,196.0,4592.8,655.7,206.8,104.4,3804.2,36771,280.6,3110,0.7954,2.756,5.2588,8.8217
2020-08-22,1,1081,33.8,0,191.0,2866.1,671.8,137.9,73.3,1537.7,21831,142.1,711,0.5389,1.536,1.3215,3.3892
2020-08-23,1,1138,31.1,0,193.5,2385.2,605.6,159.0,77.7,1703.3,19783,143.6,837,0.6056,1.2457,1.5305,3.4012
2020-08-24,1,4540,32.7,2,194.0,4340.4,657.8,177.8,132.8,3741.8,38226,285.2,2726,0.7833,2.5778,4.6778,8.0501
2020-08-25,1,4374,37.3,1,188.3,4842.2,638.8,212.2,115.6,3546.8,37367,280.6,2618,0.8357,2.9424,4.4901,8.2803
2020-08-26,1,4739,39.8,0,189.2,4643.1,612.7,215.1,154.7,3843.4,39663,300.0,2655,0.9338,2.8213,4.5906,8.3303
2020-08-27,1,4446,36.4,1,196.6,4879.6,651.0,209.6,135.9,3756.7,38533,292.2,2451,0.8757,2.96,4.2704,8.0645
2020-08-28,1,4154,34.5,0,192.9,3726.7,689.8,181.4,114.5,3558.5,36867,280.6,2310,0.7506,2.1258,4.0294,6.885
2020-08-29,1,1213,33.7,0,190.3,2657.5,644.8,122.2,104.5,1686.0,24591,130.9,212,0.5689,1.4089,0.5866,2.5458
2020-08-30,1,946,32.5,0,191.6,2218.4,652.0,107.9,80.5,1381.5,23071,108.7,534,0.4751,1.0965,1.0226,2.6015
2020-08-31,1,4460,39.0,1,195.3,5651.5,632.1,172.5,119.7,4172.6,38107,272.6,2630,0.7388,3.5136,4.5798,8.8118
2020-09-01,1,4468,33.9,1,194.8,4458.1,614.5,170.2,142.1,3734.9,33450,277.6,2480,0.7844,2.6905,4.3031,7.7414
2020-09-02,1,4426,38.9,0,187.6,4402.0,615.2,197.7,91.3,3781.4,34610,273.5,2544,0.7407,2.6508,4.4032,7.7661
2020-09-03,1,4697,37.2,0,196.9,4305.8,588.0,189.5,142.4,3720.7,35454,274.2,2819,0.8368,2.6025,4.809,8.258
2020-09-04,1,4718,30.2,1,194.9,3581.0,612.9,204.4,120.9,3859.3,40102,292.6,2896,0.8271,2.0777,4.9508,7.8727
2020-09-05,1,1410,32.5,0,191.5,2730.1,595.4,146.1,81.2,1806.9,22513,119.6,602,0.5791,1.4943,1.1804,3.2411
2020-09-06,1,1057,32.4,0,188.4,3297.4,563.3,105.7,117.1,1211.2,21318,123.6,470,0.5538,1.9139,0.9124,3.37
2020-09-07,1,4614,33.5,0,195.2,3959.9,650.3,169.1,122.4,3631.7,37391,284.4,2812,0.7359,2.3167,4.793,7.861
2020-09-08,1,4602,33.5,2,193.4,4627.4,622.6,187.8,144.6,3620.9,35090,283.5,2775,0.8373,2.8034,4.7351,8.3799
2020-09-09,1,4558,40.1,1,187.6,4735.9,589.3,175.0,133.9,3617.9,37829,290.3,2886,0.7783,2.9026,4.9051,8.6157
2020-09-10,1,4679,31.0,1,191.3,3902.1,631.3,174.9,136.9,3608.4,33817,294.2,2948,0.785,2.2896,4.9975,8.0681
2020-09-11,1,4293,33.8,2,201.4,4707.4,603.5,224.6,122.8,3569.6,33911,294.9,2925,0.8856,2.8727,4.9587,8.6963
2020-09-12,1,1802,34.5,0,192.0,3789.7,578.7,108.7,92.1,2268.8,25926,149.9,992,0.5041,2.2477,1.8355,4.6144
2020-09-13,1,1268,33.0,0,189.8,2912.7,631.1,177.3,113.1,1709.6,21091,135.4,1020,0.7364,1.5971,1.8024,4.1282
2020-09-14,1,4637,33.1,1,189.0,3958.7,655.5,199.8,144.6,3562.3,39814,286.2,2524,0.8695,2.3122,4.3542,7.5162
2020-09-15,1,4199,30.5,1,197.3,3853.0,639.7,207.3,117.9,3317.8,35719,266.0,2866,0.8279,2.2493,4.8276,7.9271
2020-09-16,1,4335,32.9,1,194.5,4244.3,623.5,207.1,111.3,3519.8,38245,254.9,2596,0.8121,2.5346,4.4426,7.8255
2020-09-17,1,4775,33.7,1,196.2,4035.8,600.5,209.5,123.5,3605.7,38699,275.7,2867,0.8467,2.4047,4.8689,8.1249
2020-09-18,1,4455,33.1,1,192.7,4330.7,588.1,226.8,143.2,3716.9,36690,275.6,2762,0.9386,2.6198,4.7241,8.2574
2020-09-19,1,1592,33.5,0,195.8,3408.0,615.4,114.8,111.8,2130.6,22893,127.7,679,0.5659,1.9548,1.3385,3.8976
2020-09-20,1,1483,35.3,0,189.5,3311.6,622.6,133.3,101.1,1715.8,25901,137.7,667,0.5908,1.8823,1.2761,3.7586
2020-09-21,1,4484,34.1,1,192.5,4140.6,606.3,171.9,104.6,3693.8,37627,269.0,2622,0.7023,2.474,4.5086,7.6904
2020-09-22,1,4748,32.1,0,192.9,3521.0,619.0,158.2,143.3,3766.5,41694,285.1,2816,0.755,2.0314,4.8168,7.5931
2020-09-23,1,4460,29.2,1,196.1,3347.5,580.2,175.7,148.1,3551.9,38223,289.3,2962,0.813,1.9371,5.0109,7.7892
2020-09-24,1,4182,30.3,1,193.0,3806.6,607.3,226.5,127.8,3527.0,34849,250.2,2255,0.9022,2.2395,3.9288,7.0428
2020-09-25,1,4358,31.0,1,190.1,4043.1,564.5,184.6,157.0,3482.6,36825,281.5,2805,0.8574,2.435,4.7631,8.0255
2020-09-26,1,1540,31.9,0,192.2,2664.6,589.5,181.4,73.7,1709.3,25228,137.4,845,0.6564,1.4526,1.542,3.6983
2020-09-27,1,1512,30.2,0,187.0,3200.1,584.0,183.1,103.4,1546.0,26444,137.7,827,0.7296,1.8313,1.4959,4.0352
2020-09-28,1,4220,29.1,1,185.0,3918.1,547.7,251.9,110.3,3528.0,38103,270.5,2418,0.9299,2.3593,4.1835,7.4967
2020-09-29,1,4372,28.4,2,194.5,3720.4,562.8,230.6,143.3,3802.7,36071,268.5,2481,0.949,2.2103,4.3095,7.5033
2020-09-30,1,4398,27.2,1,190.9,3073.8,585.0,241.0,137.0,3754.1,34284,262.2,2638,0.9624,1.7422,4.5358,7.2455
2020-10-01,3,5427,30.2,2,191.2,4640.4,572.0,244.8,167.1,4713.3,38656,332.8,3327,1.0421,2.8479,5.7175,10.354
2020-10-02,3,5245,27.4,2,194.5,4941.4,587.3,239.4,145.4,4210.5,39178,307.7,3038,0.9775,3.0479,5.2125,9.9926
2020-10-03,3,1645,28.3,0,196.2,2999.5,604.0,176.1,88.7,2253.0,25044,171.6,1156,0.6768,1.6768,2.0891,4.833
2020-10-04,3,1627,29.5,0,193.6,3323.9,611.2,169.3,87.2,1890.3,28741,129.0,1276,0.6552,1.8989,2.2075,5.151
2020-10-05,3,5632,27.2,2,197.8,4601.0,606.3,244.7,138.8,4699.5,45590,357.1,3264,0.9764,2.7963,5.6343,10.1409
2020-10-06,3,5639,30.9,2,193.5,4971.0,589.0,258.1,135.0,4872.1,44612,354.1,3625,1.0036,3.0674,6.1949,11.0948
2020-10-07,3,5467,31.5,2,192.9,4730.6,560.2,228.2,160.8,4559.2,44376,358.2,3633,0.983,2.9193,6.1711,10.8447
2020-10-08,3,5422,28.6,2,192.7,4802.0,562.4,207.3,159.2,4740.8,40699,363.2,3661,0.9233,2.9677,6.236,10.9129
2020-10-09,3,5518,28.7,1,188.1,4173.6,567.7,247.3,118.8,4393.4,39648,352.5,3511,0.9372,2.5241,5.9642,10.1731
2020-10-10,3,1611,30.7,0,194.9,2975.0,566.3,153.8,94.9,2054.7,24154,158.0,860,0.6314,1.6861,1.6149,4.2485
2020-10-11,1,1234,27.8,0,184.7,2776.5,555.6,119.2,90.7,1500.3,19520,156.6,832,0.529,1.5546,1.5044,3.5579
2020-10-12,1,4333,27.5,2,190.2,4041.2,539.3,184.9,115.3,3592.7,34193,255.7,2687,0.7619,2.4513,4.5869,7.8064
2020-10-13,1,4388,31.7,1,192.1,4395.8,612.6,180.8,134.2,3669.1,35519,249.6,2420,0.7945,2.6482,4.1933,7.6491
2020-10-14,1,4293,30.9,2,189.6,4043.0,561.1,211.7,148.4,3566.3,36331,290.4,2477,0.9102,2.4373,4.285,7.6272
2020-10-15,1,4532,30.1,1,190.6,4597.8,561.6,187.9,142.8,3624.5,37278,286.2,2716,0.8334,2.8253,4.6489,8.2537
2020-10-16,1,4634,30.7,1,197.5,3894.3,565.8,218.9,150.8,3684.8,36221,261.0,3009,0.935,2.3299,5.084,8.3516
2020-10-17,1,1155,24.2,0,195.3,2199.5,618.5,135.3,78.1,1678.2,23875,110.7,624,0.543,1.1067,1.1944,2.8894
2020-10-18,1,1445,31.4,0,189.9,3043.6,523.0,134.1,92.9,1767.2,22862,146.6,999,0.574,1.7644,1.7834,4.1332
2020-10-19,1,4463,29.1,2,190.6,4158.7,538.2,193.8,117.1,3459.7,36763,265.4,2645,0.7899,2.5344,4.5131,7.8377
2020-10-20,1,4564,30.3,1,188.2,4142.2,569.6,163.7,133.4,3388.2,35171,271.7,2683,0.7469,2.5008,4.5639,7.8023
2020-10-21,1,4500,28.8,1,194.1,3968.5,570.9,198.4,133.9,3582.8,38860,301.1,2849,0.841,2.3783,4.8506,8.0844
2020-10-22,1,4241,28.0,2,191.3,3925.0,542.0,205.0,140.3,3280.6,35850,291.6,2310,0.8735,2.3681,4.0006,7.2475
2020-10-23,1,4275,27.1,1,186.1,3312.4,527.2,208.7,146.0,3400.1,37177,269.1,2521,0.8966,1.9496,4.3218,7.1857
2020-10-24,1,1446,28.4,0,192.3,2485.4,551.3,106.3,102.7,1720.3,21884,138.3,844,0.5221,1.3539,1.5412,3.3898
2020-10-25,1,1626,26.8,0,193.3,2301.0,563.8,105.9,81.6,1881.8,25143,159.0,672,0.4723,1.216,1.3129,3.0043
2020-10-26,1,4104,29.2,2,194.9,4579.1,604.5,172.1,104.0,3324.6,36267,252.9,2602,0.7015,2.7822,4.4266,7.8988
2020-10-27,1,4565,23.7,1,191.8,3502.6,571.6,222.6,137.6,4124.7,33494,253.7,2797,0.9144,2.0517,4.8147,7.7901
2020-10-28,1,4717,25.9,2,190.9,3960.1,579.3,199.8,154.1,3597.5,39914,254.1,2742,0.8914,2.3666,4.671,7.8804
2020-10-29,1,4475,31.4,1,198.0,4192.8,563.4,173.5,128.3,3892.2,34546,275.5,2548,0.7614,2.5406,4.4234,7.7155
2020-10-30,1,4601,25.4,1,192.0,2842.1,569.7,160.9,107.3,3723.4,37704,292.6,2669,0.6791,1.5907,4.5933,6.8766
2020-10-31,1,1314,26.1,1,194.2,2538.7,524.3,118.6,122.0,1596.3,26737,134.3,889,0.5997,1.4101,1.5935,3.6209
2020-11-01,3,1736,24.6,0,190.4,2484.1,556.8,154.7,103.2,2262.1,28210,180.8,1266,0.653,1.3491,2.2603,4.6026
2020-11-02,3,5201,27.1,2,194.1,4777.7,566.1,254.2,140.0,4223.1,38362,338.0,3146,1.0047,2.9481,5.3894,10.0355
2020-11-03,3,5071,24.6,1,187.6,3748.3,590.0,253.6,118.3,4078.8,40178,337.8,3098,0.9529,2.2108,5.3005,9.1574
2020-11-04,3,5663,25.7,2,190.6,4812.1,592.3,218.8,143.2,4913.2,45205,350.1,3532,0.9172,2.9539,6.0587,10.7637
2020-11-05,3,5316,27.9,1,188.4,4311.8,540.8,252.3,149.1,3980.9,40057,335.5,3165,1.0206,2.6397,5.3882,9.7514
2020-11-06,3,5411,24.3,2,190.2,4167.6,532.4,251.7,147.5,4390.7,41278,336.1,3448,1.0153,2.5446,5.8625,10.1656
2020-11-07,3,1508,27.5,0,195.8,2607.9,549.8,141.2,82.9,2049.2,24835,157.8,982,0.5699,1.4407,1.7974,4.1327
2020-11-08,3,1504,27.4,0,190.2,2738.1,546.3,165.2,92.2,2265.9,26543,141.8,951,0.6557,1.5343,1.7702,4.2978
2020-11-09,3,5462,27.8,1,194.2,3991.6,598.3,245.8,131.3,4394.7,39374,352.9,3993,0.962,2.3753,6.6875,10.8543
2020-11-10,3,5362,25.7,2,196.6,4761.9,583.7,240.1,164.3,4883.4,42847,329.7,3709,1.023,2.9247,6.3107,11.1045
2020-11-11,1,4570,32.4,1,191.9,3883.8,573.2,154.6,143.3,3870.0,36073,275.4,2677,0.7454,2.3174,4.6147,7.6391
2020-11-12,1,4584,27.4,0,195.0,3162.5,590.2,195.4,122.1,3316.0,37232,274.8,2812,0.8057,1.8006,4.7507,7.3451
2020-11-13,1,4560,25.7,1,193.6,3590.5,541.7,206.1,112.2,3465.5,36747,264.1,2829,0.8115,2.1342,4.7892,7.7506
2020-11-14,1,1484,23.0,0,192.3,2009.8,545.7,171.5,97.0,1862.7,25312,140.8,847,0.6837,1.0249,1.565,3.2714
2020-11-15,1,1725,24.6,0,194.3,2006.7,583.1,126.3,88.3,1763.6,25207,158.8,1051,0.5425,0.9965,1.8672,3.4153
2020-11-16,1,4310,27.8,1,197.5,3563.5,560.9,175.6,120.4,3670.8,38695,260.5,2453,0.7487,2.1018,4.2488,7.0961
2020-11-17,1,4493,28.3,1,190.1,3894.0,521.3,186.3,111.9,3604.0,38652,289.6,2832,0.7578,2.3609,4.8224,7.9302
2020-11-18,1,4706,27.7,2,189.1,4052.9,530.4,201.1,116.3,3602.4,36334,282.3,2958,0.8076,2.4658,5.0072,8.2745
2020-11-19,1,4730,26.0,0,188.9,2675.0,584.2,197.3,134.2,3659.0,40324,269.5,3025,0.8388,1.4636,5.11,7.3842
2020-11-20,1,4246,21.4,1,195.0,3545.7,567.5,199.7,121.9,3685.9,36408,282.6,2511,0.8168,2.0847,4.3469,7.2303
2020-11-21,1,1385,25.2,0,195.4,2195.4,584.8,110.2,129.1,1394.6,24123,139.7,1194,0.5936,1.1274,2.0285,3.7478
2020-11-22,1,1685,21.3,0,190.4,2399.6,539.7,149.1,104.1,2132.8,26604,161.2,964,0.6401,1.3019,1.7825,3.7232
2020-11-23,1,4594,20.6,2,185.6,4044.0,561.8,176.4,112.9,3941.7,35421,292.4,3033,0.7336,2.4375,5.1647,8.35
2020-11-24,1,4538,24.3,1,190.0,3880.5,559.9,188.5,106.4,3653.9,34577,267.9,2549,0.751,2.3244,4.3929,7.4612
2020-11-25,1,4463,24.8,2,193.6,4106.4,589.8,227.9,134.5,3414.3,36789,269.6,2355,0.9215,2.4616,4.0746,7.4996
2020-11-26,1,4433,25.6,2,191.8,3690.3,562.6,159.0,122.2,3748.5,35527,286.9,2936,0.7084,2.1894,4.9936,7.9221
2020-11-27,1,4554,24.6,0,192.5,2919.7,590.7,185.8,149.6,3635.9,40859,302.0,2760,0.8435,1.6303,4.7245,7.1857
2020-11-28,1,1395,24.5,0,190.4,1925.9,560.0,107.1,96.0,1492.2,22483,138.5,903,0.5088,0.9561,1.6026,3.0725
2020-11-29,1,1433,21.1,0,195.0,1961.5,586.4,139.2,62.5,2132.1,24091,132.0,766,0.5174,0.9626,1.4715,2.9818
2020-11-30,1,4517,22.9,0,193.0,2421.7,577.1,214.4,113.9,3541.3,37317,298.5,2468,0.8377,1.2912,4.2725,6.3854
2020-12-01,0,688,19.8,0,193.8,1833.9,588.5,126.1,73.1,1061.6,23106,98.4,264,0.5068,0.8718,0.5746,1.5829
2020-12-02,0,906,18.6,0,192.5,2100.1,592.5,123.7,92.5,1513.0,20015,119.7,550,0.5452,1.0553,1.0664,2.2194
2020-12-03,0,1335,24.5,0,193.6,2039.9,578.1,163.3,75.2,1715.5,20705,129.9,747,0.6114,1.0233,1.391,2.4983
2020-12-04,0,491,21.2,0,193.4,1577.1,588.6,126.1,83.2,1471.9,22572,100.3,50,0.5301,0.6919,0.3035,1.2779
2020-12-05,0,318,24.6,1,189.2,1947.2,585.1,133.8,58.8,1028.7,19481,78.0,489,0.4944,0.9535,0.8979,1.9314
2020-12-06,0,123,25.1,0,193.1,2338.9,606.8,127.9,76.6,909.7,19974,76.0,50,0.5197,1.2125,0.2244,1.598
2020-12-07,0,914,21.2,0,194.4,2044.8,598.0,63.2,91.5,1527.0,23381,108.6,753,0.3807,1.0128,1.3686,2.2314
2020-12-08,0,819,23.8,0,195.5,1724.1,583.0,123.1,106.8,1443.7,23294,119.8,348,0.5766,0.7988,0.7561,1.7513
2020-12-09,0,948,20.9,1,193.2,2608.1,602.1,103.3,90.1,1529.2,21301,119.6,578,0.485,1.4042,1.1107,2.4907
2020-12-10,0,1022,18.3,0,189.1,2554.2,605.9,110.2,75.0,1582.6,21124,131.6,768,0.4686,1.3638,1.4075,2.6878
2020-12-11,0,845,22.5,0,189.6,2105.7,559.3,157.7,107.5,1453.5,17956,103.1,640,0.671,1.0825,1.1862,2.4373
2020-12-12,0,463,21.1,0,190.7,1131.9,565.0,110.1,77.8,1112.1,18154,93.3,220,0.4748,0.3968,0.5109,1.1533
2020-12-13,0,80,21.1,1,192.6,2978.0,589.4,153.1,87.6,1099.5,18448,86.1,138,0.6127,1.672,0.3832,2.243
2020-12-14,0,1097,26.4,0,191.6,1682.5,600.1,98.8,79.0,1515.4,21345,134.7,758,0.4473,0.7577,1.3859,2.0857
2020-12-15,0,878,18.6,0,188.6,1898.4,542.6,102.0,86.9,1589.1,19634,97.2,483,0.4741,0.9491,0.9648,1.9639
2020-12-16,0,1004,22.7,0,188.6,1686.2,613.9,144.8,75.0,1772.3,22308,124.0,382,0.5613,0.7506,0.8482,1.7479
2020-12-17,0,591,19.7,1,185.7,2213.5,587.9,113.1,86.9,1144.5,22899,91.8,230,0.5038,1.1379,0.5305,1.8201
2020-12-18,0,661,23.8,0,182.6,1976.0,525.9,128.7,95.0,1742.6,20675,115.7,315,0.5644,1.0151,0.7399,1.888
2020-12-19,0,286,22.4,0,191.6,1277.3,587.9,112.7,71.0,949.0,17162,110.2,171,0.466,0.4826,0.4251,1.1517
2020-12-20,0,256,22.5,0,199.0,1785.4,634.4,111.5,69.8,931.8,21366,55.2,435,0.4601,0.8057,0.7956,1.6791
2020-12-21,0,861,19.5,0,197.4,2246.3,594.8,118.8,90.7,1531.0,20223,105.9,663,0.5279,1.1561,1.2319,2.4015
2020-12-22,0,1006,19.9,0,189.1,1762.1,638.8,132.1,74.7,1603.2,24888,123.4,437,0.5266,0.7863,0.9109,1.8208
2020-12-23,0,493,23.6,1,192.4,2021.9,632.3,133.0,58.1,1218.6,19597,97.1,617,0.4907,0.9727,1.1213,2.1191
2020-12-24,0,986,25.4,0,187.6,1986.6,631.2,163.3,92.1,1658.6,22327,130.6,558,0.6504,0.9488,1.1015,2.2229
2020-12-25,0,812,22.5,0,188.1,1848.8,592.6,120.2,83.1,1448.9,24220,112.5,592,0.5141,0.8793,1.1198,2.0838
2020-12-26,0,223,19.4,0,188.4,1646.5,632.0,105.4,75.7,1410.1,16504,78.7,50,0.4573,0.7101,0.2846,1.188
2020-12-27,0,80,22.1,0,191.3,1459.4,617.2,99.9,83.8,940.0,16446,66.4,50,0.4613,0.5895,0.2226,1.0665
2020-12-28,0,901,26.6,0,191.5,2276.2,632.1,158.6,95.7,1304.8,21196,101.3,709,0.6461,1.1509,1.272,2.5425
2020-12-29,0,376,21.5,0,192.8,1991.2,652.6,132.0,77.1,1033.8,19327,83.0,60,0.5319,0.937,0.2572,1.405
2020-12-30,0,927,24.4,0,194.0,1686.1,648.6,84.9,69.3,1559.6,26649,109.9,548,0.3876,0.7262,1.0666,1.8351
2020-12-31,0,542,19.6,0,191.0,1633.6,663.1,77.0,71.9,1323.5,18678,104.0,399,0.3724,0.6793,0.8097,1.5451
2021-01-01,0,834,21.1,1,220.1,2497.3,745.1,106.8,93.8,1454.2,19155,110.6,300,0.5029,1.2265,0.68,1.965
2021-01-02,0,242,22.5,1,216.7,2074.8,721.5,119.4,80.0,897.1,17332,78.1,50,0.5048,0.9473,0.223,1.3889
2021-01-03,0,474,22.0,1,216.0,2425.5,754.8,117.8,72.4,1393.4,20409,84.2,438,0.4829,1.1695,0.8682,2.0929
2021-01-04,0,792,19.4,0,215.5,2313.9,761.4,135.6,72.7,1739.7,22212,102.2,975,0.5313,1.0868,1.7239,2.7552
2021-01-05,0,699,19.3,0,221.9,1895.2,762.1,118.7,92.7,1338.6,19663,99.7,488,0.5323,0.7932,0.9434,1.8655
2021-01-06,0,733,23.2,0,219.0,1603.0,786.5,153.9,80.5,1680.4,21116,99.0,542,0.5984,0.5716,1.0655,1.7468
2021-01-07,0,1053,23.7,0,214.4,2094.1,734.5,145.9,98.9,1708.8,25924,130.5,452,0.6195,0.9517,0.9496,2.0428
2021-01-08,0,921,24.4,0,219.8,1915.6,759.0,128.3,99.2,1870.4,21932,132.9,799,0.573,0.8096,1.4893,2.372
2021-01-09,0,194,25.0,0,216.3,1755.6,753.2,138.7,72.6,1105.4,19393,69.6,50,0.5394,0.7017,0.2448,1.1937
2021-01-10,0,221,21.3,1,225.0,2444.4,783.5,77.7,91.9,1061.6,22328,98.4,338,0.4205,1.1626,0.6854,1.873
2021-01-11,0,542,20.3,0,218.3,2054.3,758.7,117.9,83.6,1387.7,19020,107.7,424,0.5091,0.9069,0.8567,1.8857
2021-01-12,0,894,24.0,0,222.0,1964.9,764.8,129.1,89.7,1376.2,20381,117.4,632,0.5532,0.8401,1.1721,2.1008
2021-01-13,0,507,22.6,0,223.3,1850.8,765.7,132.4,48.3,1287.6,19284,116.1,401,0.4664,0.7596,0.814,1.6287
2021-01-14,0,959,18.8,0,217.1,2507.1,774.6,89.5,71.9,1734.1,21078,116.1,657,0.4059,1.2128,1.2522,2.3357
2021-01-15,0,847,18.7,1,220.2,2777.0,816.1,119.5,71.4,1572.7,18280,117.9,542,0.4852,1.3726,1.0603,2.41
2021-01-16,0,693,22.1,0,221.7,2126.1,815.2,131.3,78.5,1324.1,21159,107.7,576,0.5332,0.9176,1.0777,2.1048
2021-01-17,0,80,20.6,1,220.3,2322.5,802.9,121.9,77.7,985.7,18726,79.2,50,0.5062,1.0637,0.2345,1.4276
2021-01-18,0,806,21.0,0,221.1,1673.9,830.6,150.6,87.0,1536.1,21051,116.8,424,0.6046,0.5903,0.8792,1.7028
2021-01-19,0,1148,23.4,0,216.0,2307.2,784.7,147.4,93.1,1742.2,23267,127.2,930,0.6101,1.0657,1.6683,2.7055
2021-01-20,0,1038,22.7,0,221.7,2026.3,783.6,127.3,77.2,1678.6,22824,127.3,633,0.5195,0.8699,1.2151,2.1379
2021-01-21,0,699,24.0,0,218.5,1760.7,791.2,137.4,93.8,1394.5,18567,98.4,347,0.5849,0.6786,0.7377,1.6371
2021-01-22,0,864,16.8,1,221.0,2405.5,811.0,121.1,112.5,1287.3,22148,106.2,687,0.5844,1.1161,1.2394,2.4698
2021-01-23,0,264,21.7,0,222.8,1559.5,809.7,118.0,72.9,944.0,20114,78.8,304,0.4846,0.5249,0.6108,1.3152
2021-01-24,0,314,22.7,0,222.0,2097.1,838.3,133.1,68.8,1177.7,16444,84.8,50,0.5156,0.8812,0.2594,1.3843
2021-01-25,0,698,17.8,0,221.0,2088.1,846.1,121.6,73.1,1482.4,23565,118.6,536,0.4947,0.8694,1.0423,1.9985
2021-01-26,0,808,19.7,1,221.9,2503.1,786.2,132.5,86.0,1527.3,19169,105.8,493,0.5538,1.2018,0.9761,2.2351
2021-01-27,0,536,19.4,0,222.1,1862.2,830.0,140.8,73.5,1110.8,18202,106.9,439,0.5471,0.7225,0.8454,1.7373
2021-01-28,0,848,21.3,0,224.5,1768.1,773.6,140.9,59.2,1398.5,21925,116.3,494,0.5144,0.6961,0.9677,1.7862
2021-01-29,0,905,24.9,1,219.9,1924.3,829.9,153.4,64.0,1249.7,22763,110.4,608,0.559,0.7661,1.1185,1.9851
2021-01-30,0,223,25.8,0,220.5,1525.9,835.3,165.2,93.0,787.8,20336,100.7,50,0.6576,0.4834,0.221,1.096
2021-01-31,0,80,19.6,1,222.8,2095.3,894.5,126.9,95.2,964.3,19346,87.4,50,0.56,0.8406,0.2358,1.3316
2021-02-01,1,4756,22.6,1,218.5,3131.7,874.0,185.5,156.1,4093.2,37040,289.0,2892,0.8577,1.5804,4.9703,7.38
2021-02-02,1,4644,22.7,1,216.0,3413.4,854.1,204.9,134.1,3797.2,37700,283.0,3165,0.8589,1.7915,5.3418,7.9797
2021-02-03,1,4447,22.3,2,221.5,4023.8,831.4,200.4,113.5,4000.6,36107,276.2,2645,0.7993,2.2347,4.5827,7.6117
2021-02-04,1,4527,22.4,1,219.4,3277.8,825.2,205.0,122.8,3677.2,37327,260.4,2501,0.8331,1.7168,4.3211,6.8751
2021-02-05,1,4308,22.3,0,216.4,3107.2,815.0,220.4,104.3,3576.6,36217,259.0,2523,0.8316,1.6045,4.3411,6.7883
2021-02-06,1,1280,25.3,0,221.5,1875.3,903.8,96.0,67.4,1515.2,22467,138.2,582,0.413,0.68,1.1238,2.2119
2021-02-07,1,1368,24.1,0,224.3,2029.4,857.3,167.9,95.2,1685.7,23121,117.6,1018,0.6699,0.8205,1.7891,3.2603
2021-02-08,1,4799,19.4,2,215.1,3880.5,837.6,237.1,140.7,3661.2,34822,282.0,2792,0.9604,2.13,4.7647,7.8658
2021-02-09,1,4463,23.6,1,223.1,3580.5,859.7,202.8,157.9,3388.9,38239,271.1,2778,0.9083,1.9046,4.7071,7.5397
2021-02-10,1,4693,23.8,1,212.4,3376.9,811.6,207.5,130.1,3598.5,38246,321.0,2694,0.8566,1.7957,4.6287,7.2689
2021-02-11,1,4481,22.6,1,218.8,3335.4,880.1,185.3,108.4,3693.6,32668,284.7,2805,0.747,1.7187,4.7886,7.2298
2021-02-12,1,4623,24.5,0,225.5,2383.0,905.7,193.4,128.6,3633.7,38844,296.2,2389,0.8154,1.0341,4.1645,6.0028
2021-02-13,1,1440,22.5,0,219.0,1847.2,823.6,151.3,88.0,1702.8,23953,130.1,840,0.6088,0.7165,1.5301,2.8508
2021-02-14,1,1622,22.6,0,220.3,2408.0,855.2,153.1,87.1,1979.4,23126,152.3,1038,0.6115,1.087,1.87,3.5971
2021-02-15,1,4482,22.5,2,222.3,3281.3,905.5,206.5,133.9,3400.1,34979,255.6,2551,0.8627,1.6631,4.36,6.9032
2021-02-16,1,4295,17.8,0,214.9,3087.0,870.6,201.1,108.3,3577.5,34800,264.3,2556,0.7891,1.5515,4.3927,6.7332
2021-02-17,1,4329,22.2,1,220.2,3395.6,887.1,207.7,128.9,3736.6,34505,275.9,2572,0.8544,1.756,4.4409,7.0988
2021-02-18,1,4482,21.0,1,220.2,3106.5,915.5,208.0,138.6,3847.1,35389,259.7,2788,0.8776,1.5337,4.7711,7.1816
2021-02-19,1,4353,19.9,0,225.6,2534.9,889.7,165.8,148.5,3691.8,39344,275.6,2637,0.7874,1.1516,4.5343,6.5087
2021-02-20,1,1539,25.7,0,216.3,2677.4,875.9,156.0,98.1,1844.8,25132,150.0,963,0.6447,1.261,1.7409,3.6772
2021-02-21,1,1381,23.8,0,218.9,2434.6,917.6,175.7,107.2,1643.9,27465,129.9,959,0.7185,1.0619,1.7025,3.5116
2021-02-22,1,5005,22.7,1,217.2,3390.1,884.5,199.5,128.4,3988.3,39427,290.2,2659,0.8313,1.7539,4.6095,7.2027
2021-02-23,1,4265,21.6,1,216.9,3285.9,910.4,219.8,121.6,3841.9,36956,258.3,2338,0.87,1.6628,4.0953,6.6311
2021-02-24,1,4615,23.6,2,223.4,3683.4,904.1,172.9,150.6,3810.5,35798,278.5,2427,0.8113,1.9455,4.2338,6.9907
2021-02-25,1,4375,25.2,1,220.1,3334.3,901.5,188.1,106.9,3593.3,36073,268.1,2636,0.751,1.703,4.5167,6.9919
2021-02-26,1,4489,21.3,0,218.3,2607.3,873.0,176.7,122.8,3784.6,36707,283.1,2678,0.7572,1.214,4.6096,6.5611
2021-02-27,1,1490,23.2,0,218.4,2072.3,869.5,167.2,109.8,1832.8,25374,135.6,1114,0.7017,0.842,1.9596,3.4967
2021-02-28,1,1046,25.2,0,218.3,2484.3,911.6,164.9,84.4,1589.2,22304,141.3,670,0.6369,1.1009,1.266,3.0454
2021-03-01,1,4621,19.1,1,218.6,3308.0,939.0,191.0,126.2,3720.6,38041,302.1,2566,0.8034,1.6583,4.4428,6.9201
2021-03-02,1,4921,23.4,1,216.2,3129.3,917.6,224.3,130.1,3876.3,39236,299.3,2878,0.9017,1.5482,4.9286,7.4023
2021-03-03,1,4496,22.7,1,219.2,2948.8,965.2,227.2,130.7,3866.8,36338,273.2,2270,0.9108,1.3885,4.0029,6.2717
2021-03-04,1,4625,23.4,0,218.9,2846.8,927.9,192.5,146.8,3416.4,36695,276.7,2609,0.855,1.3432,4.459,6.6464
2021-03-05,1,4762,22.7,1,217.7,3167.4,882.4,198.6,146.0,3938.6,36796,293.1,2339,0.8695,1.5995,4.1241,6.6014
2021-03-06,1,1435,24.2,0,220.5,2144.2,958.9,152.0,92.4,1703.9,25975,145.5,891,0.6208,0.8297,1.6142,3.0637
2021-03-07,1,1360,28.3,0,220.7,2021.2,927.0,115.9,107.7,1400.3,23168,133.8,739,0.5594,0.7659,1.3437,2.6384
2021-03-08,1,4168,23.4,1,218.3,3408.1,949.5,187.4,130.1,3308.7,36098,257.8,2394,0.8028,1.721,4.1149,6.6577
2021-03-09,1,4693,24.9,2,219.6,3593.7,897.5,241.6,144.2,3803.2,37429,290.4,2554,0.9806,1.8873,4.4293,7.3242
2021-03-10,1,4558,28.7,1,226.5,3755.9,980.6,181.0,114.3,3744.2,39056,280.9,2523,0.7491,1.9427,4.3719,7.0566
2021-03-11,1,4396,23.3,1,226.4,3193.1,1007.3,207.9,153.8,3758.7,32885,266.0,2674,0.9125,1.5301,4.5916,7.054
2021-03-12,1,4601,28.6,2,216.8,4709.0,964.8,204.3,133.5,3898.1,37870,283.4,2410,0.8559,2.6209,4.2217,7.7492
2021-03-13,1,1360,24.7,0,217.3,2107.4,948.8,130.9,50.1,1464.8,21453,128.9,880,0.4665,0.811,1.5602,2.8759
2021-03-14,1,1370,28.7,0,216.8,2996.4,954.1,139.5,116.3,1817.4,24457,127.6,649,0.6425,1.4296,1.2563,3.3225
2021-03-15,2,5145,26.6,2,223.2,4483.1,973.7,241.2,136.8,4221.0,39345,306.5,2682,0.9624,2.4566,4.6792,8.3946
2021-03-16,2,4795,25.7,2,218.8,4524.0,961.6,208.5,126.6,3912.3,35478,283.9,3002,0.8512,2.4937,5.1109,8.7998
2021-03-17,2,5224,25.0,2,220.7,4117.2,995.6,219.6,128.6,4229.3,40549,301.3,3269,0.8856,2.1851,5.5588,9.0333
2021-03-18,2,4784,23.9,1,226.0,3640.2,987.2,231.3,139.0,3518.2,38496,302.8,2678,0.941,1.8571,4.587,7.7139
2021-03-19,2,4917,25.6,1,220.0,3966.8,965.2,192.1,120.7,3770.3,38235,291.6,2753,0.7936,2.1011,4.7246,7.924
2021-03-20,2,1958,27.5,0,222.1,2903.1,953.7,122.2,89.8,2359.8,26035,185.2,1090,0.5349,1.3646,2.0093,4.1043
2021-03-21,2,1814,25.6,0,221.6,2554.3,1009.4,181.6,88.5,1974.3,25910,164.1,906,0.6911,1.0814,1.6775,3.6173
2021-03-22,2,5053,25.1,1,218.2,3538.4,972.2,204.0,131.3,4433.0,41343,292.5,2817,0.85,1.7963,4.9015,7.8023
2021-03-23,2,4867,25.4,2,223.2,4094.1,973.3,217.3,125.7,3687.4,37876,307.9,2904,0.8727,2.1846,4.9484,8.3525
2021-03-24,2,4941,28.2,2,217.5,4770.2,1001.8,182.2,147.1,4244.9,40576,288.7,3239,0.8281,2.6379,5.51,9.338
2021-03-25,2,5049,28.9,2,224.0,4929.7,1010.2,209.4,139.7,3920.5,39138,325.9,2865,0.8839,2.7436,4.9264,8.8744
2021-03-26,2,5043,24.8,2,218.2,3975.7,968.5,176.6,141.4,4181.9,41513,304.6,3109,0.7999,2.105,5.3149,8.5509
2021-03-27,2,1595,25.0,1,218.6,2623.5,1013.2,140.1,103.3,1835.7,24276,153.3,989,0.6141,1.1272,1.7801,3.6726
2021-03-28,2,1606,27.4,2,216.7,3380.3,975.6,124.7,92.9,1916.5,23546,147.6,630,0.5488,1.6833,1.2485,3.5999
2021-03-29,2,4997,30.1,2,217.2,4921.5,949.0,180.6,119.7,4105.3,37012,303.1,2894,0.7605,2.7808,4.9811,8.8603
2021-03-30,2,4776,29.3,1,218.7,3801.3,1020.9,189.3,159.4,3750.7,37998,287.2,2743,0.8755,1.9463,4.7052,7.8199
2021-03-31,2,4943,24.2,2,212.7,4319.5,950.2,148.5,148.2,4108.9,37333,286.3,3131,0.7403,2.3585,5.3296,8.7855
2021-04-01,1,4743,26.5,1,219.3,3675.3,1078.6,169.9,156.1,3792.8,40449,292.5,3022,0.8159,1.8177,5.1319,7.758
2021-04-02,1,4332,25.2,1,218.5,3147.6,990.0,205.2,142.5,3617.9,34626,282.2,2580,0.8791,1.5103,4.4415,6.7885
2021-04-03,1,1431,26.8,0,222.4,2692.7,970.3,143.4,85.3,1311.1,22768,125.1,1049,0.5814,1.2057,1.794,3.5698
2021-04-04,1,1317,31.0,0,221.3,2362.7,1061.0,110.1,55.6,1655.8,24577,152.8,738,0.4235,0.9112,1.3818,2.6929
2021-04-05,1,4598,24.5,1,217.9,3759.0,1001.6,204.8,111.7,3978.2,39446,289.1,2868,0.8069,1.9302,4.9213,7.626
2021-04-06,1,4508,24.2,2,218.6,3909.8,1014.1,171.8,138.6,3820.0,38249,272.6,2633,0.7806,2.027,4.542,7.3791
2021-04-07,1,4844,26.1,0,219.3,2451.5,1021.9,213.1,131.6,4062.9,40250,287.5,3007,0.8751,1.0007,5.1395,7.0354
2021-04-08,1,4669,28.7,1,224.5,4183.3,1003.7,191.5,124.7,3804.4,37465,307.5,2924,0.8013,2.2257,4.9921,7.995
2021-04-09,1,4342,29.5,2,217.5,4558.9,952.5,181.0,89.7,3893.8,36117,281.7,2647,0.6923,2.5245,4.5754,7.7604
2021-04-10,1,1586,29.3,0,217.8,2497.9,1058.1,136.5,93.8,1935.2,28282,160.1,786,0.5825,1.0079,1.4918,3.0795
2021-04-11,1,1326,31.0,0,216.6,2494.2,965.8,190.2,74.7,1603.3,26612,131.7,693,0.6823,1.0699,1.2991,3.0182
2021-04-12,1,4474,24.7,2,215.6,3411.1,1042.3,173.8,117.8,3827.8,38076,283.0,2730,0.7379,1.6582,4.6931,7.0831
2021-04-13,1,4634,31.3,0,220.9,4168.3,1040.2,198.4,143.4,3939.1,39455,287.7,2849,0.863,2.1897,4.8875,7.9419
2021-04-14,1,4489,28.2,1,220.6,3430.4,1031.1,208.0,113.4,3796.5,38399,274.9,2632,0.8194,1.6795,4.5388,7.0453
2021-04-15,2,5197,30.6,2,223.8,4480.8,1030.9,182.4,123.4,4049.6,37657,310.2,2958,0.7739,2.4149,5.0738,8.6017
2021-04-16,2,4896,26.2,2,223.1,4303.7,1098.0,163.1,136.5,3986.2,38492,308.6,2874,0.7524,2.244,4.9398,8.2341
2021-04-17,2,1500,29.3,1,227.2,2863.6,1043.0,123.8,106.1,2080.8,26994,161.7,820,0.5769,1.2744,1.5606,3.5501
2021-04-18,2,1493,29.9,1,219.8,3101.7,1009.9,153.6,86.9,1911.6,25567,139.2,817,0.6124,1.4643,1.5252,3.7779
2021-04-19,2,4934,32.1,2,219.2,5180.0,1041.3,191.3,156.2,3693.1,38608,281.3,3215,0.8735,2.8971,5.4038,9.489
2021-04-20,2,5234,26.2,2,216.1,4432.5,993.8,199.1,118.6,4031.9,42699,330.3,2950,0.8076,2.4071,5.0703,8.6245
2021-04-21,2,5149,29.9,2,222.1,4617.3,1014.1,222.7,115.0,3970.8,40291,326.6,3078,0.8625,2.5222,5.2526,8.9533
2021-04-22,2,5344,27.6,2,220.4,4502.9,1030.6,188.5,116.0,4077.5,41805,320.3,3127,0.7731,2.4306,5.3365,8.9169
2021-04-23,2,5444,31.2,2,222.0,4820.1,1057.2,206.0,115.5,3895.2,41539,341.5,2937,0.8189,2.634,5.0391,8.8521
2021-04-24,2,1426,31.9,2,216.6,4075.4,1062.1,102.4,97.2,2124.4,24963,143.1,600,0.499,2.1093,1.2268,4.0081
2021-04-25,2,1624,33.2,0,221.1,3048.4,1088.8,146.3,79.8,1749.1,25924,137.2,927,0.5764,1.3717,1.6699,3.7414
2021-04-26,2,4824,29.3,2,220.6,4423.2,989.9,201.9,111.7,3746.2,40600,276.3,2446,0.7991,2.4033,4.2551,7.7624
2021-04-27,2,4896,32.7,2,220.4,4822.8,1060.1,215.6,139.4,3586.0,41137,279.5,3169,0.8998,2.6339,5.3219,9.2193
2021-04-28,2,4922,33.8,2,218.0,4925.3,998.4,173.4,146.4,4107.6,37860,296.5,2790,0.8029,2.7488,4.8227,8.6501
2021-04-29,2,4846,27.3,2,223.6,4620.5,1026.1,193.0,148.9,3888.2,38993,287.5,2731,0.8612,2.5161,4.7042,8.4084
2021-04-30,2,4846,32.4,2,226.2,5135.8,1048.3,169.1,146.3,3841.4,40641,286.1,3031,0.7911,2.8612,5.1484,9.1682
2021-05-01,0,238,33.3,0,216.7,2516.8,1002.1,108.9,64.1,993.9,18763,84.4,113,0.4399,1.0603,0.3324,1.4674
2021-05-02,0,80,30.7,0,222.2,2113.4,1016.3,144.0,80.1,1055.4,15980,88.9,164,0.571,0.768,0.4174,1.4553
2021-05-03,0,976,28.8,0,211.4,2370.6,934.1,120.5,94.2,1418.7,20464,112.4,463,0.5405,1.0056,0.9215,2.0259
2021-05-04,0,659,33.6,0,222.0,3450.9,1078.1,91.8,75.8,950.6,19257,96.1,390,0.4211,1.661,0.7481,2.3553
2021-05-05,0,1330,29.1,0,214.4,2260.2,1028.5,119.0,93.4,1492.1,22761,129.1,946,0.5347,0.8622,1.663,2.4987
2021-05-06,0,743,31.4,0,218.4,2615.0,1024.1,87.9,65.1,1118.8,19777,119.5,276,0.386,1.1136,0.608,1.7326
2021-05-07,0,837,31.9,0,216.1,2759.1,989.3,96.6,75.6,1468.5,23368,111.8,580,0.4335,1.2389,1.1035,2.2848
2021-05-08,0,80,33.7,1,219.4,3260.7,1059.5,126.2,81.5,1117.0,17838,82.0,50,0.5265,1.5408,0.2513,1.8311
2021-05-09,0,571,30.8,0,222.5,2429.2,1041.1,88.5,104.5,1517.9,22668,119.3,559,0.4786,0.9717,1.0811,2.0669
2021-05-10,0,1026,30.8,0,214.4,2953.3,989.9,135.3,104.6,1241.8,20275,155.3,495,0.6042,1.3744,0.9675,2.418
2021-05-11,0,877,32.7,0,218.9,2955.4,983.7,126.4,95.4,1555.4,21047,122.1,493,0.5591,1.3802,0.9874,2.341
2021-05-12,0,582,34.8,0,218.5,3230.8,1035.8,108.8,83.2,1150.1,20632,107.7,320,0.4838,1.5365,0.6727,2.2251
2021-05-13,0,862,37.7,0,224.7,3562.0,1042.4,130.5,84.2,1960.7,23080,99.6,324,0.5442,1.7637,0.773,2.5286
2021-05-14,0,622,29.5,0,221.3,2643.0,1040.6,100.6,60.8,1534.7,22671,107.4,171,0.4101,1.1217,0.4958,1.6646
2021-05-15,0,527,33.6,0,216.5,3272.2,1015.1,138.0,68.8,1533.1,19244,99.5,400,0.5288,1.58,0.8345,2.4315
2021-05-16,0,409,30.7,0,218.6,2845.6,1035.8,102.0,67.9,1298.0,21506,104.1,340,0.4302,1.2669,0.7191,1.971
2021-05-17,0,841,35.4,1,224.7,4263.9,1052.9,116.6,93.7,1490.2,18505,108.1,328,0.5289,2.2477,0.725,2.8724
2021-05-18,0,385,31.2,0,222.1,2868.1,1026.8,105.8,93.8,1066.2,21185,94.7,321,0.5002,1.2889,0.6584,2.0286
2021-05-19,0,647,31.9,0,217.2,2518.3,1024.5,136.8,93.8,1193.3,18303,111.4,476,0.5833,1.0457,0.9128,2.0856
2021-05-20,0,948,32.2,0,219.2,3016.3,1042.6,139.0,104.1,1343.7,22786,140.4,482,0.613,1.3816,0.9543,2.372
2021-05-21,0,1042,33.5,0,219.3,3151.9,1056.9,71.1,88.6,1657.2,24409,140.7,372,0.3952,1.4665,0.8275,2.2064
2021-05-22,0,463,34.5,0,218.4,3448.3,984.9,123.9,65.8,1467.9,21542,111.0,262,0.484,1.7244,0.6256,2.3255
2021-05-23,0,80,34.9,0,214.9,2655.4,1023.3,73.1,75.2,885.4,15385,87.3,112,0.3696,1.1425,0.3181,1.5233
2021-05-24,0,878,34.0,0,218.0,3132.0,968.9,118.3,74.7,1314.3,20883,109.3,499,0.4896,1.5142,0.9617,2.4231
2021-05-25,0,1007,31.2,0,224.2,2517.5,1061.3,125.7,97.0,1257.3,23520,129.0,477,0.5609,1.0193,0.9315,2.0352
2021-05-26,0,526,35.8,0,218.9,3246.2,995.3,111.7,75.9,1270.2,21448,89.4,389,0.4747,1.5756,0.7826,2.2986
2021-05-27,0,823,34.2,0,219.7,2941.5,1033.4,135.8,83.4,1631.5,21953,109.6,705,0.5566,1.3357,1.3092,2.6613
2021-05-28,0,873,36.9,1,220.4,3964.0,1051.4,141.6,95.9,1671.5,17704,135.6,368,0.601,2.0388,0.8189,2.8434
2021-05-29,0,210,32.9,0,226.7,2340.1,1047.3,96.8,66.4,1278.3,21038,90.9,68,0.4128,0.905,0.3026,1.3635
2021-05-30,0,80,31.1,0,220.0,2676.1,1009.2,93.6,90.4,1024.4,20813,81.3,540,0.4597,1.1668,0.9758,2.1723
2021-05-31,0,765,34.6,0,223.3,3083.5,1021.4,123.0,64.0,1390.5,21508,113.7,496,0.4775,1.4435,0.9685,2.3507
2021-06-01,0,765,37.6,0,218.2,3414.5,987.0,89.8,88.8,1605.1,21624,108.3,216,0.4458,1.6992,0.5718,2.2073
2021-06-02,0,797,35.2,0,219.2,3613.4,1029.8,113.9,83.2,1194.3,22253,85.0,376,0.4974,1.8085,0.7522,2.5045
2021-06-03,0,723,34.5,0,220.0,2909.3,1000.8,152.7,96.1,1268.9,23665,92.4,283,0.6312,1.336,0.6254,2.1413
2021-06-04,0,744,33.1,1,217.7,3461.6,936.8,90.3,63.3,1669.2,21576,115.9,500,0.3882,1.7674,1.0089,2.5599
2021-06-05,0,257,39.0,0,219.4,3445.2,1019.2,107.1,55.1,865.9,18735,75.5,204,0.4143,1.6982,0.4495,2.1122
2021-06-06,0,343,33.0,0,222.7,2800.4,1030.9,103.1,90.4,1106.5,20127,89.1,84,0.4851,1.2386,0.3049,1.6736
2021-06-07,0,769,33.7,0,217.6,3505.0,986.1,168.0,78.4,1490.4,21210,94.9,780,0.6313,1.7632,1.3979,3.0817
2021-06-08,0,750,36.7,0,220.0,3284.6,974.1,111.7,82.6,1379.9,21150,100.1,450,0.4902,1.6173,0.892,2.4323
2021-06-09,0,841,31.4,0,222.1,2531.9,972.2,114.6,75.2,1628.3,18354,112.8,406,0.4808,1.0918,0.8607,2.0064
2021-06-10,0,478,38.4,0,217.5,3887.4,958.7,95.9,94.4,1471.0,20949,107.6,57,0.4751,2.0501,0.3167,2.3822
2021-06-11,0,910,37.0,0,223.3,3259.3,1007.2,126.6,90.4,1550.5,23931,129.4,367,0.5481,1.5765,0.802,2.3924
2021-06-12,0,264,37.7,0,220.2,2853.9,940.0,120.7,81.8,1313.9,20945,78.1,50,0.5124,1.3397,0.2741,1.7518
2021-06-13,0,271,37.0,0,219.5,2999.7,991.3,95.4,60.7,900.9,20850,90.9,123,0.3959,1.4059,0.3398,1.7409
2021-06-14,0,997,35.5,0,214.0,2862.7,955.7,149.7,94.5,1489.8,22092,102.8,419,0.6195,1.3349,0.8602,2.3138
2021-06-15,0,473,33.6,0,218.9,2379.8,1005.6,124.5,65.8,1626.2,20249,97.0,415,0.4857,0.9619,0.8674,1.8826
2021-06-16,0,469,35.7,0,221.1,2994.0,998.3,137.2,70.7,1540.5,22114,107.5,167,0.531,1.397,0.4904,1.9766
2021-06-17,0,873,33.9,0,225.2,2956.0,978.4,118.5,65.0,1211.4,23228,113.5,658,0.4677,1.3843,1.1904,2.556
2021-06-18,0,823,37.2,0,221.7,3649.2,936.3,130.2,82.5,1408.0,24132,127.8,566,0.5395,1.899,1.0827,2.8901
2021-06-19,0,294,38.0,0,223.4,3476.3,963.0,110.6,94.5,1106.8,18024,98.3,287,0.5147,1.7593,0.613,2.3282
2021-06-20,0,181,39.5,0,216.4,3610.9,984.7,145.3,80.6,1087.2,17538,86.0,266,0.5756,1.8383,0.5734,2.4657
2021-06-21,0,944,37.1,0,219.6,3126.4,969.0,129.5,79.7,1714.6,21366,114.5,906,0.5312,1.5102,1.6227,3.0327
2021-06-22,0,992,38.4,0,223.7,3749.2,991.8,128.0,88.5,1846.1,20469,113.2,423,0.5475,1.9302,0.9131,2.7973
2021-06-23,0,911,35.8,0,217.3,3563.3,930.6,116.3,87.5,1471.6,19448,98.5,681,0.5138,1.8429,1.2483,2.9516
2021-06-24,0,777,35.4,0,222.9,3227.3,980.1,112.6,85.3,1583.7,22107,94.4,522,0.4988,1.573,1.0222,2.5142
2021-06-25,0,445,37.6,0,222.2,3411.2,924.2,123.2,83.0,1292.6,20590,107.0,449,0.5219,1.7409,0.8829,2.5572
2021-06-26,0,402,35.7,0,220.8,2744.1,976.7,135.3,64.2,1145.4,20132,111.3,253,0.5109,1.2372,0.5731,1.8986
2021-06-27,0,484,37.2,1,219.0,4058.5,913.9,103.7,82.4,894.4,20670,83.8,492,0.4683,2.2012,0.8892,2.909
2021-06-28,0,940,34.3,1,217.0,4018.7,882.0,129.7,60.0,1666.1,19313,118.1,313,0.4862,2.1957,0.7284,2.7825
2021-06-29,0,666,34.7,1,225.3,3622.6,1020.6,126.0,91.6,1421.9,19933,86.1,206,0.5493,1.8214,0.5244,2.4043
2021-06-30,0,945,38.1,0,221.9,3319.3,950.0,134.9,69.8,1556.0,21441,105.8,446,0.5228,1.6585,0.9098,2.5577
2021-07-01,1,4733,38.7,1,221.0,4892.0,942.5,157.6,149.5,3657.8,37966,291.1,2732,0.7677,2.7646,4.6793,8.2434
2021-07-02,1,4859,34.6,1,218.8,4382.3,880.8,177.1,96.6,4265.2,35780,287.4,2827,0.6978,2.451,4.8924,8.0215
2021-07-03,1,1307,38.3,0,220.1,3486.4,945.6,103.5,115.8,1737.8,21819,110.8,625,0.5449,1.7786,1.2024,3.5029
2021-07-04,1,1424,35.7,0,220.5,3476.5,950.8,136.4,67.5,1577.4,23195,159.7,648,0.5215,1.768,1.2401,3.5315
2021-07-05,1,4713,36.9,1,221.2,4795.2,923.6,175.0,113.6,3587.6,39700,286.5,2616,0.7314,2.7101,4.4953,7.9473
2021-07-06,1,4588,40.0,1,222.2,5311.3,951.9,181.7,134.5,3866.5,37741,268.2,2353,0.7977,3.0516,4.1255,7.9765
2021-07-07,1,4377,38.7,1,217.7,4948.6,937.1,162.5,136.8,3741.0,38222,273.5,2487,0.7515,2.808,4.314,7.8822
2021-07-08,1,4653,38.7,2,215.6,5211.0,909.1,184.9,126.6,3701.5,37322,283.4,2688,0.788,3.0113,4.6149,8.4538
2021-07-09,1,4682,41.2,1,220.3,5079.7,858.2,169.5,144.6,3886.1,37666,290.8,2795,0.7883,2.955,4.801,8.5389
2021-07-10,1,1481,35.4,1,214.8,3660.3,857.7,153.3,80.8,1938.4,25119,137.6,889,0.5975,1.9618,1.6356,4.2151
2021-07-11,1,1504,34.8,1,219.0,3694.4,942.8,147.6,87.1,1857.7,23998,146.5,1195,0.5968,1.9261,2.0885,4.6244
2021-07-12,1,4531,35.4,2,218.5,5494.8,897.5,194.9,124.8,3583.0,35906,290.2,2774,0.8106,3.2181,4.7323,8.7634
2021-07-13,1,4844,36.4,1,221.5,5203.4,906.7,190.5,125.1,4076.3,35663,277.2,2942,0.7995,3.0077,5.0376,8.8638
2021-07-14,1,4416,31.8,0,225.9,3765.2,898.3,144.7,99.0,3788.7,35471,265.4,2627,0.6165,2.0068,4.5252,7.1293
2021-07-15,1,4472,36.5,1,214.2,4651.9,852.4,180.4,128.3,3774.8,38288,286.3,2690,0.7798,2.6596,4.6283,8.0436
2021-07-16,1,4580,35.8,1,226.8,4211.4,945.9,175.7,128.2,3589.5,39505,274.5,2617,0.767,2.2858,4.4916,7.5553
2021-07-17,1,1623,38.7,1,219.3,4276.0,919.9,144.7,110.6,1666.7,23425,147.1,959,0.6433,2.3493,1.7117,4.6633
2021-07-18,1,1195,37.8,1,221.0,3811.4,905.9,145.1,70.1,1654.7,19898,123.1,1039,0.5508,2.0338,1.8184,4.4159
2021-07-19,1,4342,35.7,1,215.8,4923.1,875.7,195.3,117.5,3759.4,37904,265.5,2506,0.7948,2.8332,4.341,7.9408
2021-07-20,1,4211,38.3,1,223.0,4350.4,902.9,213.6,143.6,3698.1,35811,258.6,2203,0.9042,2.4132,3.8754,7.2307
2021-07-21,1,4584,38.6,2,220.1,5508.3,870.6,180.0,134.4,3847.3,34828,266.2,2784,0.7929,3.2464,4.7679,8.7973
2021-07-22,1,4377,35.3,1,219.8,4233.9,837.8,175.4,135.8,3532.7,30784,277.5,2696,0.7838,2.3773,4.602,7.7994
2021-07-23,1,4509,35.8,0,214.2,4026.6,807.0,214.0,135.9,3550.8,35204,290.7,2643,0.8874,2.2537,4.532,7.6679
2021-07-24,1,1584,32.0,0,220.2,3092.5,895.5,142.2,100.9,1879.0,23819,144.2,581,0.6142,1.5379,1.169,3.3148
2021-07-25,1,1349,34.5,0,222.5,3418.5,867.4,128.8,118.5,1735.1,21593,147.1,1014,0.6189,1.7858,1.8019,4.2282
2021-07-26,1,4620,35.2,1,219.3,4489.8,864.3,233.8,131.8,3963.7,38649,277.0,2721,0.931,2.5378,4.6934,8.1696
2021-07-27,1,4524,37.0,1,223.5,4888.4,870.6,204.1,114.1,3618.5,35538,272.0,2568,0.8106,2.8125,4.4193,8.0406
2021-07-28,1,4699,34.7,1,223.4,4294.0,868.0,190.4,141.0,3742.0,37758,291.4,2939,0.836,2.3982,5.0,8.2241
2021-07-29,1,4664,35.6,1,218.1,4625.6,846.3,178.9,122.5,4161.6,41861,290.0,2341,0.7624,2.6455,4.154,7.552
2021-07-30,1,4453,34.1,0,224.8,4081.3,877.3,219.3,126.8,3940.1,36914,274.0,2603,0.8806,2.2428,4.5117,7.6941
2021-07-31,1,1435,37.1,0,220.1,3557.9,819.3,140.4,97.8,1630.8,23819,147.7,735,0.6022,1.917,1.3718,3.8491
2021-08-01,1,1653,37.6,1,220.1,3961.6,864.7,140.3,82.5,2189.2,24775,133.9,1227,0.5666,2.1678,2.1709,4.8752
2021-08-02,1,4649,37.5,1,220.3,4704.2,814.0,208.6,123.1,3580.4,38730,280.6,2740,0.8434,2.7231,4.6775,8.2735
2021-08-03,1,4327,36.6,2,220.2,5383.3,834.7,207.2,134.1,3504.6,37155,281.3,2354,0.8651,3.184,4.0893,8.1659
2021-08-04,1,4696,33.2,2,212.1,4529.2,765.3,206.6,123.1,3753.9,35917,297.9,2929,0.838,2.6347,4.9888,8.4385
2021-08-05,1,4383,35.1,2,219.4,4714.1,814.7,208.3,142.2,3603.5,35669,282.3,2100,0.8867,2.7296,3.7202,7.2927
2021-08-06,1,4832,35.6,0,215.9,4236.8,786.0,206.9,118.2,4007.4,37093,304.7,2894,0.8275,2.4156,4.9701,8.245
2021-08-07,1,1649,35.5,0,224.9,3222.6,833.1,151.9,79.9,1941.5,24417,144.7,729,0.5917,1.6726,1.3989,3.6371
2021-08-08,1,1517,36.5,0,224.8,3043.6,847.0,121.2,121.8,1951.2,27659,122.8,797,0.6062,1.5376,1.4932,3.6247
2021-08-09,1,4606,39.4,0,222.6,4816.6,819.0,232.7,107.3,3683.4,38457,279.2,2628,0.8715,2.7983,4.5212,8.1934
2021-08-10,1,4540,38.0,1,219.3,4523.3,850.7,164.6,129.1,3782.2,36924,286.9,2797,0.7393,2.5708,4.7895,8.0729
2021-08-11,1,4700,34.0,1,217.0,4334.1,809.8,201.4,159.2,3828.2,39980,296.1,3123,0.9075,2.467,5.2891,8.6867
2021-08-12,1,4511,37.6,0,218.0,4075.5,784.5,161.8,128.7,3446.9,37285,271.7,2296,0.7309,2.3037,3.9911,7.0262
2021-08-13,1,4620,37.5,2,225.8,5212.7,813.0,191.0,150.6,3851.3,34456,271.3,2760,0.8598,3.0798,4.7346,8.6521
2021-08-14,1,1622,34.2,0,217.9,2951.1,792.7,126.6,104.3,1922.9,27808,137.6,1337,0.5802,1.5109,2.3065,4.3778
2021-08-15,1,1364,37.8,0,212.9,3721.4,779.7,137.5,91.3,1617.2,23447,129.9,688,0.5794,2.0592,1.2916,3.9626
2021-08-16,1,4467,35.5,1,223.1,4533.7,764.4,197.9,126.6,3593.1,32701,253.2,2477,0.8228,2.6385,4.2704,7.7248
2021-08-17,1,4363,32.7,2,224.5,4934.7,812.9,167.5,95.6,3533.0,33445,265.0,2573,0.6697,2.8853,4.4127,7.9831
2021-08-18,1,4386,36.7,0,225.0,3945.9,765.2,188.3,122.8,3575.2,38451,272.9,2693,0.7883,2.2265,4.6029,7.6174
2021-08-19,1,4249,36.1,1,223.1,5078.4,798.9,217.1,129.5,3851.0,32996,265.0,2583,0.881,2.9956,4.4658,8.2985
2021-08-20,1,4709,35.0,1,223.6,4007.9,811.3,165.9,135.0,4195.8,40206,282.9,2667,0.7565,2.2376,4.6434,7.6561
2021-08-21,1,1791,35.4,0,220.2,2945.8,776.2,123.4,133.5,1519.7,25668,147.3,894,0.6391,1.5187,1.5973,3.782
2021-08-22,1,1722,33.8,0,213.8,3613.9,685.1,159.9,99.9,2055.5,26517,145.6,1236,0.6593,2.0502,2.1741,4.9297
2021-08-23,1,4285,36.6,1,220.1,4712.8,717.4,188.8,135.9,3728.6,35535,261.2,2346,0.8199,2.7968,4.0946,7.6638
2021-08-24,1,4708,35.1,1,221.9,4603.1,779.1,198.1,149.0,3780.1,38716,295.3,2386,0.8751,2.6768,4.1771,7.65
2021-08-25,1,4834,35.5,1,219.6,4701.5,692.7,219.5,141.1,4064.1,38873,292.5,2542,0.9142,2.8062,4.444,8.1803
2021-08-26,1,4496,35.8,1,219.5,4694.6,765.8,173.5,127.7,3985.3,36814,315.3,2504,0.76,2.7502,4.3872,7.8823
2021-08-27,1,4596,32.4,2,217.1,4776.0,764.0,181.3,128.9,3502.6,35385,277.8,2934,0.7836,2.8084,4.9569,8.5132
2021-08-28,1,1104,32.9,0,217.0,2661.3,764.4,115.7,83.0,1608.6,23282,129.9,426,0.5018,1.3278,0.8975,2.7298
2021-08-29,1,1513,29.9,0,225.5,2874.2,755.7,129.6,99.8,2190.3,21084,139.4,1151,0.5779,1.4829,2.0584,4.108
2021-08-30,1,4387,35.9,0,225.6,4184.3,770.0,218.4,125.1,3397.1,38102,268.4,2780,0.8743,2.39,4.7099,7.9423
2021-08-31,1,4614,31.9,0,220.0,3976.1,742.4,155.6,139.7,3739.9,37733,301.4,2717,0.7397,2.2636,4.6712,7.6725
2021-09-01,1,4297,34.7,1,220.8,4832.5,700.1,161.1,111.4,3483.4,36883,280.3,2033,0.6891,2.8927,3.6047,7.2006
2021-09-02,1,4676,35.2,0,217.1,4084.4,740.3,164.1,133.3,3988.5,32929,264.4,2499,0.7477,2.3409,4.356,7.4489
2021-09-03,1,4762,35.6,1,221.9,4265.1,769.5,226.6,155.4,4066.9,35974,277.0,2648,0.9663,2.4469,4.5955,8.0132
2021-09-04,1,1324,31.5,1,225.3,3782.9,760.3,120.3,87.5,1750.1,22650,132.9,1079,0.5245,2.1158,1.8951,4.5465
2021-09-05,1,1260,33.9,0,215.4,2798.6,695.1,125.5,117.8,1687.0,24505,125.5,628,0.6085,1.4724,1.2083,3.2469
2021-09-06,1,4190,37.6,1,221.4,4770.6,743.1,149.9,127.7,3188.4,33901,245.5,2291,0.6967,2.8192,3.9398,7.4544
2021-09-07,1,4530,37.6,2,221.6,5214.1,754.9,185.8,128.5,3964.7,41612,280.2,2661,0.7948,3.1214,4.6058,8.5281
2021-09-08,1,4473,35.9,1,221.6,4440.3,748.9,209.6,130.4,3609.7,36313,253.7,2341,0.863,2.584,4.0697,7.5072
2021-09-09,1,4299,34.3,1,224.9,4527.0,753.4,192.9,121.9,3539.8,34227,270.0,2489,0.7986,2.6415,4.29,7.7094
2021-09-10,1,4660,31.3,1,226.1,4129.9,689.1,191.5,101.2,3964.1,37236,293.5,2559,0.747,2.4086,4.4574,7.5943
2021-09-11,1,1384,35.0,0,219.3,3351.8,714.4,100.5,104.8,1793.6,22101,147.8,1287,0.5114,1.8462,2.2189,4.5691
2021-09-12,1,1271,32.9,0,222.0,2738.8,726.7,125.7,123.1,1868.7,21206,130.5,572,0.6212,1.4085,1.1473,3.1999
2021-09-13,1,4478,34.4,1,220.3,4335.7,728.5,193.8,135.9,3785.0,38627,294.6,2945,0.8333,2.525,5.0159,8.4124
2021-09-14,1,4771,31.6,1,218.1,3926.3,706.0,174.1,140.4,3894.7,38962,293.7,2562,0.7909,2.2542,4.4542,7.5324
2021-09-15,1,4687,32.5,1,220.8,4158.8,738.0,208.8,128.5,3861.8,38614,296.1,2766,0.8564,2.3946,4.7572,7.9692
2021-09-16,1,4555,33.1,2,222.0,4738.3,654.9,211.5,147.0,3522.0,39429,271.1,2732,0.9064,2.8584,4.6545,8.3958
2021-09-17,1,4689,33.2,0,220.7,4251.0,708.1,182.8,130.7,3780.4,38570,304.3,2745,0.7918,2.48,4.7197,8.0079
2021-09-18,1,1256,33.6,0,217.4,2960.4,693.4,148.6,94.1,1873.8,21354,131.5,743,0.6156,1.5869,1.4049,3.64
2021-09-19,1,1471,31.1,0,218.6,2237.2,705.5,134.1,69.2,1650.3,25454,160.1,1008,0.5192,1.0722,1.7897,3.357
2021-09-20,1,4605,29.3,1,218.6,4186.4,719.3,218.1,122.3,3626.4,35313,298.5,2746,0.867,2.427,4.6991,7.9977
2021-09-21,1,4493,35.7,1,217.5,4650.7,653.0,235.6,134.4,3527.3,36010,280.3,2575,0.9419,2.7984,4.4227,8.1347
2021-09-22,1,4656,37.5,1,220.9,4744.3,721.3,169.7,144.5,3814.3,37473,289.4,2579,0.7886,2.8161,4.4677,8.0793
2021-09-23,1,4438,32.9,0,221.3,3565.6,703.1,206.8,142.3,3904.0,36375,272.6,2544,0.8829,2.0037,4.4181,7.2887
2021-09-24,1,4670,28.9,1,222.9,3546.4,680.9,222.8,107.4,3893.9,34390,275.3,2677,0.8452,2.0058,4.617,7.4726
2021-09-25,1,1564,29.9,0,217.4,3177.1,644.0,116.8,71.6,1477.8,22827,152.5,872,0.4784,1.7732,1.5608,3.7821
2021-09-26,1,940,32.6,0,218.3,2853.7,672.4,114.3,95.0,1599.6,21907,123.8,559,0.5258,1.5269,1.0927,3.1046
2021-09-27,1,4792,34.3,2,224.7,4509.8,692.3,183.4,121.3,3791.5,37027,271.2,2526,0.7717,2.6722,4.3771,7.8986
2021-09-28,1,4029,28.6,2,219.5,4215.9,676.0,179.6,136.8,3489.7,36949,255.3,2152,0.7973,2.4779,3.7727,7.0497
2021-09-29,1,4467,30.9,1,220.1,4289.5,651.8,182.6,104.2,3642.6,39097,286.4,2741,0.7301,2.5464,4.6892,8.019
2021-09-30,1,4763,31.4,0,219.5,3622.2,679.1,191.4,130.7,3698.2,35988,306.9,2357,0.8149,2.0602,4.1282,7.041
2021-10-01,3,5528,32.8,1,223.4,4464.0,663.8,257.9,140.8,4494.5,42525,350.5,3672,1.0164,2.6601,6.2178,10.645
2021-10-02,3,1523,30.0,0,223.5,2677.6,703.0,125.7,100.5,1944.8,28445,143.3,1033,0.569,1.3822,1.8559,4.1208
2021-10-03,3,1590,27.1,0,223.3,2378.7,713.1,147.2,78.6,2121.2,25636,151.9,1473,0.5761,1.1659,2.5401,4.5923
2021-10-04,3,5770,31.8,2,220.1,5554.7,638.9,258.6,114.7,4497.9,42701,348.5,3817,0.958,3.4411,6.4349,11.6933
2021-10-05,3,5239,32.8,2,217.4,5133.3,651.1,246.5,140.4,4125.7,42752,345.5,3230,0.9849,3.1375,5.5084,10.3542
2021-10-06,3,5788,30.0,1,225.8,3999.8,697.5,220.9,152.4,4800.3,43016,346.2,3567,0.9441,2.3116,6.0952,10.0596
2021-10-07,3,5575,30.9,2,222.6,5110.6,669.2,252.7,157.0,4736.1,44903,356.6,3770,1.0399,3.109,6.3973,11.3685
2021-10-08,3,5371,28.9,2,218.6,4770.5,615.2,265.9,134.1,4514.4,40688,327.2,3594,1.0224,2.9087,6.0922,10.8115
2021-10-09,3,1682,27.9,1,224.3,3133.6,686.3,169.2,106.8,2006.1,25410,175.1,1401,0.7002,1.7131,2.4287,5.2302
2021-10-10,3,1604,31.9,1,218.4,3427.1,630.8,146.7,101.5,1941.3,27359,153.9,1386,0.6276,1.9574,2.3894,5.3465
2021-10-11,1,4734,30.4,1,224.2,3703.2,666.9,214.5,151.6,3712.2,38064,285.7,2550,0.9251,2.1254,4.4104,7.4646
2021-10-12,1,4710,30.4,0,224.4,3736.8,636.5,232.7,130.7,3980.5,37977,273.4,2769,0.9256,2.1702,4.7656,7.8897
2021-10-13,1,4269,32.5,2,217.2,4698.7,659.0,167.3,100.3,3398.3,32493,284.4,2337,0.6801,2.8278,4.051,7.5657
2021-10-14,1,4505,26.8,0,221.7,3117.6,640.8,192.0,128.0,3852.2,36285,269.4,2413,0.8102,1.7338,4.2139,6.7562
2021-10-15,1,4423,27.7,1,222.3,3661.4,674.7,213.6,129.4,3756.9,38132,255.5,2595,0.8714,2.0907,4.4697,7.4403
2021-10-16,1,1698,29.2,1,227.8,3228.7,662.0,143.1,103.1,2175.6,23721,131.9,910,0.6217,1.7967,1.6925,4.075
2021-10-17,1,1222,27.4,0,217.8,2185.3,625.2,93.6,66.7,1849.0,24394,129.0,679,0.4049,1.0921,1.3057,2.8265
2021-10-18,1,4867,30.3,0,224.3,3425.4,665.8,207.4,128.7,4015.2,38924,288.5,2733,0.8531,1.9317,4.7228,7.4777
2021-10-19,1,4572,28.0,1,220.1,3969.4,615.6,170.8,142.9,3470.3,36843,288.5,2426,0.7878,2.3477,4.1963,7.3706
2021-10-20,1,4369,26.1,0,216.3,3249.2,675.7,160.7,125.9,3718.6,38794,268.8,2839,0.7215,1.8014,4.8373,7.3796
2021-10-21,1,4456,28.3,1,219.6,3356.6,644.4,152.2,123.9,3683.5,36103,289.5,2613,0.6941,1.8985,4.5026,7.1092
2021-10-22,1,4434,28.4,2,220.0,4146.7,626.2,216.0,156.8,3581.9,36137,269.9,2312,0.9411,2.4644,4.0301,7.4506
2021-10-23,1,1236,29.9,0,216.8,2816.0,620.6,113.9,73.8,1911.5,22811,142.9,750,0.4757,1.5368,1.4255,3.438
2021-10-24,1,1482,28.6,1,220.9,3514.2,642.5,144.0,111.3,1791.6,24369,130.3,1133,0.643,2.0102,1.9804,4.614
2021-10-25,1,4357,28.6,1,222.9,4149.4,672.4,201.2,142.6,3506.0,37680,253.0,2700,0.8686,2.4339,4.5959,7.8749
2021-10-26,1,4186,28.1,1,220.7,3382.4,618.4,188.9,121.9,3697.7,32931,253.5,2335,0.7878,1.9348,4.0702,6.8366
2021-10-27,1,4510,26.9,1,218.4,3857.3,624.6,197.7,128.6,3623.3,38504,264.4,2527,0.8269,2.2629,4.3558,7.4482
2021-10-28,1,4253,25.6,1,219.6,3332.4,635.9,194.9,125.5,3432.6,35985,251.5,2294,0.8122,1.8876,3.9769,6.6488
2021-10-29,1,4443,27.7,0,220.0,3353.9,676.7,193.0,131.0,3451.8,37658,279.9,2443,0.8198,1.874,4.216,6.9228
2021-10-30,1,1301,26.2,1,220.7,2912.2,665.0,116.7,81.7,1559.0,27770,130.4,636,0.5015,1.573,1.2081,3.2912
2021-10-31,1,1308,30.5,0,223.3,2354.7,687.3,114.9,84.3,1578.8,22573,135.6,494,0.5027,1.1672,0.9982,2.6599
2021-11-01,3,5945,29.6,2,220.8,5089.3,641.1,244.7,141.0,4877.7,41965,366.9,3618,0.9815,3.1137,6.19,11.0856
2021-11-02,3,5595,27.9,2,215.8,4931.8,661.8,237.9,137.3,4365.5,43048,324.5,3557,0.9547,2.989,6.0183,10.7774
2021-11-03,3,5629,27.2,2,218.3,4592.4,665.0,250.8,137.9,4235.6,43476,353.1,3440,0.9907,2.7492,5.8402,10.3701
2021-11-04,3,5265,26.1,2,220.5,4323.4,657.4,259.0,104.6,4398.9,42882,315.5,3343,0.9357,2.5662,5.6972,9.9431
2021-11-05,3,5467,23.3,2,223.4,3898.8,668.0,246.0,142.1,4355.4,41192,332.1,3713,0.9875,2.2616,6.254,10.2651
2021-11-06,3,1826,25.5,0,223.9,2665.2,635.5,155.0,89.0,2209.2,25375,152.5,1639,0.621,1.4208,2.7998,5.2094
2021-11-07,3,1603,26.1,0,225.3,2559.5,700.6,120.9,66.2,2304.7,23173,173.0,1168,0.4769,1.3012,2.1134,4.2148
2021-11-08,3,5749,26.2,2,220.4,4270.5,634.9,226.6,138.7,4657.3,40884,331.4,3743,0.9277,2.5449,6.3348,10.5761
2021-11-09,3,5369,26.7,2,222.3,4395.7,661.1,207.1,133.7,4680.5,41001,320.2,3334,0.8639,2.6142,5.7191,9.9011
2021-11-10,3,5534,27.5,1,215.6,4130.5,645.1,223.5,160.5,4498.8,42233,328.5,3372,0.9697,2.4398,5.7584,9.9294
2021-11-11,1,4473,23.8,1,221.3,3153.5,611.1,195.8,120.6,3854.5,40504,274.7,2393,0.8033,1.7797,4.1878,6.7451
2021-11-12,1,4608,23.7,0,216.8,2810.5,631.6,194.8,140.3,3658.4,34307,280.4,2688,0.8462,1.5252,4.6075,6.9314
2021-11-13,1,1350,28.3,0,219.8,1985.0,647.5,175.2,111.9,1756.4,24274,145.5,978,0.728,0.9362,1.7505,3.4475
2021-11-14,1,1416,26.7,0,229.1,2622.0,667.6,146.1,82.6,1610.0,22641,137.5,592,0.5824,1.3681,1.1499,3.0567
2021-11-15,1,4535,24.0,1,220.9,3317.2,646.3,233.6,128.7,3565.1,37448,290.7,2579,0.9233,1.8696,4.4384,7.2216
2021-11-16,1,4446,24.5,1,217.4,3006.7,675.2,205.8,154.3,3616.1,35677,279.6,2518,0.908,1.632,4.3475,6.8601
2021-11-17,1,4665,24.4,1,221.2,2703.4,629.3,217.9,134.4,3553.2,39457,273.6,2750,0.8944,1.4519,4.6863,7.0146
2021-11-18,1,4621,24.6,1,218.4,3600.4,611.1,185.3,136.1,3793.7,39261,274.9,2727,0.811,2.0925,4.6812,7.6403
2021-11-19,1,4562,25.5,1,217.1,3521.9,625.3,168.5,123.6,3673.9,36957,298.4,2743,0.7371,2.0276,4.7007,7.4629
2021-11-20,1,1387,29.9,0,226.3,2687.3,686.9,125.1,101.9,1802.2,26416,152.1,1146,0.5707,1.4003,2.0116,3.9916
2021-11-21,1,1608,24.6,1,223.2,2864.4,681.4,138.7,93.7,1660.6,26122,157.2,776,0.5882,1.5281,1.4418,3.5779
2021-11-22,1,4536,25.6,2,221.0,4126.1,670.2,177.8,102.0,3838.6,39558,290.6,2464,0.7121,2.4191,4.2993,7.4144
2021-11-23,1,4523,20.3,1,218.8,3360.8,672.6,169.4,123.9,4009.8,36919,284.1,2668,0.7402,1.8817,4.6221,7.2709
2021-11-24,1,4597,22.8,1,219.1,3261.2,658.4,201.9,112.4,4017.7,39021,285.9,2928,0.8007,1.822,5.0145,7.6466
2021-11-25,1,4883,26.5,0,224.6,2937.1,656.9,175.8,135.3,4270.2,37126,295.3,2569,0.7837,1.5961,4.5099,6.9086
2021-11-26,1,4337,24.6,0,220.9,2857.0,636.6,154.3,113.3,3596.6,34650,290.6,2575,0.6752,1.5543,4.4353,6.6467
2021-11-27,1,1604,15.0,0,210.8,2482.1,600.0,114.2,101.4,1831.1,28660,141.6,894,0.5403,1.3175,1.633,3.5019
2021-11-28,1,1124,25.0,0,227.3,1981.8,676.9,125.1,89.2,1684.6,20766,128.5,806,0.5413,0.9134,1.4752,2.9297
2021-11-29,1,4617,27.6,1,220.5,4014.8,683.4,171.3,111.7,3719.7,36606,262.3,2791,0.7171,2.332,4.7619,7.8392
2021-11-30,1,4862,18.9,1,221.0,3485.3,672.8,192.5,126.0,3601.2,35004,276.6,2829,0.807,1.9687,4.8106,7.5728
2021-12-01,0,912,26.5,0,223.3,2231.2,676.2,139.6,95.3,1612.9,20308,137.8,617,0.5943,1.0885,1.1872,2.4041
2021-12-02,0,855,17.0,0,221.4,2572.0,645.2,138.0,102.5,1387.9,19801,120.9,377,0.6066,1.3488,0.7924,2.2616
2021-12-03,0,723,25.1,0,222.2,2357.5,740.3,108.5,70.1,1084.1,19830,105.0,563,0.4527,1.132,1.0278,2.1392
2021-12-04,0,269,22.9,0,218.7,2248.3,646.4,86.2,61.8,975.3,19670,88.0,406,0.3738,1.1213,0.7715,1.8526
2021-12-05,0,218,17.6,0,216.3,1592.8,664.6,101.3,106.9,997.1,19889,68.5,144,0.5184,0.6497,0.3724,1.2631
2021-12-06,0,683,23.7,1,220.8,2997.1,702.4,136.7,83.0,1325.6,19056,100.6,323,0.5581,1.6063,0.6946,2.3286
2021-12-07,0,772,25.2,1,224.3,2449.2,691.2,143.5,85.6,1382.9,19821,92.2,422,0.5823,1.2306,0.8464,2.1973
2021-12-08,0,860,23.4,0,218.1,1888.7,652.9,133.2,74.2,1679.6,23562,110.2,641,0.5284,0.8651,1.2197,2.1425
2021-12-09,0,686,23.8,0,217.8,1346.4,694.5,148.8,86.5,1093.4,23951,114.0,390,0.5986,0.4563,0.7747,1.5489
2021-12-10,0,679,21.5,1,223.7,2511.0,661.2,160.3,108.9,1293.6,23112,111.0,178,0.6812,1.2949,0.4791,2.0024
2021-12-11,0,80,18.2,0,218.6,1486.7,724.6,100.8,79.8,791.4,15373,97.7,218,0.4545,0.5335,0.4705,1.193
2021-12-12,0,334,23.8,0,218.8,1933.0,690.9,148.7,95.0,1333.2,21544,93.6,50,0.618,0.8695,0.2836,1.4414
2021-12-13,0,922,26.0,1,218.9,2295.1,680.1,120.9,86.5,1370.6,25209,86.7,611,0.5238,1.1305,1.1275,2.3279
2021-12-14,0,866,24.6,0,219.8,2416.6,656.2,148.0,70.0,1375.0,18584,137.4,166,0.5583,1.2323,0.4814,1.8269
2021-12-15,0,998,17.7,0,215.3,2122.9,650.9,143.6,76.7,1707.7,24140,109.8,598,0.562,1.0304,1.1586,2.2582
2021-12-16,0,840,18.6,0,218.4,2536.0,690.6,81.6,68.3,1659.3,21933,114.7,475,0.3765,1.2918,0.9698,2.171
2021-12-17,0,895,20.0,0,220.7,1689.9,749.0,104.9,89.0,1720.0,21170,116.5,165,0.4867,0.6586,0.5127,1.3314
2021-12-18,0,318,18.3,0,220.7,2225.9,710.0,88.9,97.2,801.4,19527,92.2,244,0.4628,1.0611,0.5095,1.7335
2021-12-19,0,247,21.9,1,223.5,1858.1,724.3,75.2,80.4,1140.1,19835,86.7,50,0.3873,0.7937,0.2568,1.1556
2021-12-20,0,728,22.6,0,225.5,1971.5,734.3,142.4,79.1,1400.0,23141,108.5,437,0.5644,0.866,0.8793,1.8948
2021-12-21,0,1223,18.5,1,224.5,2387.1,783.2,177.5,77.8,1649.0,25127,114.2,635,0.6554,1.1227,1.2093,2.4918
2021-12-22,0,743,23.3,0,222.7,1804.4,709.9,117.7,89.2,1372.6,18408,139.5,164,0.5215,0.7662,0.479,1.4393
2021-12-23,0,704,22.9,0,219.6,1777.6,752.8,141.5,64.9,1567.9,19789,114.5,220,0.5291,0.7174,0.5756,1.4977
2021-12-24,0,902,20.3,0,218.1,1719.6,701.5,158.9,68.8,1646.2,21957,116.2,349,0.5848,0.7127,0.7799,1.6948
2021-12-25,0,309,21.1,0,220.1,1493.6,703.1,120.1,92.2,1253.0,22128,111.0,356,0.5349,0.5533,0.7409,1.4986
2021-12-26,0,80,17.1,0,221.8,1653.4,727.1,110.9,71.8,986.8,13427,65.7,197,0.4631,0.6484,0.4475,1.3054
2021-12-27,0,1026,20.6,0,222.5,2016.1,732.1,123.1,82.9,1944.8,21210,131.6,990,0.5214,0.8988,1.784,2.6169
2021-12-28,0,807,21.4,0,221.9,2238.2,749.2,136.4,82.1,1328.2,18639,104.7,376,0.5552,1.0423,0.7761,1.88
2021-12-29,0,624,21.7,0,219.6,1970.3,672.3,140.5,93.4,996.0,18156,107.9,264,0.5923,0.9086,0.5695,1.6969
2021-12-30,0,1038,22.1,0,222.4,2292.0,746.3,138.8,89.9,1495.8,24134,126.8,626,0.5797,1.082,1.1828,2.334
2021-12-31,0,937,21.8,1,223.8,2101.2,735.3,136.3,75.1,1491.3,20978,89.1,480,0.5388,0.9561,0.9453,2.0059
2022-01-01,0,80,20.6,1,250.6,2175.8,826.3,110.3,65.4,1184.2,14135,61.4,50,0.4467,0.9447,0.249,1.3405
2022-01-02,0,588,21.8,0,247.9,2070.1,806.3,85.5,79.1,1172.6,20184,120.5,351,0.4119,0.8847,0.7275,1.6381
2022-01-03,0,956,23.3,0,245.5,2059.1,824.8,147.0,91.0,1581.1,25680,115.0,681,0.6042,0.864,1.2707,2.2397
2022-01-04,0,836,20.9,1,245.4,2238.4,824.1,96.8,84.5,1152.4,18259,136.6,105,0.4546,0.99,0.3627,1.5262
2022-01-05,0,1124,21.8,1,246.0,2771.4,831.8,143.9,86.6,1791.5,23680,141.3,549,0.5857,1.3577,1.1092,2.5021
2022-01-06,0,866,20.7,0,248.8,1811.0,814.6,142.2,86.1,1449.2,24459,111.3,250,0.58,0.6975,0.6063,1.561
2022-01-07,0,833,19.6,0,249.6,1739.5,864.4,99.9,84.5,1366.0,21410,108.8,455,0.4629,0.6126,0.9018,1.5955
2022-01-08,0,149,22.2,0,243.8,1910.9,825.6,99.3,65.1,1376.1,22096,101.5,164,0.4165,0.7597,0.4634,1.3372
2022-01-09,0,373,19.8,0,246.5,1837.4,817.4,163.4,96.1,1323.8,18379,117.0,417,0.6599,0.714,0.8425,1.7925
2022-01-10,0,923,21.9,0,248.7,1826.3,855.9,124.9,78.8,1285.1,24479,113.1,457,0.5168,0.6793,0.898,1.7494
2022-01-11,0,840,21.1,0,245.3,1798.4,841.9,98.3,87.0,1401.1,23706,131.3,506,0.4644,0.6696,0.9933,1.7055
2022-01-12,0,695,20.3,1,249.3,2151.7,880.0,140.1,52.4,1823.4,20860,118.6,100,0.4965,0.8902,0.4284,1.4977
2022-01-13,0,861,20.3,0,247.1,1845.1,860.8,108.5,82.1,1790.0,18939,128.2,344,0.4804,0.689,0.7942,1.6187
2022-01-14,0,825,19.9,0,245.8,2225.8,837.7,82.6,68.4,1577.6,19662,113.3,516,0.3794,0.9717,1.0202,1.9513
2022-01-15,0,80,17.4,0,248.2,1832.0,863.9,122.9,61.3,617.1,14116,70.5,50,0.471,0.6777,0.185,1.035
2022-01-16,0,80,21.8,0,249.2,2017.6,850.3,91.3,112.3,1189.4,19405,65.9,269,0.5041,0.8171,0.5817,1.5098
2022-01-17,0,939,21.5,1,245.5,2620.1,912.3,134.0,90.0,1367.8,22798,101.6,639,0.567,1.1955,1.1752,2.4118
2022-01-18,0,369,22.9,0,247.3,1675.7,926.6,98.8,97.8,1367.0,19692,114.5,51,0.4907,0.5244,0.298,1.0536
2022-01-19,0,875,19.9,1,249.4,2042.5,941.0,141.3,98.3,1312.4,21454,114.5,241,0.6058,0.771,0.5769,1.586
2022-01-20,0,752,25.2,0,245.7,1705.0,881.1,127.6,98.8,1454.2,23602,95.1,307,0.5702,0.5767,0.6849,1.4915
2022-01-21,0,1073,20.2,0,243.0,1822.3,922.1,72.4,84.9,1450.0,23043,135.3,460,0.3902,0.6301,0.9318,1.5744
2022-01-22,0,179,19.2,0,243.4,1596.5,905.0,121.6,101.2,945.6,17753,77.3,50,0.5597,0.484,0.2286,1.0126
2022-01-23,0,387,18.9,1,246.7,2614.1,890.2,110.6,92.3,1251.9,19890,84.6,50,0.5096,1.2067,0.2693,1.6282
2022-01-24,0,766,17.3,0,244.0,2178.5,888.9,155.0,84.8,1137.5,24903,134.3,403,0.6113,0.9027,0.8089,1.8571
2022-01-25,0,858,24.5,0,247.0,2522.4,915.2,134.1,89.2,1859.0,22724,97.6,629,0.5654,1.125,1.2173,2.3717
2022-01-26,0,970,24.2,0,253.0,1774.5,948.3,144.1,84.6,1316.5,21372,121.5,435,0.5816,0.5783,0.8716,1.6492
2022-01-27,0,754,22.5,0,243.9,2338.8,924.6,107.9,84.8,1172.5,21087,101.8,517,0.4851,0.9899,0.9683,2.0029
2022-01-28,0,1017,19.3,0,247.2,2397.6,931.7,110.9,86.5,1643.1,23105,111.8,531,0.497,1.0261,1.0509,2.1704
2022-01-29,0,89,25.3,0,254.4,1744.6,954.1,111.0,81.8,1187.7,17616,61.4,162,0.4864,0.5533,0.4184,1.1712
2022-01-30,0,321,20.5,0,249.2,1947.0,980.8,107.8,105.0,1040.8,18431,90.2,50,0.5315,0.6763,0.246,1.2023
2022-01-31,0,1004,20.8,0,246.9,2303.5,939.2,157.5,69.0,1329.6,22196,109.7,633,0.5815,0.955,1.1651,2.2208
2022-02-01,1,4772,24.6,1,247.5,3352.2,943.9,192.5,149.4,3692.6,40777,296.8,2789,0.861,1.6858,4.7724,7.3332
2022-02-02,1,4999,22.9,1,249.3,3384.3,953.5,173.0,129.5,3814.0,40420,299.4,3145,0.7628,1.7016,5.322,7.781
2022-02-03,1,4516,26.3,2,253.1,3815.1,974.6,173.1,148.2,3755.4,36230,274.5,2720,0.8062,1.9884,4.665,7.4957
2022-02-04,1,4405,22.1,1,246.4,2669.5,921.3,210.5,122.9,3618.5,38065,262.8,2601,0.848,1.2237,4.4654,6.5543
2022-02-05,1,1310,20.7,1,245.7,2589.6,931.4,129.9,96.9,1788.8,23517,151.1,495,0.572,1.1607,1.0322,2.7824
2022-02-06,1,1608,20.3,0,243.9,1935.3,1014.3,134.1,91.9,1962.6,25374,156.2,838,0.5717,0.6447,1.5704,2.7514
2022-02-07,1,4743,17.6,1,248.3,3081.3,932.9,218.7,106.0,3989.0,38377,280.3,2607,0.831,1.5039,4.5268,6.8641
2022-02-08,1,4672,21.1,1,243.8,3454.3,967.1,174.0,157.1,3722.9,33824,268.9,2562,0.8292,1.741,4.4209,6.9784
2022-02-09,1,4451,24.3,1,246.6,2916.4,983.6,140.9,114.3,3526.7,31209,252.6,2584,0.6416,1.353,4.4222,6.3953
2022-02-10,1,4792,23.2,1,245.3,3581.7,999.0,177.5,133.8,3899.2,38534,304.3,2823,0.7848,1.8079,4.8509,7.4279
2022-02-11,1,4433,22.0,1,251.2,3415.3,1010.1,195.1,112.4,3638.6,35083,285.4,2622,0.7825,1.6836,4.5086,6.9733
2022-02-12,1,1698,19.8,0,246.5,2036.5,1033.2,135.1,75.3,1998.3,22181,164.0,1212,0.536,0.7023,2.1383,3.388
2022-02-13,1,2003,22.6,1,249.2,2714.2,1006.4,111.7,96.0,2013.8,24933,163.7,1249,0.5211,1.1955,2.1963,3.9374
2022-02-14,1,4720,24.4,1,243.2,3046.1,1013.7,217.3,122.7,3942.0,39488,297.1,2517,0.8658,1.4227,4.3941,6.7059
2022-02-15,1,4759,23.2,1,248.4,3559.7,1030.7,199.3,114.6,3638.5,38632,301.5,2797,0.7989,1.7703,4.7794,7.3559
2022-02-16,1,4565,22.6,0,244.4,2848.7,1030.7,200.7,129.2,3651.0,38562,279.6,2753,0.8363,1.2726,4.705,6.8153
2022-02-17,1,4328,20.6,1,246.7,3333.5,1005.7,197.1,104.7,3786.6,36993,265.5,2737,0.7701,1.6295,4.6905,7.0819
2022-02-18,1,4545,24.3,1,254.6,3445.8,1051.0,163.2,131.4,3514.3,35435,267.8,2608,0.7409,1.6764,4.4649,6.8759
2022-02-19,1,1292,15.6,1,250.8,2400.1,1019.9,139.9,88.6,1890.1,24824,138.3,723,0.5796,0.9661,1.381,2.9072
2022-02-20,1,1229,23.4,0,247.6,1637.7,1023.6,152.1,52.5,1408.3,24216,137.0,907,0.5289,0.4299,1.5984,2.5465
2022-02-21,1,4964,28.3,0,257.6,3520.1,1069.9,224.4,126.7,3692.3,38637,293.5,2911,0.8941,1.7151,4.9532,7.5713
2022-02-22,1,4703,19.4,2,245.3,4050.8,965.3,210.5,138.5,3547.0,37859,283.2,2440,0.8841,2.1598,4.2244,7.3069
2022-02-23,1,4722,22.3,1,251.5,3216.9,1042.9,206.3,115.7,3848.7,39259,284.9,2412,0.8202,1.5218,4.2198,6.558
2022-02-24,1,4598,22.9,0,243.4,2913.9,1038.5,154.5,137.9,3882.1,35963,291.4,2998,0.7326,1.3128,5.1048,7.13
2022-02-25,1,4622,22.0,0,247.3,3140.1,1002.2,192.9,137.0,3998.3,39371,266.5,2372,0.8334,1.4965,4.1695,6.5237
2022-02-26,1,1663,25.4,0,244.0,2474.6,1000.9,118.9,79.7,2149.4,26002,136.6,934,0.5028,1.0316,1.7282,3.2125
2022-02-27,1,1483,24.3,0,248.8,1944.3,1078.1,164.9,92.6,1974.7,24233,128.7,1019,0.6558,0.6063,1.8306,3.1189
2022-02-28,1,4749,23.6,1,248.2,2975.2,1083.6,220.4,144.4,3694.7,40702,286.9,2437,0.9242,1.3241,4.2402,6.4527
2022-03-01,1,4618,25.2,1,247.1,3012.7,1033.2,172.2,117.3,3611.9,35066,286.6,2484,0.7325,1.3856,4.2989,6.4335
2022-03-02,1,4592,23.5,1,251.3,3245.1,1074.3,191.6,127.0,3888.8,36458,268.8,2439,0.8069,1.5196,4.2571,6.5716
2022-03-03,1,4400,30.6,2,246.3,4826.2,1049.9,194.7,145.1,3883.8,35252,283.9,2876,0.857,2.6434,4.9184,8.4268
2022-03-04,1,4298,24.0,1,249.0,3069.1,1096.1,207.2,113.7,3379.2,36696,286.0,2856,0.8179,1.3811,4.8292,7.0803
2022-03-05,1,1442,24.2,0,250.5,1926.6,1063.0,99.1,99.2,2027.0,26185,144.9,704,0.4947,0.6045,1.3723,2.4506
2022-03-06,1,1499,20.2,0,243.6,1934.4,1040.4,88.4,76.8,1483.7,22526,155.9,974,0.4143,0.6258,1.716,2.7311
2022-03-07,1,4422,22.8,0,245.8,2628.8,1096.0,190.4,125.6,3711.8,42522,263.0,2620,0.8004,1.073,4.5065,6.3818
2022-03-08,1,4647,26.7,0,248.2,3011.4,1050.8,138.0,137.5,3762.5,36324,273.4,2645,0.6875,1.3724,4.5529,6.6509
2022-03-09,1,4663,21.3,2,249.9,3529.7,1073.9,197.4,94.9,3754.3,38234,291.0,2412,0.7483,1.7191,4.2109,6.6827
2022-03-10,1,4266,19.6,0,252.3,3013.1,1103.2,199.8,118.2,3550.5,35922,266.5,2890,0.8085,1.3369,4.8918,7.0383
2022-03-11,1,4489,24.5,2,247.4,3784.8,1119.6,218.0,135.3,3529.5,36937,266.3,2277,0.8968,1.8656,3.97,6.7366
2022-03-12,1,1562,27.6,0,247.1,3052.8,1053.3,124.4,97.1,1948.7,23134,162.4,944,0.5577,1.3996,1.7299,3.6621
2022-03-13,1,1559,24.8,0,245.4,1803.4,1060.8,141.6,85.9,1877.5,26469,148.7,788,0.5779,0.5198,1.4822,2.5844
2022-03-14,1,4446,24.1,2,249.0,4225.9,1112.1,204.4,111.8,3824.9,35136,283.5,2760,0.806,2.1797,4.7371,7.713
2022-03-15,2,5147,20.8,2,247.1,4515.6,1110.4,176.8,146.2,4377.4,36433,298.5,3138,0.8115,2.3836,5.3775,8.9487
2022-03-16,2,5303,26.0,2,247.2,4197.7,1100.2,225.6,133.8,4210.7,38253,333.8,2900,0.9137,2.1682,5.017,8.4428
2022-03-17,2,5259,26.6,2,247.7,4260.9,1096.9,210.7,146.3,4013.2,42689,309.8,2908,0.9026,2.2148,4.9958,8.4047
2022-03-18,2,5102,21.4,2,249.7,3903.9,1114.6,188.5,141.9,3858.4,41679,316.8,2680,0.833,1.9525,4.6381,7.7134
2022-03-19,2,1554,27.9,1,246.3,2904.4,1061.2,141.1,86.9,2169.2,20914,137.9,936,0.5789,1.2902,1.7326,3.759
2022-03-20,2,1525,27.2,1,245.7,3053.6,1101.3,134.4,109.4,2128.2,25870,145.6,1012,0.6129,1.3666,1.8467,3.9547
2022-03-21,2,5203,28.2,2,249.3,4540.1,1154.4,220.8,128.5,4285.6,36285,315.8,2938,0.8886,2.37,5.0743,8.6392
2022-03-22,2,5154,27.1,2,238.9,3980.3,1040.2,194.8,154.7,4106.3,39598,330.9,2945,0.8794,2.0581,5.071,8.3173
2022-03-23,2,5232,27.4,2,246.2,5045.7,1088.8,209.2,157.6,4290.6,37800,305.2,3378,0.9247,2.7698,5.7306,9.8107
2022-03-24,2,5143,27.2,2,244.5,4338.4,1093.1,188.9,152.5,4323.5,41204,308.9,3151,0.8585,2.2717,5.3967,8.8939
2022-03-25,2,5266,28.1,2,251.6,4554.7,1129.1,184.2,135.5,4053.7,41116,319.1,3297,0.8067,2.3979,5.5879,9.15
2022-03-26,2,1655,22.3,0,246.7,2147.8,1163.6,143.6,133.1,1931.5,26714,132.5,556,0.6923,0.6889,1.1334,2.6768
2022-03-27,2,1779,23.1,1,246.3,2789.7,1094.7,122.3,98.6,1803.9,24940,129.0,1130,0.5555,1.1865,1.977,3.8509
2022-03-28,2,5276,24.9,2,247.9,4090.4,1099.1,222.6,141.9,4147.9,39815,300.5,3105,0.9244,2.0939,5.3024,8.672
2022-03-29,2,4974,26.4,2,246.2,4274.3,1141.0,212.6,134.4,4261.8,36192,310.4,2660,0.8802,2.1933,4.652,8.0068
2022-03-30,2,4793,27.7,2,246.8,4379.1,1110.3,179.4,115.6,4065.8,36276,311.3,2592,0.7478,2.2882,4.5269,7.9056
2022-03-31,2,5397,27.7,2,248.3,4731.1,1155.1,211.8,159.2,4270.4,42375,306.8,3091,0.9354,2.5032,5.2997,9.1218
2022-04-01,1,4700,29.5,1,246.7,3927.6,1125.1,177.7,122.8,3329.2,38401,271.9,2484,0.7599,1.9618,4.2594,6.9988
2022-04-02,1,1181,29.8,1,246.7,3276.7,1143.3,96.0,103.0,1514.2,23148,146.6,541,0.4952,1.4934,1.0661,3.0113
2022-04-03,1,1361,25.4,0,245.0,2106.5,1086.7,121.4,108.7,1762.3,25988,129.5,706,0.5764,0.7139,1.3365,2.6444
2022-04-04,1,4793,28.0,0,244.5,3257.5,1136.7,195.2,141.6,3832.8,35790,286.2,2883,0.8502,1.4846,4.924,7.2383
2022-04-05,1,4603,25.8,0,248.2,2838.0,1149.5,204.3,119.9,3759.8,38629,299.6,2543,0.8245,1.1819,4.4121,6.4299
2022-04-06,1,4561,27.4,1,248.9,3855.8,1142.5,195.4,124.6,3771.5,35034,295.8,2565,0.8115,1.8993,4.4437,7.1181
2022-04-07,1,4906,28.6,0,243.7,3376.3,1095.7,218.3,93.7,3845.7,41265,307.0,3030,0.8015,1.5964,5.157,7.5617
2022-04-08,1,4465,20.5,0,250.3,2735.9,1164.0,168.8,126.8,3666.9,37733,255.4,2272,0.7453,1.1003,3.9743,5.8111
2022-04-09,1,1345,33.5,0,250.3,2988.0,1178.1,125.9,103.2,1707.0,25385,120.4,821,0.5758,1.2669,1.4981,3.3214
2022-04-10,1,1527,29.6,0,250.9,2601.8,1150.9,173.7,89.8,1720.2,23150,157.2,956,0.673,1.0156,1.7181,3.4215
2022-04-11,1,4724,27.1,1,248.9,3605.9,1143.5,152.5,122.8,4161.2,41769,291.4,2815,0.6924,1.7237,4.8655,7.2803
2022-04-12,1,4743,32.8,1,249.9,4243.2,1182.1,185.4,127.4,3754.9,41518,279.1,2661,0.7912,2.1428,4.5801,7.509
2022-04-13,1,4818,28.0,2,254.6,4097.8,1228.1,173.2,151.0,3481.4,39010,287.7,2603,0.813,2.0088,4.4634,7.3036
2022-04-14,1,4689,29.2,2,247.1,4550.3,1175.1,190.1,130.5,4128.2,39809,299.3,2993,0.8109,2.3626,5.1315,8.3527
2022-04-15,2,5207,27.9,2,244.9,4716.4,1148.1,194.2,165.4,3976.0,39326,327.6,2866,0.9025,2.4978,4.9353,8.676
2022-04-16,2,1591,32.8,1,243.4,4176.7,1130.3,151.9,85.5,2048.4,22399,146.5,722,0.6046,2.1325,1.4015,4.2589
2022-04-17,2,1649,29.0,1,253.3,3132.3,1182.9,145.3,98.0,1799.8,26358,141.0,960,0.6158,1.3646,1.7273,3.817
2022-04-18,2,5138,29.7,2,253.3,4865.5,1151.4,173.8,130.2,4188.0,37925,302.9,2847,0.7665,2.5999,4.9207,8.6204
2022-04-19,2,5158,32.2,2,245.2,4488.0,1143.6,189.9,168.0,4089.3,42022,323.2,3181,0.897,2.3411,5.4203,9.0304
2022-04-20,2,5258,31.0,2,245.8,5084.9,1179.1,204.6,140.8,4340.0,41970,327.5,3002,0.8736,2.7341,5.1838,9.1464
2022-04-21,2,5219,29.7,2,247.0,4332.2,1158.4,220.2,169.5,4097.3,40343,312.2,3240,0.9817,2.2217,5.5043,9.0687
2022-04-22,2,5127,32.4,2,251.7,4744.3,1164.5,255.8,130.2,3960.8,39856,299.4,3054,0.9863,2.5059,5.203,9.0415
2022-04-23,2,1492,35.7,2,244.1,4630.0,1127.1,152.3,115.8,1871.3,26047,155.1,795,0.6757,2.452,1.4947,4.8313
2022-04-24,2,1650,30.9,1,242.1,3346.4,1135.4,117.4,96.6,1854.2,25424,168.7,1158,0.5378,1.5477,2.043,4.3091
2022-04-25,2,5114,30.6,2,254.5,4593.0,1163.9,200.0,148.9,3723.4,38751,287.7,2849,0.88,2.4004,4.8614,8.4419
2022-04-26,2,5154,30.9,2,248.9,4707.9,1146.2,206.8,118.6,3987.2,36921,304.1,2932,0.8282,2.4932,5.0244,8.6908
2022-04-27,2,5516,33.5,2,249.4,5405.9,1209.9,197.9,146.4,4836.3,42893,337.1,3295,0.8686,2.9372,5.6874,9.8343
2022-04-28,2,5025,29.5,2,247.4,4400.7,1136.5,210.8,119.3,3687.7,39765,302.0,2955,0.8405,2.2849,5.0229,8.4855
2022-04-29,2,5195,30.3,2,249.4,4760.3,1152.0,153.5,141.2,4164.3,44779,302.9,2892,0.7376,2.5258,4.9875,8.5738
2022-04-30,2,1830,27.7,1,243.5,3082.9,1151.7,155.1,74.2,1990.9,25513,159.6,785,0.5871,1.3518,1.4959,3.5762
2022-05-01,0,286,28.6,0,245.5,2443.0,1142.8,104.7,77.0,1407.9,19745,92.3,163,0.4585,0.9101,0.4609,1.5083
2022-05-02,0,1258,30.2,0,248.3,2857.8,1169.2,130.2,106.5,1480.0,23870,118.1,599,0.595,1.182,1.1364,2.396
2022-05-03,0,770,31.3,0,241.2,2174.4,1155.1,156.1,92.5,1395.6,22405,110.7,452,0.632,0.7135,0.902,1.8784
2022-05-04,0,896,35.5,0,247.1,3435.3,1122.5,98.4,67.2,1579.0,20023,119.7,444,0.4189,1.619,0.9154,2.4225
2022-05-05,0,694,32.9,0,246.9,2659.3,1178.8,128.5,54.9,1298.0,20776,100.3,273,0.4712,1.0364,0.6166,1.7465
2022-05-06,0,774,29.8,0,247.1,2541.5,1146.1,141.4,91.7,1241.7,22741,100.5,401,0.5908,0.9768,0.8026,1.9767
2022-05-07,0,313,30.4,1,246.3,2718.9,1149.4,119.4,102.5,1090.1,18716,82.6,168,0.5568,1.0986,0.4256,1.7539
2022-05-08,0,420,35.1,0,245.0,3104.6,1198.1,82.0,65.6,1104.7,21186,82.2,369,0.3713,1.3345,0.7294,1.9965
2022-05-09,0,895,34.7,0,242.5,3734.7,1102.8,155.8,117.2,1398.7,21933,125.5,595,0.6883,1.8423,1.1234,2.9835
2022-05-10,0,1064,32.4,0,248.4,2878.8,1179.8,124.5,87.7,1727.2,23192,111.1,994,0.5362,1.1893,1.7552,2.8427
2022-05-11,0,821,31.5,1,247.1,3086.8,1186.5,113.2,55.5,1481.6,23520,114.2,502,0.4316,1.3302,0.9892,2.2671
2022-05-12,0,778,35.1,0,243.9,3030.1,1125.5,117.2,60.9,1481.7,20858,105.5,330,0.4548,1.3332,0.7265,2.0568
2022-05-13,0,1324,30.5,0,248.2,2305.1,1145.3,125.4,102.4,1780.3,20947,126.1,738,0.5726,0.8119,1.3837,2.2261
2022-05-14,0,339,33.7,0,247.1,3205.2,1146.9,89.9,81.0,1283.0,18944,106.7,299,0.428,1.4408,0.6562,2.0986
2022-05-15,0,139,37.9,1,246.6,3866.8,1135.7,116.1,98.9,1220.9,17098,79.7,261,0.5396,1.9118,0.579,2.5053
2022-05-16,0,713,33.5,1,241.5,3138.8,1129.8,109.7,65.6,1290.5,17168,99.1,655,0.4455,1.4063,1.1871,2.5206
2022-05-17,0,668,31.5,1,250.0,2906.9,1189.2,136.8,84.8,1461.7,20614,95.9,204,0.5625,1.2024,0.5307,1.916
2022-05-18,0,1006,34.2,0,244.3,3043.4,1130.1,139.5,87.2,1290.4,22583,124.3,814,0.5753,1.3393,1.4386,2.7544
2022-05-19,0,772,32.4,0,248.2,3020.9,1179.5,159.7,82.1,973.1,23080,119.7,439,0.6176,1.289,0.8361,2.2555
2022-05-20,0,861,30.5,0,245.6,2281.3,1178.0,120.8,79.6,1762.6,19565,129.0,333,0.5076,0.7723,0.7749,1.7102
2022-05-21,0,257,35.2,1,246.8,3791.6,1158.1,97.0,72.6,999.3,19239,84.6,112,0.4277,1.8434,0.3318,2.104
2022-05-22,0,400,36.2,1,251.5,3626.2,1181.0,84.9,82.4,1193.4,21711,90.3,450,0.4179,1.7116,0.8654,2.447
2022-05-23,0,685,33.2,0,249.6,2608.7,1142.8,170.6,87.8,1104.2,19843,107.4,480,0.66,1.0261,0.9068,2.1247
2022-05-24,0,644,33.1,0,251.4,2708.0,1099.0,136.2,86.5,1070.4,21670,106.0,155,0.5648,1.1263,0.4151,1.7502
2022-05-25,0,878,32.0,0,249.0,3211.6,1166.6,110.6,103.6,1316.0,24563,105.2,292,0.5357,1.4315,0.6506,2.1332
2022-05-26,0,946,33.9,0,249.2,2630.1,1171.2,164.3,68.3,1602.2,18621,135.1,327,0.5981,1.0212,0.7491,1.9243
2022-05-27,0,898,33.1,0,242.7,2697.7,1125.8,156.0,58.6,1363.8,22262,115.7,389,0.5534,1.1003,0.8059,2.0062
2022-05-28,0,122,32.2,0,247.0,2853.7,1160.6,82.5,91.7,915.2,20606,86.9,85,0.4329,1.1852,0.2826,1.5703
2022-05-29,0,390,38.7,0,247.3,3471.5,1123.8,100.4,65.5,1007.8,19007,97.6,50,0.4204,1.6434,0.2456,1.8919
2022-05-30,0,704,35.6,1,251.7,3445.2,1168.9,119.8,77.8,1546.3,23453,111.5,331,0.5008,1.5934,0.7393,2.2872
2022-05-31,0,744,35.9,1,246.5,3945.5,1167.0,99.9,74.7,1517.6,22266,96.4,684,0.4403,1.9449,1.2582,2.9563
2022-06-01,0,668,36.7,0,248.8,3512.3,1155.5,119.9,73.5,1227.0,23990,105.0,679,0.4911,1.6498,1.2202,2.7595
2022-06-02,0,1072,36.6,1,248.7,3936.7,1170.0,145.0,66.0,1687.8,23551,150.6,901,0.5411,1.9367,1.6289,3.3717
2022-06-03,0,952,34.1,0,251.5,2856.2,1180.9,96.9,77.9,1446.1,25333,136.9,229,0.4396,1.1727,0.5862,1.8035
2022-06-04,0,377,35.7,0,247.6,2948.1,1096.8,123.2,89.3,1073.0,20123,93.8,520,0.5365,1.2959,0.957,2.2755
2022-06-05,0,493,34.6,0,250.5,3041.4,1156.4,144.6,80.9,1196.7,17609,92.8,302,0.5744,1.3195,0.6436,2.1005
2022-06-06,0,1344,36.2,0,242.9,3006.0,1085.9,143.0,98.7,1849.1,22509,108.9,794,0.6112,1.3441,1.4686,2.8169
2022-06-07,0,530,36.1,0,243.2,3493.6,1073.2,117.9,73.9,1068.0,22059,92.9,493,0.4867,1.6943,0.9161,2.5479
2022-06-08,0,705,34.6,0,241.1,3458.2,1082.0,108.0,97.0,1427.5,22759,105.8,536,0.5135,1.6633,1.0297,2.6387
2022-06-09,0,727,32.6,1,250.4,3249.9,1172.6,141.4,76.1,1800.3,20494,103.9,85,0.5547,1.4541,0.3964,2.0123
2022-06-10,0,685,35.9,1,250.0,3773.6,1111.0,96.4,51.6,1357.7,24125,102.9,287,0.3775,1.8638,0.647,2.3428
2022-06-11,0,80,35.2,1,250.7,3769.7,1081.3,116.8,80.7,956.0,17699,86.1,50,0.4994,1.8819,0.2338,2.1339
2022-06-12,0,214,31.6,0,246.0,3066.7,1065.6,114.4,89.1,1017.5,19730,72.6,50,0.5124,1.4008,0.2357,1.7537
2022-06-13,0,619,36.9,0,246.3,3665.7,1112.4,145.9,74.0,1369.9,21382,106.1,539,0.562,1.7873,1.027,2.8
2022-06-14,0,898,38.0,0,247.6,3000.3,1084.7,113.3,103.8,1166.9,19377,114.1,780,0.5434,1.3409,1.3672,2.6569
2022-06-15,0,847,41.5,1,252.3,4280.3,1070.9,114.3,72.4,1731.3,21359,102.5,489,0.4736,2.2466,0.9938,3.0256
2022-06-16,0,924,35.1,0,253.1,3254.2,1087.6,99.3,96.1,1649.5,26165,136.7,590,0.4881,1.5166,1.1523,2.5861
2022-06-17,0,929,34.9,0,250.4,2973.7,1112.2,136.3,112.3,1360.0,20242,125.8,537,0.6247,1.303,1.0314,2.4291
2022-06-18,0,377,33.7,0,249.0,3300.7,1118.5,107.5,80.1,1139.4,20709,82.5,237,0.4731,1.5275,0.5356,2.1096
2022-06-19,0,201,36.7,0,252.0,3565.4,1098.3,94.7,74.0,924.3,16766,90.3,318,0.4247,1.727,0.6336,2.2744
2022-06-20,0,1219,36.7,0,247.2,3163.7,1101.6,115.1,88.0,1709.6,21441,113.2,389,0.5117,1.4435,0.846,2.2798
2022-06-21,0,880,34.5,0,246.8,3002.7,1103.6,137.7,110.0,1456.6,19150,106.6,598,0.6231,1.3294,1.1255,2.5012
2022-06-22,0,502,36.0,0,247.6,2935.6,1061.7,94.8,87.1,1252.4,21802,113.5,293,0.4553,1.3117,0.6474,1.9712
2022-06-23,0,657,32.1,0,245.1,2666.9,1064.4,99.5,115.0,1122.2,19191,108.8,253,0.5323,1.1218,0.5689,1.8869
2022-06-24,0,524,38.5,0,247.5,3364.4,1059.8,139.2,85.5,1138.2,22482,101.8,213,0.5706,1.6132,0.5086,2.2173
2022-06-25,0,271,34.8,0,244.6,3187.4,1072.7,111.2,68.4,1274.3,18182,99.0,487,0.456,1.4803,0.9334,2.3681
2022-06-26,0,246,36.5,0,251.1,2898.1,1068.9,135.4,69.2,956.4,19264,93.4,50,0.5227,1.2804,0.2376,1.6734
2022-06-27,0,753,33.5,0,249.6,2220.3,1044.2,115.6,85.0,891.0,21903,105.7,406,0.5062,0.8233,0.7701,1.725
2022-06-28,0,1200,35.4,0,252.3,2804.8,1084.2,131.6,58.8,1616.9,20130,140.2,989,0.4885,1.2044,1.7467,2.8401
2022-06-29,0,936,36.1,0,243.1,2974.4,1068.0,130.3,79.1,1914.4,22298,96.9,314,0.5319,1.3345,0.751,2.1604
2022-06-30,0,968,36.7,0,253.7,3147.7,1095.0,157.9,79.8,1653.0,22695,110.6,479,0.6075,1.4369,0.9734,2.4834
2022-07-01,1,4486,37.8,1,243.3,4822.4,1059.8,219.5,132.4,3576.2,38893,275.7,2609,0.8941,2.6338,4.4784,8.0067
2022-07-02,1,1309,40.0,0,244.4,3495.3,1059.0,158.9,119.8,1702.5,21771,140.5,833,0.7026,1.7054,1.5236,3.9227
2022-07-03,1,1496,38.4,0,246.1,3320.2,1040.9,123.1,93.8,1949.9,22813,138.4,853,0.5466,1.5955,1.5826,3.7353
2022-07-04,1,4685,39.0,1,251.9,4715.9,1046.0,172.6,102.4,3488.6,38864,264.4,2556,0.6991,2.5689,4.3833,7.6534
2022-07-05,1,4319,40.1,2,248.7,5229.8,1022.3,204.5,113.1,3423.7,38682,246.3,2586,0.8093,2.9452,4.4123,8.2202
2022-07-06,1,4621,38.2,1,247.3,4706.7,995.0,223.5,134.4,3836.7,36342,282.1,2662,0.9094,2.5982,4.5913,8.1252
2022-07-07,1,4656,36.8,1,245.6,4542.6,1053.9,219.4,132.3,4073.7,35332,278.8,2813,0.8936,2.4421,4.8444,8.1632
2022-07-08,1,4615,39.2,1,243.9,5143.6,1005.3,193.4,154.7,3682.2,36813,271.8,2843,0.8757,2.8968,4.8397,8.583
2022-07-09,1,1343,39.3,0,251.4,3446.1,998.6,150.2,105.5,2014.7,21817,122.5,511,0.6462,1.7132,1.0699,3.4195
2022-07-10,1,1392,38.4,0,250.4,3518.2,1064.3,151.5,105.7,1627.3,24562,139.2,993,0.6502,1.7177,1.7548,4.0956
2022-07-11,1,4622,33.8,1,252.1,4203.4,1039.2,196.5,127.2,3156.2,35469,298.6,2635,0.8205,2.2149,4.4763,7.5002
2022-07-12,1,4670,35.1,1,249.2,4715.9,1045.4,198.3,147.5,3929.3,39365,286.8,2857,0.8722,2.5693,4.8979,8.3152
2022-07-13,1,4762,36.4,1,240.1,4636.1,973.9,197.9,118.7,3949.7,38383,305.1,2851,0.8046,2.5635,4.8993,8.2592
2022-07-14,1,4848,38.7,2,244.3,5753.7,974.2,179.9,147.7,4038.3,40169,288.7,3146,0.8233,3.3456,5.3456,9.5067
2022-07-15,1,4601,37.0,1,249.4,4408.6,1022.2,177.7,126.0,3878.1,32962,287.4,2670,0.7673,2.3705,4.6096,7.751
2022-07-16,1,1407,39.5,0,246.9,3728.3,1010.4,119.9,70.2,1806.9,20745,154.5,743,0.4835,1.9025,1.4071,3.7879
2022-07-17,1,1568,39.9,0,246.3,3674.4,984.1,103.0,102.7,1825.6,26912,143.7,817,0.5133,1.8832,1.5173,3.8912
2022-07-18,1,4764,39.6,1,244.7,4725.9,1013.8,198.9,153.1,3814.0,36714,289.7,2576,0.8867,2.5985,4.4631,7.9786
2022-07-19,1,4575,39.6,0,250.8,4463.7,1025.3,191.5,123.8,3653.6,34576,276.4,2799,0.7992,2.4069,4.7717,7.9878
2022-07-20,1,4796,34.7,1,249.4,4939.1,1006.4,213.1,156.0,3801.4,37778,297.9,2583,0.9315,2.7529,4.4761,8.1468
2022-07-21,1,4830,38.0,2,249.5,5174.1,961.2,224.7,108.1,3568.6,38722,303.2,2945,0.8519,2.949,4.9938,8.7726
2022-07-22,1,4886,35.6,1,246.1,4579.6,940.4,227.1,115.7,3710.7,38237,299.1,2794,0.8759,2.5474,4.7824,8.169
2022-07-23,1,1809,33.3,0,248.5,2779.4,1007.3,173.8,94.5,1992.2,26440,153.7,732,0.6841,1.2405,1.4142,3.3002
2022-07-24,1,1333,36.3,0,244.0,2976.7,901.2,117.3,85.4,1323.1,24197,117.0,1041,0.5116,1.4528,1.7802,3.7709
2022-07-25,1,4656,39.8,0,247.6,4318.2,963.9,162.3,120.9,3425.3,38059,283.9,2093,0.7142,2.348,3.6897,6.7755
2022-07-26,1,4656,37.9,1,240.4,4707.4,938.1,214.3,132.9,3726.5,39982,282.2,2686,0.8813,2.6385,4.6152,8.1204
2022-07-27,1,4636,41.3,1,243.3,5105.3,929.7,223.9,122.7,3751.2,37446,286.5,2731,0.8835,2.9229,4.6868,8.5274
2022-07-28,1,4537,37.2,2,247.0,5177.7,951.6,225.9,124.1,3656.5,36977,280.6,2216,0.8921,2.9583,3.9001,7.7659
2022-07-29,1,4386,42.2,1,255.1,4828.2,990.3,199.6,131.8,3190.9,37866,291.2,2623,0.8394,2.6865,4.4598,7.9908
2022-07-30,1,1506,37.1,1,242.6,3845.1,913.3,93.2,83.1,2113.2,25320,134.4,753,0.4417,2.0523,1.4512,3.9667
2022-07-31,1,1351,36.8,0,244.3,3548.2,952.7,142.4,89.6,1479.1,22049,116.9,739,0.5886,1.8168,1.3452,3.7661
2022-08-01,1,4669,33.9,1,248.7,4014.2,958.2,206.3,121.3,3647.5,37444,271.4,2950,0.8331,2.1392,4.9961,7.9722
2022-08-02,1,4511,39.1,1,253.3,4836.7,952.6,218.7,111.0,3469.7,37735,270.4,2642,0.8425,2.7189,4.5124,8.0678
2022-08-03,1,4456,35.5,0,248.6,4058.5,914.9,221.7,139.9,3896.5,35659,288.5,2521,0.9173,2.2005,4.3896,7.5048
2022-08-04,1,4696,35.1,1,250.1,4308.2,935.1,214.5,157.0,3887.4,36753,270.8,2693,0.9375,2.3612,4.6389,7.8974
2022-08-05,1,4681,39.3,2,247.0,5599.9,974.7,181.3,147.1,3717.0,35156,271.7,3035,0.8257,3.2376,5.1314,9.1747
2022-08-06,1,1593,39.0,0,246.5,3330.9,897.3,116.0,99.1,1789.8,19502,151.7,997,0.5398,1.7035,1.7844,4.0727
2022-08-07,1,1883,38.9,0,248.2,4012.6,957.0,155.6,88.0,2099.8,25235,169.9,933,0.6203,2.1389,1.7355,4.474
2022-08-08,1,4704,35.5,0,246.0,4134.5,862.9,177.2,127.1,3592.1,37986,268.1,2640,0.7685,2.2901,4.5231,7.5354
2022-08-09,1,4741,36.2,1,250.2,4662.9,896.9,227.8,147.7,3908.0,35940,267.1,2536,0.9517,2.6362,4.4039,8.0144
2022-08-10,1,4460,36.1,1,243.2,4864.8,875.4,152.8,94.3,3566.4,39212,266.3,2505,0.6273,2.7926,4.3171,7.7432
2022-08-11,1,4422,37.9,1,250.7,4684.9,936.3,202.1,122.6,3735.2,34688,281.9,2854,0.8248,2.624,4.8665,8.323
2022-08-12,1,4939,39.5,2,248.1,5432.8,900.7,205.9,145.3,4049.6,40386,299.0,2835,0.8875,3.1725,4.8851,8.9411
2022-08-13,1,1323,36.9,0,247.4,3779.7,925.8,129.3,73.8,1613.4,24310,125.5,527,0.517,1.9977,1.0479,3.5854
2022-08-14,1,1301,40.3,0,243.1,4287.3,865.6,113.1,97.0,1337.1,27382,142.4,832,0.5272,2.3952,1.4807,4.4414
2022-08-15,1,4647,37.9,1,245.1,4642.0,876.0,148.3,136.4,3736.7,38489,285.6,2625,0.7125,2.6362,4.526,7.8617
2022-08-16,1,4637,35.3,1,251.6,4491.4,888.7,181.8,108.8,3514.0,34872,282.4,2791,0.7386,2.5219,4.7457,8.022
2022-08-17,1,4491,37.6,2,247.4,5543.6,928.9,179.5,130.2,3698.6,38760,257.7,2561,0.7818,3.2303,4.4129,8.453
2022-08-18,1,4599,39.4,1,248.8,4963.5,851.5,217.2,120.9,3705.2,40371,272.7,2928,0.8614,2.8784,4.9715,8.6968
2022-08-19,1,4875,40.0,0,245.4,4750.8,851.2,180.5,139.7,3816.7,35285,317.9,2664,0.8064,2.7297,4.6076,8.1816
2022-08-20,1,1344,38.2,0,247.9,3780.0,844.6,144.2,101.2,1500.1,24795,131.4,570,0.6202,2.0548,1.1016,3.8045
2022-08-21,1,1238,35.5,0,243.9,3096.0,865.8,103.9,95.8,1881.2,24748,119.2,887,0.4998,1.5611,1.6173,3.6471
2022-08-22,1,4823,34.9,1,248.3,4626.8,834.7,207.4,134.0,3808.6,37874,287.4,2437,0.8654,2.6545,4.2532,7.8129
2022-08-23,1,4742,36.6,2,249.1,5213.0,908.0,146.1,136.2,4263.6,33557,289.8,2719,0.7062,3.0135,4.7306,8.4205
2022-08-24,1,4542,38.9,0,249.0,4076.8,860.5,237.9,111.9,3722.3,36544,290.0,2778,0.8961,2.2514,4.7551,7.8854
2022-08-25,1,4369,36.1,1,245.3,4294.1,852.6,185.5,127.0,3672.1,35304,279.1,2139,0.7905,2.409,3.7853,7.002
2022-08-26,1,4520,36.0,0,247.0,3885.0,856.2,129.9,117.3,3709.5,39738,270.3,2633,0.6191,2.1202,4.5282,7.2935
2022-08-27,1,1479,35.1,0,249.6,3493.1,849.5,120.8,108.2,1878.5,24052,156.8,589,0.5737,1.8505,1.1867,3.6134
2022-08-28,1,1699,34.1,0,247.4,3437.2,842.1,121.3,105.6,2150.1,24394,161.2,653,0.569,1.8166,1.3174,3.6872
2022-08-29,1,4467,34.4,1,247.1,4573.4,836.8,176.0,138.8,3868.3,35706,270.7,2399,0.7923,2.6156,4.1952,7.5966
2022-08-30,1,4638,35.0,1,253.7,4601.2,866.5,185.5,156.4,3457.6,38066,282.2,2657,0.8584,2.6143,4.5388,8.0021
2022-08-31,1,4775,38.3,2,245.1,5525.1,800.7,181.4,127.4,4014.5,38157,297.1,2642,0.7804,3.3071,4.5899,8.6984
2022-09-01,1,4225,33.9,0,251.2,3817.4,813.6,168.1,117.5,3609.0,34323,278.0,2650,0.7219,2.1027,4.5435,7.3579
2022-09-02,1,4840,34.5,1,244.5,4581.7,833.3,171.6,127.8,3907.3,38803,274.6,2822,0.7551,2.6239,4.8371,8.1998
2022-09-03,1,1276,32.3,0,250.0,3006.6,827.8,151.0,66.3,1999.4,22356,133.3,652,0.5578,1.5252,1.2846,3.3307
2022-09-04,1,1549,35.7,1,250.1,3491.6,774.7,164.3,70.7,2175.9,19840,144.3,663,0.6036,1.9018,1.3265,3.8171
2022-09-05,1,4698,37.0,1,246.5,4525.1,798.0,189.0,140.7,3975.6,38934,279.6,2765,0.8315,2.609,4.7621,8.1996
2022-09-06,1,4849,37.5,1,244.3,4555.3,837.8,196.9,112.3,3808.5,39398,286.3,3183,0.7871,2.6022,5.3722,8.7333
2022-09-07,1,4753,34.3,1,242.1,4720.5,785.3,170.8,115.9,3632.2,38322,301.5,2630,0.7255,2.7546,4.528,7.9645
2022-09-08,1,4226,35.0,1,246.2,4822.0,786.4,187.6,124.2,3655.9,34953,271.6,2346,0.7897,2.8249,4.0904,7.7295
2022-09-09,1,4512,33.3,1,249.6,3698.3,770.3,196.3,123.0,3942.2,36821,303.3,2426,0.8102,2.0496,4.2596,7.0944
2022-09-10,1,1514,34.6,1,244.8,4129.1,775.0,132.4,106.5,1473.5,25834,136.3,1091,0.6008,2.3479,1.8824,4.7984
2022-09-11,1,1454,34.1,0,248.3,3153.5,768.5,144.9,93.4,1997.0,22970,142.1,1010,0.6041,1.6695,1.8255,4.1383
2022-09-12,1,4740,33.4,2,243.6,5109.5,790.4,202.1,119.9,3792.9,39455,292.0,2669,0.8186,3.0234,4.6019,8.4651
2022-09-13,1,4796,33.4,1,247.3,4470.8,789.9,173.1,147.1,3547.9,35488,301.6,2674,0.8037,2.5766,4.5831,7.9891
2022-09-14,1,4763,34.0,0,244.6,4255.0,768.2,222.0,143.1,3937.6,38307,305.6,2593,0.9255,2.4408,4.511,7.8899
2022-09-15,1,4615,32.3,2,247.8,4745.5,765.7,188.5,109.2,3925.0,37429,283.8,2625,0.7574,2.7859,4.5474,8.1235
2022-09-16,1,4321,32.2,0,246.5,3217.3,816.1,224.6,130.6,3515.8,37953,256.3,2690,0.9036,1.6808,4.5836,7.1902
2022-09-17,1,1407,36.4,0,244.4,3357.1,751.0,144.6,81.2,1582.0,22255,129.8,824,0.5751,1.8243,1.4909,3.8817
2022-09-18,1,1564,38.5,0,246.0,3796.3,753.6,181.5,82.6,2177.9,23111,147.1,1139,0.6772,2.1299,2.043,4.8235
2022-09-19,1,4457,29.8,0,245.2,3271.0,760.0,216.1,156.5,3543.0,34209,289.0,2455,0.9407,1.7577,4.248,6.9143
2022-09-20,1,4767,29.5,1,244.1,4054.9,757.6,200.8,134.1,4064.2,37001,272.2,2349,0.8479,2.3081,4.1448,7.2973
2022-09-21,1,4817,30.1,1,251.2,3947.3,791.8,180.8,129.5,3614.2,38691,277.7,3263,0.7837,2.2088,5.4648,8.4298
2022-09-22,1,4676,31.8,1,246.9,3972.6,787.3,178.7,132.4,3874.0,34403,294.5,2751,0.7848,2.2297,4.7342,7.7288
2022-09-23,1,4102,33.9,1,241.4,3954.6,766.1,195.6,137.3,3513.0,34431,244.1,2519,0.8414,2.232,4.3202,7.3897
2022-09-24,1,1259,33.1,1,246.1,3389.2,817.7,135.8,79.6,1837.8,24387,118.2,588,0.5478,1.8,1.163,3.5459
2022-09-25,1,1829,32.0,0,250.7,3028.9,726.5,130.0,89.0,2302.7,25497,170.9,816,0.554,1.6117,1.5849,3.7128
2022-09-26,1,4555,32.7,2,245.7,4213.7,757.1,210.3,139.5,3577.6,37266,277.3,2670,0.8858,2.4196,4.5703,7.8765
2022-09-27,1,4296,29.9,1,252.5,3618.8,756.9,188.2,103.8,3657.3,33332,264.7,2133,0.7442,2.0033,3.7675,6.4837
2022-09-28,1,4876,30.7,1,245.4,3527.8,796.4,216.2,148.4,3677.1,38299,310.8,2780,0.9222,1.912,4.7626,7.5829
2022-09-29,1,4656,31.1,2,249.5,4401.9,761.0,172.3,106.8,3538.7,37607,271.8,2884,0.7085,2.5486,4.8842,8.1646
2022-09-30,1,4852,27.5,1,251.1,3984.8,708.7,219.3,129.5,3804.1,38084,278.2,2895,0.8869,2.2933,4.9356,8.0945
2022-10-01,3,1867,28.3,0,249.4,2510.5,763.2,184.6,73.4,2311.2,27316,196.6,1379,0.6643,1.2231,2.4425,4.6697
2022-10-02,3,1899,28.3,1,243.9,3529.1,740.6,200.5,81.9,2559.2,26619,181.3,1665,0.7265,1.952,2.8942,6.022
2022-10-03,3,5743,32.3,2,245.2,5951.1,755.0,264.9,163.4,4975.3,42500,359.6,3649,1.0874,3.6373,6.2451,11.8649
2022-10-04,3,5803,31.0,2,251.5,5452.6,735.1,242.6,160.3,4614.0,41701,350.4,3273,1.0205,3.3022,5.6334,10.7389
2022-10-05,3,6087,31.7,2,245.6,5255.2,742.1,245.9,165.3,4908.9,46519,365.6,3754,1.0409,3.1592,6.3985,11.478
2022-10-06,3,5852,26.1,2,250.9,4745.7,741.3,284.6,123.5,4878.0,41570,347.9,3991,1.048,2.8031,6.7409,11.4282
2022-10-07,3,5393,26.8,2,246.7,4141.3,717.2,230.7,124.0,4561.4,42135,339.5,3322,0.9047,2.3969,5.6958,9.7293
2022-10-08,3,1897,31.4,0,248.4,2773.2,746.1,190.6,102.9,2225.6,30431,188.3,1686,0.7485,1.419,2.8899,5.4573
2022-10-09,3,2022,23.7,0,243.8,2482.5,726.3,168.0,110.0,2347.3,29675,186.3,1607,0.7043,1.2293,2.7849,5.1146
2022-10-10,3,5894,32.3,2,246.2,5348.8,754.4,205.1,133.7,4714.4,44872,371.0,3595,0.8585,3.2161,6.1386,11.081
2022-10-11,1,4577,25.5,1,245.4,3664.8,725.2,165.4,121.2,3700.2,37673,288.9,2460,0.7232,2.0577,4.2753,7.0494
2022-10-12,1,4863,31.2,1,248.7,3953.6,748.1,206.5,116.4,3853.6,38195,281.3,2882,0.8223,2.2438,4.9235,7.9892
2022-10-13,1,4821,27.3,0,248.3,3173.6,700.4,212.2,157.7,3867.5,36626,290.2,3025,0.933,1.7312,5.1432,7.7966
2022-10-14,1,5117,31.4,0,249.4,3704.3,767.6,211.1,129.3,3999.5,39035,299.9,2684,0.8644,2.0557,4.6526,7.5581
2022-10-15,1,1354,36.0,0,246.5,3292.3,703.7,159.6,91.7,1535.1,24722,145.0,807,0.6396,1.812,1.4674,3.9015
2022-10-16,1,1398,23.8,0,245.2,2052.7,740.9,143.8,93.0,1922.0,24573,143.4,443,0.6002,0.9183,0.967,2.485
2022-10-17,1,4598,30.2,1,248.5,3703.3,733.6,175.7,146.8,3843.7,38731,283.4,2606,0.81,2.0788,4.5094,7.3787
2022-10-18,1,4565,24.6,1,244.9,3392.7,719.1,205.2,115.5,4068.1,39368,292.6,2350,0.8167,1.8715,4.1567,6.8262
2022-10-19,1,4493,29.3,1,251.2,3848.6,752.2,194.6,146.4,3752.2,36585,254.8,2707,0.8597,2.1675,4.6364,7.5845
2022-10-20,1,4156,27.8,0,247.7,2913.5,668.8,172.1,105.7,3401.7,35801,254.8,2286,0.7054,1.5713,3.9626,6.2739
2022-10-21,1,4575,28.4,1,247.0,3886.4,705.2,202.7,147.4,3623.7,33797,274.7,2862,0.8837,2.2268,4.8616,8.0133
2022-10-22,1,1556,26.0,0,249.4,2490.1,744.6,139.8,67.9,1873.2,28596,148.0,805,0.5315,1.2218,1.5075,3.277
2022-10-23,1,1400,29.6,0,247.8,2777.1,768.7,121.9,90.2,1867.5,23135,144.6,698,0.5351,1.4059,1.3431,3.2622
2022-10-24,1,5002,24.5,0,243.0,2629.4,705.6,196.1,159.4,3957.2,40181,300.1,2610,0.8938,1.3467,4.537,6.7458
2022-10-25,1,4656,30.3,1,244.8,3976.3,650.1,224.9,141.3,3522.1,36809,268.7,2771,0.9291,2.3283,4.7111,7.9295
2022-10-26,1,4886,26.5,1,251.2,3329.3,721.4,228.3,140.0,3796.3,37733,299.8,2922,0.9352,1.8255,4.9848,7.7615
2022-10-27,1,4701,24.2,2,248.3,3896.3,719.1,198.8,115.7,3817.9,37318,288.1,2896,0.8001,2.224,4.943,7.9987
2022-10-28,1,4802,30.7,1,243.0,3794.0,732.7,197.7,121.6,4010.5,35927,273.5,2903,0.8107,2.1429,4.9696,7.9274
2022-10-29,1,1539,26.9,0,249.1,2654.5,723.7,106.2,113.6,1586.7,19999,140.7,965,0.547,1.3516,1.7072,3.6273
2022-10-30,1,1736,31.1,0,246.3,3054.4,682.4,179.1,102.9,2024.0,27379,157.6,1114,0.7177,1.6604,1.993,4.3822
2022-10-31,1,4664,29.5,1,245.4,4160.0,735.7,216.8,144.3,3831.5,38571,304.7,2831,0.9144,2.397,4.855,8.1471
2022-11-01,3,5767,24.9,2,244.6,4649.9,723.6,260.3,145.3,4574.3,41773,339.4,3758,1.0332,2.7484,6.3512,10.9687
2022-11-02,3,5743,26.3,2,251.0,4450.0,710.6,193.3,139.7,4535.0,44134,360.9,3306,0.8408,2.6176,5.6788,9.8918
2022-11-03,3,5626,26.6,2,242.1,4417.3,720.4,242.2,154.0,4435.6,44312,333.3,3430,1.0048,2.5878,5.8406,10.1631
2022-11-04,3,5750,29.6,2,245.5,5354.3,698.8,240.7,147.9,4670.3,42103,336.5,3293,0.9867,3.2588,5.664,10.7225
2022-11-05,3,2219,27.1,0,248.4,2718.9,713.8,195.0,99.1,2658.6,29261,178.3,1597,0.7515,1.4036,2.8035,5.3516
2022-11-06,3,1768,26.4,0,252.7,2225.4,720.8,161.9,75.0,2391.8,28438,179.8,1569,0.6071,1.0532,2.73,4.735
2022-11-07,3,5753,25.4,1,249.7,4161.1,718.0,238.5,158.3,4444.5,40774,353.4,3748,1.0049,2.4102,6.3266,10.5307
2022-11-08,3,5904,25.6,2,245.5,4514.3,736.7,259.9,152.4,4706.8,44957,354.9,3565,1.0486,2.6443,6.0855,10.5697
2022-11-09,3,5883,28.5,2,252.6,5197.1,690.7,228.9,136.5,4332.6,44564,363.2,3753,0.9288,3.1545,6.3262,11.2644
2022-11-10,3,5680,25.5,2,243.9,4477.1,738.2,229.6,160.8,4621.3,46441,349.1,3607,0.9868,2.6172,6.1361,10.4981
2022-11-11,1,4225,24.5,0,248.8,2716.5,730.0,190.3,129.4,3627.1,36748,266.5,2492,0.8089,1.3906,4.3042,6.5178
2022-11-12,1,1582,24.0,0,249.5,2510.7,718.6,167.9,97.9,2163.6,23905,142.5,683,0.6761,1.2545,1.3554,3.257
2022-11-13,1,1090,23.9,0,245.4,1600.7,717.7,147.4,101.3,1254.2,22047,111.7,869,0.629,0.6181,1.5109,2.7535
2022-11-14,1,4918,21.9,1,250.1,3248.9,709.1,222.2,144.0,3753.3,42298,316.6,2640,0.9281,1.7779,4.5656,7.2687
2022-11-15,1,4684,23.2,1,246.5,3116.6,681.5,195.7,135.6,3830.0,37034,302.6,2651,0.8377,1.7046,4.5834,7.1499
2022-11-16,1,4834,28.1,2,250.1,3687.6,711.8,229.9,130.2,3605.8,39358,311.6,2976,0.9169,2.0831,5.0487,8.0489
2022-11-17,1,4491,24.2,2,242.5,4050.0,665.2,152.5,158.6,3715.4,36433,270.6,2538,0.7751,2.3694,4.3855,7.5234
2022-11-18,1,4374,26.1,2,249.0,3777.6,699.0,233.2,116.5,3724.0,38317,263.6,2551,0.8941,2.155,4.4035,7.4883
2022-11-19,1,1536,19.0,0,246.8,2338.7,687.0,185.0,104.6,1621.7,26486,139.1,912,0.7374,1.1562,1.6331,3.516
2022-11-20,1,1483,25.6,0,251.4,2261.3,773.0,146.7,91.5,1843.3,24188,154.6,872,0.6045,1.0418,1.606,3.2406
2022-11-21,1,4565,23.8,1,247.9,3477.8,701.3,210.5,136.6,3512.1,36441,280.4,2668,0.8797,1.9436,4.5606,7.3369
2022-11-22,1,4669,23.0,1,251.7,3225.5,745.0,193.2,149.5,4042.4,36835,278.6,2747,0.8631,1.7364,4.742,7.3361
2022-11-23,1,5152,24.4,1,249.5,3256.3,768.9,198.1,132.2,4131.4,36529,311.2,3002,0.8363,1.7412,5.1498,7.7037
2022-11-24,1,4804,22.8,1,247.6,3398.3,758.1,183.0,141.7,3763.3,38358,282.3,2625,0.8178,1.8481,4.5276,7.1873
2022-11-25,1,4843,19.1,0,250.4,3102.9,739.4,196.1,137.1,3679.8,38485,276.7,2530,0.8422,1.6544,4.3726,6.8753
2022-11-26,1,1641,25.7,0,250.4,2194.8,741.2,151.8,85.1,1987.5,23423,150.4,1131,0.6034,1.0175,2.0097,3.6035
2022-11-27,1,1755,24.1,0,249.4,1971.1,751.7,150.8,114.9,2232.5,22068,147.8,1206,0.6696,0.8536,2.15,3.6526
2022-11-28,1,4619,22.8,1,241.1,3020.6,776.8,236.8,141.1,3624.9,37771,282.7,2740,0.9606,1.5707,4.6835,7.1748
2022-11-29,1,4284,21.2,0,245.1,2788.4,748.1,189.3,119.9,3476.9,36592,235.6,2544,0.7843,1.4282,4.3502,6.55
2022-11-30,1,4620,20.0,1,252.2,3188.5,777.8,160.4,147.0,3629.0,38114,272.2,2515,0.7694,1.6875,4.3419,6.7752
2022-12-01,0,984,23.7,1,244.2,2477.7,795.5,163.9,74.3,1790.1,20351,118.7,132,0.6109,1.1775,0.4723,1.9074
2022-12-02,0,663,26.6,0,250.6,2024.4,767.1,95.1,82.5,967.5,21499,86.6,340,0.4454,0.8801,0.6715,1.6752
2022-12-03,0,236,23.4,0,250.1,1688.7,789.4,101.9,71.4,1277.7,18670,67.8,50,0.438,0.6295,0.2644,1.1258
2022-12-04,0,144,19.9,0,245.8,1859.5,761.7,118.6,88.0,921.4,20161,81.9,117,0.5211,0.7685,0.329,1.2948
2022-12-05,0,1108,23.3,0,242.0,2149.0,751.8,139.1,81.1,1574.1,20899,133.3,877,0.5601,0.978,1.5706,2.5448
2022-12-06,0,973,22.6,0,246.3,2484.8,731.5,95.7,98.1,1441.9,24157,108.1,453,0.4831,1.2273,0.9084,2.1174
2022-12-07,0,955,24.5,1,254.2,2686.7,753.9,110.8,95.4,1535.2,24729,114.8,453,0.5173,1.353,0.9228,2.3364
2022-12-08,0,950,23.9,1,245.4,2902.9,744.5,94.5,80.8,1357.6,22199,114.9,370,0.4399,1.5109,0.7763,2.257
2022-12-09,0,831,15.9,0,245.6,1728.3,782.3,138.6,112.4,1605.7,22217,93.6,490,0.6311,0.6622,0.9765,1.8349
2022-12-10,0,304,23.6,1,245.0,1923.7,781.7,141.5,67.5,1286.3,20688,102.9,170,0.5351,0.7994,0.4619,1.4823
2022-12-11,0,80,20.1,1,251.6,2284.6,817.2,84.6,54.8,772.6,16490,76.4,50,0.3533,1.0272,0.207,1.2647
2022-12-12,0,444,19.1,0,247.3,2075.2,772.7,139.9,93.2,1295.4,18990,92.9,422,0.5902,0.9117,0.836,1.9137
2022-12-13,0,865,21.8,0,246.1,2131.3,785.2,146.0,53.1,1372.1,21965,118.4,988,0.5139,0.9423,1.7065,2.5891
2022-12-14,0,896,23.0,0,252.2,2271.0,807.1,111.6,108.1,1464.8,25412,96.6,734,0.5488,1.0247,1.3279,2.3976
2022-12-15,0,1055,18.4,0,249.7,1333.1,785.6,85.4,89.2,1828.6,20278,133.5,592,0.4349,0.3832,1.1736,1.6579
2022-12-16,0,1120,23.5,0,245.2,2333.4,768.8,106.6,67.0,1473.1,25652,138.0,628,0.4405,1.0952,1.1886,2.2344
2022-12-17,0,551,23.6,0,244.3,1964.0,739.5,106.8,67.4,1408.4,19966,101.5,227,0.4419,0.8572,0.5612,1.5198
2022-12-18,0,88,21.9,0,251.5,1368.8,798.6,145.5,51.5,1036.8,18308,84.5,50,0.5089,0.3991,0.2429,0.8629
2022-12-19,0,774,19.9,0,248.1,2116.1,791.8,121.3,90.0,1345.0,23443,105.9,621,0.533,0.927,1.1476,2.1773
2022-12-20,0,924,19.6,0,243.4,2006.6,810.6,104.5,66.2,1539.0,25519,126.9,716,0.433,0.8372,1.3234,2.1103
2022-12-21,0,1293,23.9,0,242.7,2146.5,813.6,136.5,98.0,1746.4,24192,123.3,539,0.5922,0.933,1.0808,2.1395
2022-12-22,0,1104,18.3,1,244.7,2783.7,795.8,101.4,83.7,1376.0,24733,124.3,706,0.4651,1.3915,1.2875,2.6346
2022-12-23,0,1039,23.9,0,244.3,2100.8,845.5,140.0,80.3,1435.0,20707,122.1,803,0.5607,0.8787,1.4379,2.3295
2022-12-24,0,198,21.1,0,241.9,1412.6,793.8,92.1,85.0,834.6,17879,83.4,52,0.4432,0.4332,0.221,0.9004
2022-12-25,0,109,21.3,0,244.7,1737.9,827.1,93.6,85.7,917.8,16023,92.7,50,0.4488,0.6376,0.2317,1.0932
2022-12-26,0,980,17.7,0,245.2,1554.8,803.5,135.9,103.9,1749.7,21188,145.4,694,0.6042,0.5259,1.3228,2.0387
2022-12-27,0,640,21.1,0,246.6,2066.0,785.2,160.0,73.2,1401.4,21705,102.5,502,0.5979,0.8966,0.9738,2.024
2022-12-28,0,795,22.7,1,253.1,2816.3,827.8,172.7,84.1,1135.0,21721,116.4,538,0.6571,1.392,1.0021,2.5313
2022-12-29,0,817,18.4,0,247.2,1615.1,859.0,101.8,75.3,1357.3,24540,102.1,520,0.4468,0.5293,0.9962,1.6068
2022-12-30,0,1124,22.4,0,247.5,1833.9,819.8,117.1,90.9,1638.9,26419,138.0,722,0.5238,0.7099,1.3497,2.132
2022-12-31,0,204,21.4,0,249.5,1567.5,824.8,125.0,65.8,1160.4,18611,78.0,68,0.487,0.5199,0.2819,1.0672
2023-01-01,0,80,19.8,0,275.3,1650.4,927.5,137.2,69.6,832.5,17113,116.3,50,0.5285,0.506,0.2324,1.0366
2023-01-02,0,942,23.0,0,277.2,2073.9,928.0,79.3,80.0,1261.3,24044,97.3,266,0.3973,0.8021,0.6014,1.4848
2023-01-03,0,725,16.3,0,276.8,1801.6,970.1,125.0,88.1,1339.4,23321,133.4,528,0.5385,0.582,1.0198,1.7332
2023-01-04,0,859,21.9,0,276.4,2117.2,989.9,114.7,85.4,1535.0,22402,125.5,518,0.5047,0.7891,1.0244,1.8934
2023-01-05,0,836,24.7,0,284.3,2219.3,973.8,82.7,92.6,1460.6,22781,99.2,567,0.4355,0.8719,1.0772,1.9232
2023-01-06,0,802,24.2,0,278.7,2220.9,971.9,95.0,83.0,1238.0,22357,138.9,316,0.4463,0.8743,0.6918,1.6391
2023-01-07,0,415,21.9,0,272.8,1554.7,966.3,105.0,71.3,1473.1,17963,82.5,259,0.4461,0.4119,0.6078,1.2304
2023-01-08,0,80,20.4,1,277.1,2648.7,963.5,112.7,78.8,931.8,16143,74.8,61,0.4841,1.1796,0.2418,1.573
2023-01-09,0,758,19.6,0,273.6,2305.5,930.7,145.8,70.3,1404.8,21092,93.6,670,0.5531,0.9624,1.222,2.2525
2023-01-10,0,974,20.3,0,277.3,2377.7,959.3,135.3,95.2,1384.7,21729,117.1,718,0.5825,0.9929,1.3024,2.3198
2023-01-11,0,741,22.2,0,271.9,1879.4,965.0,144.2,79.6,1558.6,21611,107.7,297,0.5703,0.6401,0.6875,1.5643
2023-01-12,0,562,19.2,0,272.7,1683.8,971.3,120.7,84.8,1351.4,20124,110.3,417,0.5194,0.4987,0.8433,1.5248
2023-01-13,0,972,22.7,0,277.0,1717.7,935.9,112.0,90.0,1559.3,19017,148.0,429,0.5081,0.5473,0.9029,1.6192
2023-01-14,0,475,25.7,0,279.0,1653.3,981.0,114.5,104.7,987.2,16193,90.2,50,0.5487,0.4706,0.2389,1.0663
2023-01-15,0,264,20.9,0,277.5,1813.8,972.3,130.1,83.9,1260.6,20436,53.8,464,0.5425,0.589,0.8776,1.6373
2023-01-16,0,498,18.0,0,278.6,2085.0,1020.9,141.7,82.1,1345.0,18899,105.2,221,0.5694,0.7449,0.5459,1.5175
2023-01-17,0,978,18.1,0,277.1,2314.6,980.2,124.4,76.4,1689.0,21690,112.4,754,0.5099,0.9341,1.3908,2.3474
2023-01-18,0,552,22.7,0,276.5,1750.7,988.2,99.5,93.7,1248.9,19314,121.7,201,0.4831,0.5337,0.5119,1.2385
2023-01-19,0,907,20.9,1,274.5,2468.6,984.2,133.7,81.8,1448.9,20166,115.4,381,0.5473,1.0391,0.8033,1.9617
2023-01-20,0,692,23.0,0,278.4,1882.1,1034.8,133.0,60.4,1296.3,19215,97.0,303,0.496,0.5931,0.6595,1.3839
2023-01-21,0,80,19.9,0,279.1,1603.2,1046.1,138.6,73.0,1359.8,20172,66.4,92,0.5401,0.39,0.3371,1.0314
2023-01-22,0,193,22.9,0,275.8,1985.7,1026.3,98.5,80.2,922.0,18380,91.2,144,0.4492,0.6716,0.3732,1.2577
2023-01-23,0,818,20.8,0,275.6,2032.5,1045.1,110.0,72.5,1193.6,22578,108.5,564,0.4623,0.6912,1.0448,1.811
2023-01-24,0,735,19.5,0,280.8,1955.9,1071.9,139.9,82.0,1288.5,22471,125.7,337,0.5644,0.6188,0.7234,1.5859
2023-01-25,0,957,20.3,0,275.9,2063.3,981.8,118.3,85.4,1397.4,22589,115.5,562,0.5143,0.7571,1.0694,1.9434
2023-01-26,0,771,18.5,0,276.2,2087.3,1047.3,114.0,83.4,1604.8,22682,126.7,295,0.4982,0.728,0.6989,1.6123
2023-01-27,0,1028,25.6,0,277.5,2212.9,1032.4,156.1,105.9,1293.3,22343,104.7,861,0.663,0.8264,1.5005,2.443
2023-01-28,0,323,21.0,0,275.7,1606.3,1007.7,85.7,59.2,999.2,21811,68.7,50,0.3664,0.419,0.2324,0.8582
2023-01-29,0,147,22.7,0,273.5,2016.9,1027.1,157.9,107.3,1025.4,20100,91.6,50,0.671,0.6929,0.2453,1.3757
2023-01-30,0,695,20.1,0,277.1,1976.2,1071.3,109.0,82.8,1559.2,22641,100.7,327,0.4834,0.6334,0.7297,1.5135
2023-01-31,0,555,19.0,1,275.9,2284.6,1089.1,139.1,90.4,1372.5,18642,96.8,752,0.5816,0.8368,1.3419,2.2305
2023-02-01,1,4782,20.9,1,281.5,3430.8,1044.8,193.7,134.3,4156.3,38558,278.0,2912,0.8293,1.6702,5.0034,7.4881
2023-02-02,1,4665,23.9,1,278.4,3432.5,1086.3,199.9,105.1,3854.5,34290,271.9,2552,0.7785,1.6423,4.4232,6.8557
2023-02-03,1,4302,20.3,1,274.2,3540.7,1108.1,181.7,110.8,3530.6,38590,276.2,2643,0.7429,1.7028,4.524,6.9282
2023-02-04,1,1417,19.6,0,278.2,1803.9,1124.4,154.4,84.1,1932.5,22829,138.5,915,0.6081,0.4756,1.6736,2.7382
2023-02-05,1,1351,21.9,0,276.9,2405.2,991.6,126.7,106.1,1491.5,22802,123.1,833,0.5846,0.9895,1.4907,3.0566
2023-02-06,1,5013,22.7,0,279.9,2909.0,1148.4,187.6,114.4,3700.3,36593,310.1,3033,0.767,1.2324,5.1441,7.1463
2023-02-07,1,4423,25.3,1,274.4,3190.2,1100.6,229.5,115.2,3818.0,36511,288.1,2576,0.8812,1.4627,4.4628,6.8516
2023-02-08,1,4470,22.5,0,276.6,2638.5,1031.8,191.1,131.1,3709.3,36291,274.8,2623,0.815,1.1247,4.5142,6.471
2023-02-09,1,4929,23.2,0,275.7,2623.3,1071.0,183.9,141.2,4129.5,41983,308.8,2579,0.819,1.0866,4.5156,6.3934
2023-02-10,1,4973,23.4,1,276.2,2961.2,1127.8,166.7,141.3,3829.8,40433,286.8,3144,0.7732,1.2834,5.3168,7.47
2023-02-11,1,1379,19.4,0,273.3,2243.3,1098.0,175.9,76.8,1986.2,22865,144.0,719,0.6488,0.8017,1.3885,2.8386
2023-02-12,1,1400,19.9,0,277.7,2587.0,1096.3,123.1,67.8,1888.7,20881,139.9,589,0.4865,1.0435,1.1794,2.6674
2023-02-13,1,4840,19.7,1,277.3,2962.6,1114.9,242.5,141.2,3895.2,34217,283.3,2716,0.9761,1.2934,4.6792,6.9227
2023-02-14,1,4310,19.2,0,279.9,2494.2,1141.6,196.4,148.2,3609.5,34255,293.6,2416,0.8687,0.9468,4.1995,5.9892
2023-02-15,1,4394,24.0,1,276.0,3476.0,1101.8,192.2,122.5,3686.7,34059,275.5,2404,0.7981,1.6619,4.1826,6.6089
2023-02-16,1,4679,22.9,1,274.8,3334.3,1112.4,198.0,114.0,3646.8,38279,278.5,2854,0.794,1.5553,4.8554,7.2176
2023-02-17,1,5008,22.5,1,278.4,3638.8,1156.7,248.9,128.6,3935.7,38773,300.6,3080,0.9641,1.7375,5.2392,7.8741
2023-02-18,1,1435,16.7,0,273.6,2053.6,1101.2,87.6,98.1,1849.3,24058,129.1,480,0.4614,0.6667,1.0072,2.1598
2023-02-19,1,1532,27.0,0,279.3,2181.4,1112.2,142.3,89.9,1773.3,22726,130.1,796,0.589,0.7484,1.4722,2.83
2023-02-20,1,4933,20.6,0,279.2,2825.9,1133.8,193.0,155.3,3694.0,38992,291.6,2781,0.876,1.1845,4.7577,6.8067
2023-02-21,1,5108,27.2,1,279.8,3078.5,1134.1,197.3,150.2,4120.0,36897,300.3,2932,0.8757,1.3611,5.0386,7.2983
2023-02-22,1,4625,19.6,1,277.1,3036.4,1134.0,196.5,133.3,3918.0,37266,273.5,2990,0.8345,1.3317,5.0894,7.2283
2023-02-23,1,4726,21.1,1,274.5,3603.5,1099.0,189.2,102.4,4022.5,39344,302.7,2595,0.7436,1.7531,4.5232,6.9989
2023-02-24,1,5057,18.1,1,276.3,3743.0,1159.5,205.2,125.3,4131.2,38582,293.4,3214,0.8394,1.8084,5.4603,8.1219
2023-02-25,1,1239,23.8,0,277.1,2400.6,1182.5,131.8,81.6,1815.5,24002,119.6,692,0.5417,0.8527,1.3169,2.706
2023-02-26,1,1698,20.7,0,274.3,2255.2,1132.6,111.7,84.2,2130.5,21573,137.2,1268,0.4939,0.7858,2.2259,3.4899
2023-02-27,1,4546,20.9,1,280.0,2729.0,1164.4,200.2,132.4,3732.9,33390,264.2,2581,0.8424,1.0952,4.4484,6.3831
2023-02-28,1,4748,20.3,1,277.7,3196.9,1170.2,211.2,135.1,3462.4,38531,301.0,2677,0.8781,1.4187,4.578,6.9078
2023-03-01,1,4686,25.1,1,273.3,3703.7,1137.1,182.4,106.1,4014.1,39566,289.0,2714,0.7339,1.7966,4.6946,7.2572
2023-03-02,1,4557,25.1,1,281.6,3751.6,1223.5,233.1,141.8,3564.5,36711,288.3,2876,0.9523,1.7697,4.8825,7.6151
2023-03-03,1,4552,27.6,0,276.3,3450.2,1157.8,221.3,129.9,3518.7,40980,292.1,2669,0.8932,1.6047,4.5695,7.0584
2023-03-04,1,1563,22.2,0,272.7,2048.1,1155.1,156.7,99.1,1670.4,21966,141.3,944,0.6489,0.6251,1.6866,2.9736
2023-03-05,1,1693,24.3,0,273.5,1799.7,1156.1,158.8,106.5,2396.9,23887,168.9,1097,0.6716,0.4505,2.0163,3.1169
2023-03-06,1,4706,21.1,0,280.5,2821.8,1234.1,195.4,120.0,3897.0,38017,279.2,2571,0.8009,1.1114,4.4612,6.4027
2023-03-07,1,4742,23.3,1,281.5,3364.5,1211.0,220.5,150.8,3652.5,38752,275.2,2811,0.9393,1.5074,4.7903,7.2608
2023-03-08,1,4832,23.0,0,279.0,3268.4,1259.3,231.5,130.9,3772.8,37243,296.9,2689,0.9228,1.4064,4.631,7.0085
2023-03-09,1,4554,25.3,1,280.0,3411.1,1226.1,209.7,152.3,3723.3,35220,281.7,2906,0.9138,1.5295,4.9431,7.3664
2023-03-10,1,4862,26.6,0,279.6,3056.6,1247.9,185.0,119.9,4012.1,39537,295.5,2895,0.7728,1.2661,4.9688,6.9845
2023-03-11,1,1661,26.6,0,277.7,2335.1,1205.9,139.0,116.5,1980.1,25216,161.9,1088,0.6416,0.7904,1.95,3.3959
2023-03-12,1,1982,22.7,0,277.0,2309.8,1190.6,158.3,85.2,1961.7,25704,165.5,782,0.6211,0.7834,1.4906,2.8882
2023-03-13,1,4662,26.9,1,277.6,3723.6,1219.3,212.3,169.2,3847.5,38478,288.5,2831,0.9598,1.753,4.8496,7.5874
2023-03-14,1,4647,24.7,1,278.2,3150.4,1209.0,191.9,116.5,3671.1,37272,300.4,2663,0.7834,1.359,4.5814,6.7567
2023-03-15,2,5341,24.2,2,273.8,3923.4,1159.7,193.7,154.9,4399.9,40181,318.5,2839,0.8769,1.9346,4.9419,8.1061
2023-03-16,2,5350,23.5,2,278.2,4556.8,1257.5,241.2,133.8,4227.1,40152,321.7,3120,0.9555,2.3095,5.3441,8.9549
2023-03-17,2,5106,23.9,2,280.4,3717.7,1245.8,178.3,147.0,3929.0,37967,287.8,2688,0.8174,1.7303,4.6444,7.5018
2023-03-18,2,1592,29.1,1,275.4,3713.5,1208.3,117.9,93.5,2011.1,23025,191.3,1033,0.532,1.7536,1.8838,4.3233
2023-03-19,2,1762,26.1,0,275.1,1965.0,1236.8,112.5,79.8,2061.4,24454,135.2,1280,0.4858,0.5097,2.2355,3.3658
2023-03-20,2,5053,25.9,2,277.4,4083.7,1241.7,180.2,93.7,3947.4,39280,295.9,2608,0.6994,1.9894,4.5306,7.5069
2023-03-21,2,5128,25.1,2,274.1,4413.6,1263.8,229.7,174.1,4210.8,36169,298.9,2969,1.0178,2.2049,5.1042,8.6572
2023-03-22,2,5218,31.2,2,272.0,4883.2,1232.7,232.1,138.7,4248.4,41616,335.1,2997,0.9424,2.5553,5.1686,9.0586
2023-03-23,2,5381,28.8,2,279.4,4302.3,1253.9,205.2,95.4,4452.5,40633,309.9,2763,0.7703,2.1339,4.8304,8.0105
2023-03-24,2,5093,24.5,1,274.6,3732.3,1256.2,212.6,140.7,4185.5,37473,309.5,3119,0.8948,1.7333,5.3313,8.2776
2023-03-25,2,1333,25.6,1,276.1,2843.0,1247.3,133.8,101.3,1687.9,26508,128.2,886,0.5926,1.117,1.5972,3.4404
2023-03-26,2,1320,25.8,0,274.2,2269.4,1246.7,107.5,80.1,1414.1,23619,121.9,1130,0.4731,0.7159,1.9266,3.2564
2023-03-27,2,4975,26.8,2,279.8,4159.0,1300.7,248.3,124.1,4018.1,36492,305.7,2975,0.9521,2.0008,5.0932,8.3405
2023-03-28,2,4966,25.0,1,278.6,3583.2,1237.8,229.6,134.3,4040.4,41686,289.8,2722,0.9256,1.6418,4.7108,7.5618
2023-03-29,2,5174,27.7,1,275.3,3799.2,1232.7,210.9,155.1,4117.1,42170,310.3,3094,0.9235,1.7966,5.2873,8.3128
2023-03-30,2,4988,30.0,2,272.5,5325.2,1233.3,181.0,136.4,3450.6,37314,307.0,3124,0.8002,2.8643,5.2494,9.2142
2023-03-31,2,5076,24.1,2,275.0,4075.1,1250.6,196.4,157.9,4169.3,38738,326.3,2860,0.8911,1.9772,4.9488,8.1588
2023-04-01,1,1374,24.6,0,277.7,1968.8,1300.9,119.5,108.5,1587.7,22947,121.7,950,0.5709,0.4675,1.6772,2.6788
2023-04-02,1,1434,26.2,0,276.6,2077.0,1233.7,138.0,88.8,1912.5,20622,137.7,408,0.575,0.5903,0.9097,2.0348
2023-04-03,1,4967,26.4,2,276.3,4555.4,1269.0,206.2,111.0,4285.7,39446,297.2,3146,0.809,2.3005,5.3789,8.5121
2023-04-04,1,4848,31.9,1,276.6,3752.4,1259.3,189.8,129.8,3860.3,39883,293.2,2956,0.8085,1.7452,5.0411,7.5864
2023-04-05,1,4732,29.8,1,278.3,4003.8,1325.3,163.2,139.7,3912.8,39057,318.8,2287,0.7601,1.875,4.0552,6.6827
2023-04-06,1,4646,29.8,2,275.9,4348.4,1295.7,240.5,131.7,3786.4,37572,282.0,2764,0.9488,2.1369,4.7385,7.8172
2023-04-07,1,4651,27.3,1,277.4,3234.1,1288.2,198.9,140.3,3878.2,39230,254.0,2340,0.8571,1.3621,4.1015,6.3476
2023-04-08,1,1572,27.4,0,273.0,2174.6,1287.8,148.3,106.8,1893.3,22559,143.4,802,0.6442,0.6208,1.5015,2.7526
2023-04-09,1,1618,25.0,0,283.7,2204.5,1281.8,129.8,102.4,1810.1,28069,146.4,1061,0.5844,0.6459,1.883,3.1282
2023-04-10,1,4566,30.0,1,275.1,3670.4,1327.2,157.8,125.7,3568.0,35787,277.6,2624,0.7133,1.6402,4.4998,6.8248
2023-04-11,1,4736,29.5,1,276.6,3944.3,1263.9,193.4,139.6,4122.6,36701,279.5,2973,0.8408,1.8763,5.091,7.8163
2023-04-12,1,4364,31.4,1,277.7,4459.3,1322.9,181.4,160.9,3684.6,35293,255.5,2543,0.8578,2.1955,4.3822,7.4581
2023-04-13,1,4767,28.3,2,274.8,4310.3,1293.2,211.4,109.9,4005.0,36855,315.4,2758,0.8204,2.112,4.7706,7.7381
2023-04-14,1,4866,28.6,2,276.0,3945.3,1292.9,217.5,140.7,3988.8,38090,297.8,3020,0.9079,1.8567,5.1541,7.88
2023-04-15,2,1614,29.4,2,276.0,3627.1,1317.9,155.9,121.8,2076.3,24362,145.3,875,0.6992,1.6164,1.6343,4.1005
2023-04-16,2,1992,31.1,1,273.3,3535.5,1300.9,167.6,81.3,1973.8,26600,190.2,1151,0.637,1.5642,2.0569,4.4684
2023-04-17,2,5043,26.0,2,277.3,4153.3,1298.5,240.5,150.5,4041.6,37707,291.5,2944,0.9922,1.9984,5.0435,8.3784
2023-04-18,2,5241,31.0,2,271.1,4905.0,1257.3,212.9,154.9,4240.4,40312,318.1,3028,0.9284,2.5534,5.2061,9.0304
2023-04-19,2,5196,29.5,1,281.3,4243.8,1319.5,227.7,115.2,4354.2,37860,293.8,3223,0.8763,2.047,5.5006,8.761
2023-04-20,2,5184,27.4,2,278.4,4888.3,1301.2,214.2,147.9,4595.2,41091,317.3,2887,0.9157,2.511,5.037,8.8097
2023-04-21,2,5182,25.2,2,277.9,4183.9,1311.1,161.5,133.1,4186.2,41061,294.6,2856,0.7403,2.011,4.9312,7.9804
2023-04-22,2,1684,29.7,0,270.8,2558.2,1295.2,136.9,94.3,1825.1,25062,156.4,786,0.5847,0.8841,1.4759,3.0762
2023-04-23,2,1817,33.3,1,273.6,4122.4,1295.1,123.6,91.9,1811.3,24462,180.2,668,0.5435,1.9791,1.3078,3.9959
2023-04-24,2,5450,33.9,2,280.2,5575.4,1319.6,213.2,160.1,4116.1,41450,321.4,3428,0.9412,2.9791,5.793,10.0739
2023-04-25,2,5202,31.2,2,288.5,4939.9,1338.1,186.2,135.7,3985.9,38251,282.8,2855,0.8125,2.5213,4.8995,8.5504
2023-04-26,2,5349,34.8,2,279.6,5263.2,1321.2,219.6,132.2,3694.2,40528,316.1,3059,0.8939,2.7594,5.1862,9.1817
2023-04-27,2,5076,30.5,2,279.1,4931.8,1268.7,223.0,129.2,3925.5,39046,309.2,3225,0.8961,2.5642,5.4594,9.2701
2023-04-28,2,5340,32.9,2,277.6,5051.8,1284.4,232.6,134.0,4339.8,45162,326.1,3072,0.9329,2.6372,5.2891,9.2203
2023-04-29,2,1528,29.9,1,273.5,2830.5,1300.4,173.1,77.1,1860.9,22209,161.4,979,0.642,1.0711,1.7711,3.6281
2023-04-30,2,1861,29.9,2,279.0,4108.0,1333.4,106.6,90.2,2007.3,21015,177.0,824,0.494,1.9422,1.5628,4.1411
2023-05-01,0,1249,29.7,0,272.7,2809.8,1281.2,106.1,91.8,1382.4,22098,129.6,976,0.4964,1.07,1.6948,2.7077
2023-05-02,0,829,26.8,0,272.4,2522.4,1285.3,189.3,91.0,1603.1,18394,104.4,459,0.7175,0.866,0.9334,2.064
2023-05-03,0,457,34.3,0,272.2,2734.6,1288.5,140.4,98.5,1275.5,18611,82.1,82,0.6038,1.0123,0.3186,1.623
2023-05-04,0,753,30.2,0,278.9,2580.0,1327.6,128.5,87.7,1364.5,18827,102.4,253,0.547,0.8767,0.595,1.6913
2023-05-05,0,1073,29.9,0,275.8,2624.7,1290.7,130.0,80.8,1168.8,20878,129.0,927,0.535,0.9338,1.5951,2.4859
2023-05-06,0,372,29.2,0,276.3,2340.8,1273.2,115.4,64.3,1042.3,17646,75.6,110,0.4578,0.7473,0.3294,1.246
2023-05-07,0,317,31.5,0,276.0,2600.3,1305.7,73.2,83.2,1174.6,21065,78.1,50,0.3884,0.9062,0.2574,1.2622
2023-05-08,0,1033,36.0,0,272.6,3262.2,1328.6,111.6,85.6,1535.3,22251,128.2,521,0.4968,1.3535,1.0301,2.3698
2023-05-09,0,938,36.8,0,274.0,3377.8,1262.6,124.4,85.0,1516.1,23875,109.5,552,0.5297,1.4806,1.0664,2.5411
2023-05-10,0,1070,28.7,0,274.1,2614.2,1282.3,113.5,91.8,1686.8,22567,127.6,648,0.5162,0.9323,1.2386,2.2072
2023-05-11,0,1017,31.7,0,271.8,3071.7,1264.4,115.4,95.0,1558.4,23943,111.0,670,0.5287,1.2651,1.2491,2.4815
2023-05-12,0,1125,30.3,0,274.5,2421.6,1346.3,186.5,92.5,1714.4,22181,129.1,695,0.7135,0.7527,1.313,2.3202
2023-05-13,0,337,34.9,0,272.8,2921.2,1253.2,110.5,76.5,957.1,22286,80.9,312,0.4729,1.1676,0.6259,1.8475
2023-05-14,0,435,33.5,0,277.7,2717.7,1295.2,123.9,68.2,949.6,20675,71.8,203,0.4896,0.9957,0.457,1.6112
2023-05-15,0,796,31.5,0,278.0,2533.5,1290.6,129.7,75.4,1479.4,19940,122.3,835,0.5218,0.87,1.491,2.363
2023-05-16,0,743,33.2,0,272.1,2443.7,1239.7,136.3,96.6,1483.5,22235,100.1,343,0.5884,0.8428,0.7442,1.7823
2023-05-17,0,1158,32.1,0,275.1,2839.1,1251.3,120.3,82.5,1711.4,22912,124.1,915,0.513,1.1115,1.6406,2.6942
2023-05-18,0,890,36.9,0,281.6,3447.8,1327.4,153.5,65.5,1475.5,21373,106.8,408,0.5627,1.4843,0.8435,2.4088
2023-05-19,0,996,34.6,0,273.1,3042.8,1290.0,137.7,104.3,1459.2,22356,126.4,321,0.61,1.227,0.7202,2.1045
2023-05-20,0,295,35.0,1,277.3,3485.5,1276.5,87.0,64.4,1120.9,20591,92.3,50,0.3819,1.5463,0.2572,1.7798
2023-05-21,0,167,27.8,0,276.3,2219.2,1319.7,110.6,77.5,1071.8,14890,89.0,152,0.4754,0.6296,0.4011,1.2721
2023-05-22,0,853,33.6,0,279.3,3302.1,1240.7,121.6,92.6,1507.9,20951,106.8,704,0.5398,1.443,1.2913,2.6971
2023-05-23,0,1110,38.4,0,276.9,3437.2,1252.8,125.2,88.4,2057.5,23891,124.4,437,0.5397,1.5291,0.9655,2.4924
2023-05-24,0,951,36.9,0,274.7,3032.6,1251.9,138.3,49.2,1323.9,22441,122.8,394,0.4843,1.2465,0.8119,2.1107
2023-05-25,0,543,30.0,0,276.2,2426.4,1277.6,133.7,87.4,1817.3,18253,118.0,384,0.5602,0.8042,0.8527,1.826
2023-05-26,0,813,33.5,0,276.2,3404.2,1264.8,136.0,104.7,1177.8,17153,115.3,471,0.6063,1.4976,0.9049,2.5286
2023-05-27,0,593,31.6,1,275.7,2863.6,1266.9,128.1,93.9,1337.1,23552,89.6,239,0.5602,1.1177,0.5663,1.8403
2023-05-28,0,234,38.2,0,272.0,3490.9,1265.2,116.1,45.9,830.0,18646,88.7,50,0.4172,1.558,0.2201,1.8289
2023-05-29,0,527,35.0,0,279.7,3322.3,1323.0,72.2,113.2,1281.9,22939,96.7,361,0.455,1.3995,0.7457,2.1432
2023-05-30,0,1192,32.9,0,279.2,2317.6,1302.3,148.6,69.4,1815.8,24437,104.7,809,0.5586,0.7107,1.4858,2.2702
2023-05-31,0,974,34.8,0,272.9,3207.7,1252.7,138.3,70.5,1509.7,20662,96.7,653,0.5335,1.3685,1.2104,2.5431
2023-06-01,0,839,29.0,0,275.1,2559.9,1257.3,103.4,96.8,1595.3,17021,112.0,491,0.5007,0.9118,0.9834,1.9558
2023-06-02,0,784,32.5,0,275.3,2723.3,1285.5,130.3,91.2,1309.8,20461,110.5,265,0.5599,1.0065,0.6105,1.7975
2023-06-03,0,467,35.1,0,272.5,2850.8,1290.1,132.7,81.8,820.6,19894,92.5,327,0.5446,1.0925,0.6366,1.8427
2023-06-04,0,175,36.9,0,270.4,3005.2,1247.1,138.9,68.6,1121.3,19546,93.5,145,0.5307,1.2307,0.4,1.7579
2023-06-05,0,1058,30.9,1,274.0,3106.4,1232.9,140.3,107.7,1561.5,20444,111.4,377,0.6248,1.3114,0.8091,2.2516
2023-06-06,0,949,34.4,0,274.9,2970.7,1253.3,134.2,85.8,1402.0,22306,101.1,496,0.5579,1.2022,0.9644,2.2651
2023-06-07,0,895,37.5,0,271.7,3265.7,1244.4,146.9,62.3,1381.0,22079,105.4,585,0.5376,1.4149,1.0973,2.5028
2023-06-08,0,877,32.2,1,276.5,3210.1,1235.2,119.0,104.0,1516.9,23458,107.1,495,0.5592,1.3824,0.9798,2.3971
2023-06-09,0,820,36.0,0,279.5,3513.2,1281.6,133.8,88.1,1261.8,20892,111.2,123,0.5621,1.5621,0.3922,2.037
2023-06-10,0,461,35.7,0,278.5,2770.8,1259.4,104.6,97.3,1253.4,20733,86.2,152,0.5051,1.058,0.4234,1.6713
2023-06-11,0,117,39.4,1,275.6,3498.2,1266.1,136.5,85.0,1186.5,19011,54.6,50,0.5622,1.5625,0.2477,1.973
2023-06-12,0,559,35.2,0,270.5,3365.3,1187.0,84.6,117.6,1617.4,21924,69.3,425,0.4984,1.5248,0.8694,2.4024
2023-06-13,0,962,35.4,0,278.1,3117.3,1199.0,145.3,81.9,1749.3,20565,119.8,1026,0.5786,1.3428,1.809,3.0226
2023-06-14,0,965,37.7,0,276.4,3331.5,1222.3,127.8,86.8,1527.4,16525,104.9,584,0.543,1.4764,1.1115,2.5761
2023-06-15,0,938,33.0,0,277.3,2856.8,1233.7,148.1,97.1,1527.9,21513,93.1,328,0.6212,1.1362,0.7237,2.011
2023-06-16,0,925,35.5,0,281.8,3224.7,1205.1,109.5,81.5,1401.5,21469,124.1,508,0.4817,1.4137,0.9925,2.3874
2023-06-17,0,215,35.1,0,273.5,2824.7,1195.0,115.8,89.6,949.5,16819,103.2,127,0.5173,1.1408,0.3559,1.6596
2023-06-18,0,414,35.8,0,267.4,3218.8,1212.3,118.8,35.8,1313.6,17024,92.5,376,0.4011,1.4046,0.7684,2.1236
2023-06-19,0,843,38.1,0,272.8,3200.2,1214.3,134.7,84.0,1367.3,20506,116.2,713,0.555,1.3901,1.292,2.6366
2023-06-20,0,764,37.5,0,277.5,3284.7,1221.9,100.7,82.6,1439.6,21002,112.7,694,0.4607,1.444,1.2708,2.5778
2023-06-21,0,795,34.7,1,276.1,2992.5,1182.6,138.3,82.5,1219.6,21511,83.0,558,0.5612,1.2669,1.0272,2.3253
2023-06-22,0,1215,36.7,0,272.4,3679.7,1220.8,91.3,76.4,1900.0,18989,140.3,705,0.4212,1.7212,1.3543,2.875
2023-06-23,0,539,39.7,0,271.7,3518.7,1172.8,105.0,95.1,1176.1,17107,114.1,580,0.5011,1.6421,1.0676,2.6268
2023-06-24,0,362,34.6,0,274.9,3111.5,1196.2,82.1,71.8,1320.3,21554,113.3,147,0.3859,1.3407,0.4364,1.78
2023-06-25,0,80,36.8,1,272.3,3769.3,1189.3,129.7,79.0,822.9,17995,73.3,56,0.5301,1.806,0.2211,2.0713
2023-06-26,0,832,36.1,0,277.6,3360.8,1202.9,133.8,84.4,1279.6,21490,98.8,439,0.5535,1.5105,0.863,2.4
2023-06-27,0,773,36.5,0,274.8,3248.3,1220.3,133.9,91.8,1618.3,18847,126.1,65,0.5709,1.4196,0.3541,1.9575
2023-06-28,0,476,33.1,0,274.1,2891.9,1190.8,151.0,102.2,1082.4,19991,102.4,505,0.6408,1.1908,0.9395,2.2805
2023-06-29,0,921,39.8,1,273.7,3933.9,1179.6,119.6,89.0,1188.8,21192,126.9,656,0.5261,1.928,1.1901,2.9982
2023-06-30,0,783,35.0,0,276.8,2775.6,1178.6,137.5,97.0,1198.3,20175,102.5,50,0.5926,1.1179,0.271,1.6349
2023-07-01,1,1135,39.0,0,276.1,3594.8,1184.9,131.9,90.8,1757.9,20136,129.3,839,0.5632,1.6869,1.5337,3.771
2023-07-02,1,1664,35.4,0,276.6,3152.0,1167.3,138.1,87.4,2068.6,23426,137.2,911,0.572,1.3893,1.6835,3.6856
2023-07-03,1,4988,35.4,0,276.5,4463.9,1173.1,228.5,132.7,3855.3,42499,299.4,3071,0.9189,2.3036,5.2166,8.448
2023-07-04,1,4997,39.5,1,275.8,5184.3,1153.1,245.7,130.7,3884.4,38358,295.7,2912,0.9604,2.8218,4.9787,8.7654
2023-07-05,1,4794,39.1,2,272.9,5327.8,1133.1,186.8,141.1,3993.4,39556,318.9,2536,0.8266,2.9363,4.4386,8.2186
2023-07-06,1,4737,37.4,2,273.8,5234.9,1122.7,213.6,133.4,4073.8,37542,294.7,2752,0.8806,2.8785,4.7607,8.5434
2023-07-07,1,4968,38.6,0,274.8,4491.2,1139.1,206.4,122.7,3967.8,38304,272.7,2720,0.8366,2.3465,4.6903,7.8423
2023-07-08,1,1816,36.3,0,282.2,3449.5,1164.3,150.0,93.5,2125.7,24482,156.7,833,0.618,1.5996,1.5824,3.8015
2023-07-09,1,1717,36.9,0,272.0,3584.1,1172.2,146.3,72.7,2121.8,27634,156.7,1152,0.56,1.6883,2.0614,4.3657
2023-07-10,1,4560,35.5,0,274.7,4024.2,1158.5,184.8,127.0,4114.7,37824,274.5,2715,0.7886,2.006,4.7011,7.5371
2023-07-11,1,4765,39.0,2,276.3,5134.4,1133.0,116.9,132.2,3646.3,36592,276.2,3033,0.6187,2.801,5.1223,8.5393
2023-07-12,1,4808,35.5,0,275.1,3504.1,1116.8,230.3,159.8,3760.6,37484,299.3,2718,0.9863,1.6711,4.6742,7.3499
2023-07-13,1,4403,40.3,1,279.2,4945.1,1155.5,174.0,148.1,3538.7,38429,261.6,2380,0.8084,2.6527,4.1239,7.5769
2023-07-14,1,4814,36.3,2,275.1,5342.4,1167.9,191.3,117.3,4033.6,33109,298.5,2907,0.7836,2.9221,4.9888,8.7034
2023-07-15,1,1922,37.0,0,275.3,3477.8,1136.0,139.7,101.1,2046.3,26631,148.9,965,0.6079,1.6393,1.7681,4.0038
2023-07-16,1,1629,38.7,0,278.4,4021.7,1081.5,122.1,97.8,1966.2,25809,141.9,889,0.5531,2.0581,1.641,4.2404
2023-07-17,1,4994,37.0,1,281.4,4786.4,1153.9,205.2,131.5,4018.2,37625,311.2,2991,0.8537,2.5427,5.12,8.5017
2023-07-18,1,4762,36.3,1,280.2,5017.6,1149.3,194.7,129.6,3852.8,38279,295.2,2739,0.8212,2.7078,4.7152,8.2862
2023-07-19,1,4716,36.9,0,275.6,4502.7,1155.7,179.1,126.3,3843.3,38711,287.6,2647,0.7717,2.3429,4.5727,7.6754
2023-07-20,1,4798,38.9,1,275.9,5245.4,1091.5,199.6,160.7,4060.1,35936,290.6,2530,0.9061,2.9077,4.4238,8.2662
2023-07-21,1,4582,35.5,0,276.1,3698.4,1097.8,191.7,123.7,3566.1,38760,282.3,2826,0.7995,1.8204,4.8056,7.4147
2023-07-22,1,1340,36.7,0,276.4,3408.2,1102.6,154.5,96.2,1704.1,24163,125.8,711,0.6363,1.6139,1.3349,3.5714
2023-07-23,1,1741,37.0,0,273.5,3848.4,1056.6,111.8,58.0,1760.7,25037,135.1,1121,0.4336,1.9543,1.9611,4.3587
2023-07-24,1,4976,38.8,1,278.8,5072.3,1070.9,181.8,147.1,4025.9,39088,305.8,2974,0.827,2.801,5.0934,8.689
2023-07-25,1,4551,36.7,0,276.6,4286.4,1089.4,207.9,147.4,3686.4,38387,298.2,2836,0.8977,2.2379,4.8421,7.9943
2023-07-26,1,4903,40.8,1,275.9,4853.8,1033.8,184.2,118.1,4132.3,42762,302.9,2801,0.7665,2.674,4.8465,8.2836
2023-07-27,1,4714,36.5,1,272.2,5175.6,1020.9,175.0,123.9,3821.8,38897,290.2,2672,0.7552,2.9083,4.6089,8.2586
2023-07-28,1,4790,36.3,2,276.2,4985.4,1085.4,183.2,139.3,3789.9,39577,276.0,2579,0.8128,2.73,4.4594,7.983
2023-07-29,1,1596,36.4,0,270.3,2909.5,1050.6,136.5,94.4,1845.1,25052,157.3,828,0.5839,1.3012,1.5417,3.4761
2023-07-30,1,1692,33.8,0,274.3,3059.9,1080.5,138.3,102.3,2259.3,28529,156.9,1043,0.607,1.3856,1.9148,3.9065
2023-07-31,1,4744,34.4,1,274.3,3805.8,1056.6,190.8,127.6,3558.7,35286,297.6,2604,0.8061,1.9244,4.4775,7.2062
2023-08-01,1,4983,35.5,1,276.9,4341.5,1050.9,177.1,162.7,3876.5,35801,311.6,2947,0.8505,2.3034,5.0366,8.2123
2023-08-02,1,4785,39.1,1,281.6,5657.3,1096.3,213.1,122.4,3873.2,38372,309.4,3039,0.8539,3.1927,5.174,9.1995
2023-08-03,1,4842,36.5,0,277.7,4087.3,1034.5,226.3,173.5,3787.5,39525,279.5,2728,1.0073,2.137,4.6841,7.8567
2023-08-04,1,4579,35.5,1,280.3,4159.4,1042.2,150.4,148.6,3827.3,32597,265.6,2419,0.7463,2.182,4.2171,7.1446
2023-08-05,1,1902,39.2,1,277.9,4347.0,1035.6,110.1,110.3,2069.1,25982,162.4,1029,0.5499,2.318,1.8727,4.7059
2023-08-06,1,1598,39.9,0,279.4,3597.6,1049.8,160.8,78.6,1936.8,24387,135.8,671,0.6125,1.7835,1.3073,3.69
2023-08-07,1,4858,39.2,1,281.6,5245.1,1040.7,232.0,146.9,3933.2,39743,280.5,3058,0.9611,2.9431,5.1971,9.0739
2023-08-08,1,4440,34.5,1,273.8,4152.4,972.1,143.1,137.3,3634.3,37420,289.4,2590,0.7007,2.2262,4.4626,7.3915
2023-08-09,1,4581,35.2,1,273.6,4567.0,997.7,210.4,98.2,3507.9,33985,269.0,2526,0.7907,2.4985,4.3412,7.6106
2023-08-10,1,4952,40.2,0,278.0,4338.7,1015.4,235.2,113.4,4001.9,36854,297.7,2771,0.8923,2.3263,4.7817,7.9778
2023-08-11,1,4781,36.7,1,276.0,5390.9,1007.6,177.1,137.7,3546.8,36628,270.6,2560,0.7927,3.0683,4.3984,8.2667
2023-08-12,1,1169,35.5,0,276.7,3357.3,991.8,165.8,87.0,1503.8,24240,128.4,860,0.6453,1.6558,1.5355,3.8378
2023-08-13,1,1700,37.6,0,275.3,3552.2,1006.4,136.7,87.7,2042.1,25814,165.7,1317,0.5689,1.7821,2.3029,4.6841
2023-08-14,1,4631,38.2,0,274.2,4257.0,945.4,200.3,146.8,3985.4,36333,298.0,2417,0.8759,2.3181,4.2487,7.4719
2023-08-15,1,4983,34.7,1,280.9,4387.7,1015.9,183.9,121.5,4412.4,39189,311.8,3078,0.7735,2.3603,5.2986,8.4339
2023-08-16,1,4713,36.3,1,272.7,4455.7,1016.9,216.9,124.7,3745.0,35890,286.1,2689,0.8693,2.4072,4.6224,7.9114
2023-08-17,1,4766,37.8,1,278.1,4633.2,972.0,214.1,122.5,3699.2,41707,302.8,2992,0.8568,2.5628,5.0807,8.4651
2023-08-18,1,4941,33.1,2,277.6,5294.3,982.8,236.9,141.9,4057.4,39786,302.5,2536,0.9627,3.018,4.4389,8.4371
2023-08-19,1,1352,35.6,1,271.3,3656.3,948.9,166.0,65.4,2074.8,25094,130.6,825,0.596,1.8952,1.5528,4.0542
2023-08-20,1,1335,33.1,1,273.5,2954.9,953.0,133.8,83.6,2003.6,26085,139.7,701,0.5517,1.4013,1.3626,3.3395
2023-08-21,1,4694,33.3,2,274.0,4521.0,930.8,262.9,105.5,3624.0,39544,296.9,2841,0.9483,2.5131,4.8418,8.2956
2023-08-22,1,4878,34.1,1,277.7,4679.6,1015.2,227.5,128.8,3899.1,38544,278.6,2840,0.9072,2.5651,4.8648,8.3297
2023-08-23,1,4490,36.3,2,274.9,5056.6,961.4,202.7,139.7,3836.9,36525,264.3,2608,0.8659,2.8666,4.5023,8.2276
2023-08-24,1,4429,34.5,0,275.7,3826.3,933.8,167.8,139.3,3811.5,38921,272.6,2550,0.7715,2.0247,4.4167,7.2488
2023-08-25,1,4877,33.7,1,271.6,4696.4,912.9,164.1,122.6,4030.3,38531,279.8,3110,0.723,2.6484,5.2861,8.6646
2023-08-26,1,1405,35.1,0,283.0,3032.6,969.3,103.5,99.9,1690.3,22553,123.4,783,0.5081,1.4443,1.4396,3.3547
2023-08-27,1,1443,32.4,0,276.2,3097.3,886.4,115.4,89.5,1899.6,27601,134.9,993,0.516,1.5476,1.7864,3.8662
2023-08-28,1,4395,35.8,1,277.5,4349.2,967.5,219.4,148.2,3792.2,34774,284.7,2662,0.9303,2.3672,4.5866,7.8726
2023-08-29,1,4607,37.2,1,274.4,4882.3,914.1,203.6,128.3,3588.6,34227,294.0,2832,0.842,2.7777,4.8212,8.4681
2023-08-30,1,4728,34.5,1,274.0,4348.2,931.5,181.6,87.1,4070.8,39645,291.6,2560,0.6879,2.3917,4.4716,7.5647
2023-08-31,1,4897,34.1,1,281.7,4380.0,954.8,195.2,147.2,4114.7,37251,297.5,2968,0.8632,2.3976,5.0908,8.3826
2023-09-01,1,4590,35.3,1,270.2,4723.4,925.9,186.9,123.2,3612.2,38061,306.6,2723,0.7855,2.6582,4.6674,8.1371
2023-09-02,1,1812,29.9,0,276.8,2924.7,932.5,160.2,92.6,2189.9,28881,150.1,837,0.6432,1.3945,1.5945,3.6557
2023-09-03,1,1390,35.4,0,272.4,3222.7,920.6,115.7,96.7,1908.2,21363,140.4,768,0.5335,1.6115,1.4506,3.6239
2023-09-04,1,4606,41.0,1,274.8,5046.8,931.8,200.6,108.9,3908.9,37272,275.2,3084,0.7892,2.8805,5.2301,8.9201
2023-09-05,1,5006,33.8,1,274.1,4849.2,892.3,206.7,136.2,4287.4,41695,284.8,2833,0.8686,2.7698,4.9047,8.5257
2023-09-06,1,4767,33.7,0,273.0,4000.1,947.3,177.1,140.2,3853.7,39249,303.7,2699,0.7985,2.137,4.6594,7.5662
2023-09-07,1,4630,35.5,1,276.1,4440.7,909.0,228.3,136.0,3830.3,37122,279.7,2767,0.926,2.4722,4.7471,8.1246
2023-09-08,1,4701,37.3,1,268.3,4595.9,870.8,188.1,122.4,3339.6,42045,294.9,2629,0.7869,2.6076,4.4896,7.9023
2023-09-09,1,1757,35.7,0,275.1,3651.1,869.2,119.8,111.0,2190.2,25208,151.1,1044,0.5775,1.9473,1.9044,4.3736
2023-09-10,1,1777,28.7,0,275.7,2614.2,883.7,160.7,81.4,2185.3,26178,169.9,950,0.6187,1.2113,1.7715,3.6012
2023-09-11,1,4582,34.6,2,271.9,4905.3,883.4,193.7,120.6,3984.9,40213,269.2,2730,0.7977,2.8153,4.7064,8.3128
2023-09-12,1,4722,38.9,1,280.5,4984.5,900.1,204.0,129.6,3659.0,39598,301.5,2728,0.8461,2.8591,4.6786,8.4144
2023-09-13,1,4745,34.5,1,274.2,4541.7,920.1,169.3,136.4,4015.1,40308,299.3,3103,0.7688,2.5351,5.2831,8.5841
2023-09-14,1,4552,30.5,0,275.3,3414.7,865.1,209.8,124.8,3905.6,35499,258.3,2648,0.8506,1.7847,4.5676,7.1936
2023-09-15,1,4719,33.5,2,274.2,5165.8,885.3,242.7,150.1,3708.6,40031,281.2,2697,0.9972,2.9964,4.6291,8.6555
2023-09-16,1,1514,30.0,0,275.8,3000.6,842.2,109.5,97.6,2028.8,24664,155.4,1063,0.5189,1.5109,1.9153,3.9428
2023-09-17,1,1719,35.4,0,279.9,3479.7,934.9,148.7,96.8,2049.1,23877,172.0,747,0.6221,1.7814,1.451,3.8481
2023-09-18,1,4947,30.4,1,283.4,4386.2,858.5,181.8,138.3,3661.5,39177,306.2,3174,0.8067,2.4694,5.3499,8.6138
2023-09-19,1,4670,32.6,1,278.2,4220.3,921.0,253.2,142.0,3900.6,37956,280.4,2531,1.0066,2.3095,4.4021,7.7254
2023-09-20,1,4691,30.4,1,279.3,4149.4,866.4,221.7,134.9,3670.3,41065,274.5,2935,0.9058,2.2981,4.9788,8.1744
2023-09-21,1,4849,31.0,1,281.1,4336.4,816.7,203.5,106.0,3604.7,39052,300.0,3075,0.7902,2.4638,5.1918,8.4376
2023-09-22,1,4624,35.3,0,276.7,4263.0,890.0,166.2,146.8,3832.9,36015,278.0,2587,0.7845,2.3611,4.4764,7.6582
2023-09-23,1,1619,32.1,0,280.7,3177.0,868.0,117.4,96.2,1892.0,22979,143.3,862,0.5369,1.6163,1.5914,3.7458
2023-09-24,1,1498,30.5,0,278.4,2891.1,844.9,153.4,103.2,2081.4,24206,139.7,849,0.6495,1.4323,1.5934,3.664
2023-09-25,1,4555,29.1,1,276.4,4298.0,863.6,162.0,123.6,3756.8,34708,290.6,2754,0.7197,2.4041,4.723,7.8219
2023-09-26,1,4557,27.4,2,277.1,3973.8,863.9,162.7,102.3,3865.5,35852,301.7,2463,0.6723,2.1769,4.3049,7.1591
2023-09-27,1,4990,28.6,2,270.5,4311.3,835.1,200.0,100.7,4085.4,38518,311.9,2875,0.7686,2.4333,4.9547,8.1426
2023-09-28,1,4701,31.5,2,276.9,4563.0,870.3,197.6,117.2,3998.4,36985,286.7,2670,0.8003,2.5849,4.6249,8.0009
2023-09-29,1,5024,33.3,2,271.4,4804.3,829.3,208.8,143.0,3855.3,40409,290.3,2707,0.8899,2.7825,4.6659,8.317
2023-09-30,1,1421,29.8,1,271.1,2631.7,836.2,125.9,111.5,1816.8,22640,147.0,636,0.595,1.2568,1.245,3.1017
2023-10-01,3,1899,34.3,0,276.6,3873.7,821.4,194.4,102.3,2232.0,22730,198.4,1375,0.7573,2.1366,2.4264,5.7134
2023-10-02,3,6200,29.1,2,272.7,4680.7,839.8,232.6,133.6,5041.7,42206,384.0,3866,0.932,2.6886,6.5895,11.0372
2023-10-03,3,5579,30.1,2,276.0,4963.8,815.6,254.2,130.2,4585.0,42600,346.5,3348,0.982,2.9037,5.7409,10.3831
2023-10-04,3,5428,28.1,2,276.4,4285.3,799.7,242.4,160.5,4334.8,40941,331.4,3413,1.0204,2.4399,5.8011,10.0202
2023-10-05,3,6001,32.5,1,276.5,4934.1,821.1,261.2,127.4,4739.8,42178,367.2,3614,0.9943,2.8791,6.1677,10.8565
2023-10-06,3,5621,34.8,2,273.3,5265.6,808.0,267.2,174.0,4861.8,46333,359.8,3745,1.118,3.1203,6.3767,11.4669
2023-10-07,3,1843,26.2,0,278.7,2276.5,852.4,163.2,125.3,1917.7,28432,178.7,1300,0.7268,0.9969,2.2691,4.3333
2023-10-08,3,1741,29.1,1,275.7,3452.5,782.3,156.8,127.9,2287.1,26407,170.1,1457,0.7157,1.8691,2.5444,5.5785
2023-10-09,3,5818,32.6,2,277.3,5079.9,849.1,207.6,150.5,4910.6,44056,346.6,3320,0.904,2.9616,5.7385,10.4041
2023-10-10,3,5599,26.5,2,272.4,4361.0,790.1,196.4,137.1,4655.6,42239,376.0,3556,0.8431,2.4996,6.0745,10.1378
2023-10-11,1,4697,30.7,1,275.5,4050.5,751.8,190.7,136.7,4166.9,35471,275.7,2832,0.8269,2.3091,4.8827,8.0035
2023-10-12,1,4810,32.0,2,279.3,4909.3,793.0,194.2,146.3,4051.1,40057,279.6,2765,0.8584,2.8814,4.7715,8.4992
2023-10-13,1,4548,29.4,1,278.9,3609.3,813.0,168.0,119.8,3788.9,38634,281.6,2541,0.727,1.9574,4.4045,7.1048
2023-10-14,1,1387,30.3,0,273.6,2420.8,814.9,115.8,75.1,1675.9,20266,135.0,777,0.4838,1.1241,1.4334,3.0283
2023-10-15,1,1451,32.8,0,274.4,2986.8,801.7,169.6,88.2,1872.1,24502,152.6,975,0.6583,1.5296,1.7632,3.937
2023-10-16,1,4472,33.1,1,273.0,4370.3,769.5,209.8,117.1,3795.3,37389,288.9,2376,0.8328,2.5206,4.1607,7.4956
2023-10-17,1,4653,28.5,1,274.0,4123.0,782.2,166.0,149.4,3785.5,36963,269.8,2825,0.79,2.3386,4.8243,7.9603
2023-10-18,1,4751,27.4,2,271.8,3880.2,764.4,185.8,122.8,3711.9,41729,279.7,2813,0.7816,2.1811,4.8033,7.7819
2023-10-19,1,4657,26.4,0,275.6,2899.4,810.9,202.8,132.3,3570.6,41139,274.1,2654,0.8491,1.4619,4.5452,6.8259
2023-10-20,1,4680,30.4,1,277.9,4273.1,808.1,180.5,145.9,3835.0,36976,295.0,2675,0.8208,2.4255,4.6165,7.85
2023-10-21,1,1510,25.1,0,273.6,2621.8,812.4,119.4,112.3,1569.7,23941,148.1,887,0.5794,1.2666,1.5927,3.3913
2023-10-22,1,1395,27.4,0,275.7,2088.6,758.2,127.7,94.9,1680.0,23247,133.3,1108,0.5615,0.9313,1.9306,3.3635
2023-10-23,1,4854,28.1,1,275.3,3550.8,787.3,221.4,139.0,3471.8,37286,296.0,2878,0.9144,1.9344,4.878,7.739
2023-10-24,1,4988,26.6,1,279.2,3700.3,862.2,225.8,119.6,4142.5,37292,285.9,2723,0.8814,1.9867,4.7214,7.5974
2023-10-25,1,4646,28.2,1,274.2,3556.4,812.5,177.4,146.1,3988.2,38426,275.2,2616,0.8129,1.9207,4.538,7.2759
2023-10-26,1,4817,33.1,1,274.3,4112.0,789.0,206.8,151.8,3900.8,41762,276.2,2588,0.9049,2.3261,4.4869,7.7576
2023-10-27,1,4686,27.0,2,273.5,4161.3,769.0,194.2,103.2,4135.0,40471,287.6,2378,0.7588,2.3746,4.2048,7.2963
2023-10-28,1,1579,26.2,1,272.6,3174.0,818.5,116.2,120.4,2121.5,26052,147.8,707,0.5895,1.6488,1.3894,3.5758
2023-10-29,1,1795,29.3,0,277.6,2316.9,843.5,135.8,86.0,2099.3,21206,144.0,1063,0.5626,1.0314,1.9176,3.4835
2023-10-30,1,4821,27.4,2,275.6,4564.4,770.6,169.0,141.8,3868.6,34892,297.0,3025,0.7805,2.6557,5.1458,8.529
2023-10-31,1,4410,29.9,0,276.2,3178.4,774.6,215.0,129.1,3571.3,38437,286.1,2737,0.8744,1.6827,4.6743,7.2161
2023-11-01,3,5851,27.0,2,279.8,4715.6,818.4,279.5,144.3,4808.9,46689,343.9,3436,1.0824,2.728,5.8998,10.5017
2023-11-02,3,5992,26.0,2,280.0,4956.8,821.5,238.8,143.8,4769.6,45363,358.7,3582,0.9722,2.8947,6.1204,10.7936
2023-11-03,3,5730,22.5,2,271.1,4452.5,798.6,228.9,128.9,4731.3,42716,357.0,3404,0.9112,2.5577,5.8472,10.0871
2023-11-04,3,2025,22.7,0,277.9,2398.4,852.6,199.7,107.2,2447.5,30139,184.0,960,0.7828,1.0821,1.8255,3.9949
2023-11-05,3,1722,22.1,0,276.7,2592.8,779.1,197.8,91.4,2106.3,27789,154.0,1219,0.7412,1.2696,2.1589,4.4932
2023-11-06,3,5502,26.8,2,274.6,4477.4,798.7,214.5,121.4,4688.5,44356,335.3,3586,0.8553,2.5751,6.1058,10.2859
2023-11-07,3,5795,22.9,2,277.0,4518.4,823.2,241.1,129.0,4631.8,40197,348.1,3566,0.9441,2.5866,6.0735,10.3836
2023-11-08,3,5453,28.5,1,270.8,4133.5,805.4,236.9,121.0,4464.7,42721,336.3,3185,0.9144,2.3297,5.4774,9.381
2023-11-09,3,5726,25.7,1,280.4,4151.4,800.0,226.1,135.8,4454.2,46443,349.1,3419,0.9196,2.346,5.834,9.7482
2023-11-10,3,6001,25.0,2,277.5,4067.7,793.3,256.5,154.3,4751.9,45354,381.8,3671,1.0439,2.2921,6.2621,10.3757
2023-11-11,1,1170,23.5,0,273.4,1755.6,785.8,115.7,78.4,2013.9,24621,125.1,817,0.4912,0.6789,1.5308,2.7067
2023-11-12,1,1283,26.6,0,274.2,1862.8,843.1,121.2,105.0,1533.4,23454,112.1,711,0.5674,0.7138,1.308,2.6284
2023-11-13,1,4543,23.4,0,270.9,2780.2,767.3,189.5,127.7,3795.4,37272,280.5,2749,0.8028,1.409,4.7164,6.9456
2023-11-14,1,4718,22.8,1,275.1,2957.5,796.9,162.2,127.3,3743.4,40340,308.3,2722,0.7288,1.5124,4.683,6.932
2023-11-15,1,4663,27.5,1,274.6,3450.1,824.0,148.7,131.2,3392.6,36379,282.8,2747,0.7016,1.8383,4.6658,7.1978
2023-11-16,1,4981,25.6,2,272.0,3716.7,770.9,219.9,155.7,4088.8,37538,293.9,2720,0.949,2.0621,4.7142,7.705
2023-11-17,1,4901,24.1,1,278.3,3781.9,824.2,181.9,113.2,3838.5,37723,291.9,2719,0.749,2.0704,4.6818,7.4942
2023-11-18,1,1602,26.0,0,279.8,1975.9,776.0,185.8,119.1,1950.7,24771,154.1,703,0.7731,0.8399,1.3654,3.0022
2023-11-19,1,1540,24.4,0,275.9,1769.7,818.2,181.1,107.9,2032.9,21570,140.6,1001,0.7346,0.666,1.8152,3.2274
2023-11-20,1,4800,25.2,1,275.1,3461.6,813.7,185.3,132.3,3918.2,39476,272.8,2732,0.8022,1.8535,4.7028,7.3819
2023-11-21,1,4574,22.4,1,277.3,3760.6,824.5,243.8,147.6,3795.0,36915,272.8,2005,0.9943,2.0553,3.5967,6.649
2023-11-22,1,4883,28.6,1,275.9,3776.9,796.1,218.5,128.8,3771.2,40045,294.0,2919,0.8831,2.0866,4.9754,7.9225
2023-11-23,1,4529,22.7,1,272.8,3301.6,815.9,177.3,133.6,3835.2,33207,285.2,2802,0.7838,1.74,4.8015,7.3543
2023-11-24,1,4880,27.3,2,274.0,4512.5,814.5,141.0,125.4,3891.5,40040,287.6,2684,0.6676,2.5886,4.6344,7.9173
2023-11-25,1,1727,23.4,0,275.1,2375.5,852.9,156.2,110.2,1611.0,27660,149.2,1088,0.6732,1.0658,1.9008,3.6444
2023-11-26,1,1551,25.4,0,276.7,2263.3,843.0,138.6,83.0,2010.5,25304,145.3,862,0.5632,0.9942,1.6072,3.1785
2023-11-27,1,4697,25.2,1,276.0,3221.9,790.6,204.0,130.6,4016.1,37781,277.0,2343,0.8484,1.7019,4.1324,6.6953
2023-11-28,1,4801,26.0,0,276.6,3087.8,809.8,191.4,142.8,4143.2,39722,289.9,3136,0.8428,1.5946,5.3436,7.7693
2023-11-29,1,4214,21.5,0,271.4,2365.4,801.5,160.7,141.3,3903.4,37987,270.2,2407,0.7571,1.0947,4.2119,6.0572
2023-11-30,1,4784,25.6,1,278.0,3277.2,843.4,186.7,120.1,4005.3,39034,276.0,2811,0.7778,1.7037,4.833,7.2918
2023-12-01,0,831,27.2,0,276.0,2566.3,830.8,140.5,96.3,1507.7,22566,116.1,370,0.599,1.2149,0.7949,2.1326
2023-12-02,0,263,22.5,0,283.7,2149.0,856.3,106.9,63.4,1259.5,22087,73.8,99,0.4329,0.9049,0.3395,1.4012
2023-12-03,0,400,23.1,0,274.8,1955.7,906.3,109.3,47.5,988.3,21050,80.2,261,0.4026,0.7346,0.5525,1.4066
2023-12-04,0,838,21.8,1,277.0,1961.1,832.1,91.7,73.8,1118.6,20079,104.8,298,0.4162,0.7903,0.6344,1.5235
2023-12-05,0,646,22.1,0,284.5,1584.4,905.0,123.6,95.3,1214.7,22993,120.5,680,0.5514,0.4756,1.2269,1.8721
2023-12-06,0,826,26.5,0,276.6,1935.8,844.8,100.4,84.7,1642.0,21247,91.6,630,0.4647,0.7637,1.1896,1.9737
2023-12-07,0,863,20.4,0,275.8,1903.8,794.1,145.7,77.3,1316.1,21685,108.3,594,0.569,0.7768,1.1042,1.9797
2023-12-08,0,872,20.5,0,273.0,1625.5,847.3,109.5,86.3,1524.4,21855,113.9,480,0.4928,0.5447,0.9607,1.6347
2023-12-09,0,302,26.0,0,280.6,1870.4,896.6,108.9,79.0,1190.4,21012,102.6,50,0.4743,0.6817,0.2703,1.1676
2023-12-10,0,459,23.8,0,272.5,2315.1,862.1,165.9,89.8,1228.5,23076,119.0,452,0.652,1.0171,0.8859,2.112
2023-12-11,0,656,27.0,1,277.3,2755.1,870.3,115.1,58.7,1076.7,20799,99.5,490,0.4441,1.3194,0.9152,2.2093
2023-12-12,0,883,21.3,0,274.6,2010.0,858.9,116.2,84.1,1509.1,24825,121.2,440,0.5057,0.8058,0.9031,1.8412
2023-12-13,0,1083,22.5,0,275.4,1734.5,851.2,142.4,89.9,1495.6,22845,122.6,433,0.5893,0.6183,0.891,1.6705
2023-12-14,0,539,20.7,0,271.7,1447.8,877.3,80.4,61.0,1540.7,22788,98.0,50,0.3564,0.3994,0.3108,0.8546
2023-12-15,0,884,22.4,0,280.0,1634.0,873.1,153.4,64.9,1652.7,22070,118.1,518,0.561,0.5326,1.0351,1.7433
2023-12-16,0,167,18.1,0,275.2,1351.8,855.8,134.9,71.5,934.0,17815,63.5,52,0.5267,0.3472,0.224,0.9123
2023-12-17,0,206,23.4,1,272.4,2336.9,876.3,125.2,77.6,1345.6,22325,83.7,333,0.5148,1.0224,0.7053,1.8912
2023-12-18,0,688,22.6,0,279.8,2008.1,885.2,48.1,83.4,1388.4,19831,111.4,578,0.3216,0.786,1.0897,1.7773
2023-12-19,0,821,21.7,0,274.5,1687.9,911.0,119.1,76.5,1108.1,20270,101.6,483,0.4959,0.5438,0.9093,1.5804
2023-12-20,0,1183,20.9,0,277.0,2060.5,901.9,103.3,80.2,1619.4,20708,133.7,672,0.4621,0.811,1.2687,2.0737
2023-12-21,0,624,19.7,0,278.5,2275.5,878.8,146.0,76.6,1581.2,22902,82.3,155,0.5682,0.9777,0.4661,1.6313
2023-12-22,0,641,23.2,0,277.4,2406.4,869.5,144.7,87.2,1149.8,23398,105.0,563,0.5892,1.0758,1.0367,2.1933
2023-12-23,0,80,19.0,0,269.4,1968.7,861.1,120.0,94.6,937.3,19008,94.7,50,0.5401,0.7753,0.2358,1.2732
2023-12-24,0,583,22.6,0,278.1,1838.6,965.6,94.0,48.7,1016.7,18678,98.6,447,0.3644,0.6111,0.8425,1.5153
2023-12-25,0,768,26.0,0,275.7,2233.5,896.8,156.7,93.6,1160.0,21213,97.8,657,0.6362,0.9357,1.1751,2.2555
2023-12-26,0,847,24.7,0,275.0,2296.3,922.9,119.5,83.5,1275.0,21013,96.0,389,0.5131,0.9614,0.786,1.8321
2023-12-27,0,779,18.1,0,275.7,1407.3,877.1,163.7,92.2,1162.0,19417,114.7,303,0.6517,0.3711,0.6514,1.368
2023-12-28,0,681,20.2,0,271.2,2292.0,871.4,128.1,101.0,1210.9,19980,116.8,839,0.5766,0.9944,1.4624,2.4614
2023-12-29,0,809,22.2,0,276.6,1794.5,915.2,135.7,73.4,1714.5,22308,110.7,576,0.5332,0.6155,1.1262,1.8901
2023-12-30,0,715,21.1,0,271.9,1775.4,950.4,112.7,97.7,1336.8,19914,101.6,365,0.5277,0.5775,0.7596,1.5659
2023-12-31,0,523,18.2,1,275.1,2298.0,890.0,150.4,62.5,1365.7,20722,75.4,527,0.5474,0.9856,0.9945,2.0327
2024-01-01,0,711,22.0,0,304.5,1996.8,1010.2,136.2,85.4,1537.3,17789,108.5,357,0.5623,0.6906,0.7741,1.6679
2024-01-02,0,981,21.1,1,307.2,2206.7,1061.8,159.4,83.1,1308.7,25143,110.9,628,0.6192,0.8014,1.1565,2.0937
2024-01-03,0,715,25.3,1,301.5,2394.9,1064.0,126.8,84.3,1193.6,20298,99.6,312,0.5346,0.9316,0.6621,1.7468
2024-01-04,0,545,20.6,0,308.4,2011.9,1062.8,118.8,66.7,1375.7,21855,118.9,313,0.4725,0.6644,0.6946,1.4997
2024-01-05,0,1048,23.7,0,306.8,2047.9,1067.6,142.0,94.1,1435.6,22741,100.5,559,0.5979,0.6862,1.0628,1.891
2024-01-06,0,486,18.3,0,302.7,1960.8,1018.5,150.5,104.6,1327.2,20766,76.9,147,0.645,0.6596,0.4206,1.4449
2024-01-07,0,465,18.8,0,300.7,1772.7,1005.3,140.7,66.0,1490.2,17915,98.7,313,0.5295,0.5372,0.6981,1.4434
2024-01-08,0,780,22.6,0,299.7,2109.8,1010.6,127.1,87.2,1121.6,19907,105.5,337,0.5421,0.7694,0.6935,1.6324
2024-01-09,0,835,23.4,0,304.8,2216.7,1039.4,84.2,97.9,1353.5,20179,106.3,588,0.4518,0.8241,1.0983,1.9498
2024-01-10,0,1000,18.9,0,301.8,2239.1,1060.9,145.8,82.5,1484.3,22246,123.3,525,0.5813,0.8247,1.0278,1.974
2024-01-11,0,935,21.1,1,307.6,2596.2,1049.5,95.2,106.6,1385.0,24314,120.1,233,0.5014,1.0827,0.577,1.7675
2024-01-12,0,794,18.0,1,302.0,2696.7,1071.0,125.1,78.1,1282.8,22115,99.0,572,0.5157,1.138,1.0631,2.1818
2024-01-13,0,80,20.6,0,301.3,1994.9,1058.9,108.9,74.2,861.0,16715,71.5,161,0.4633,0.6552,0.382,1.1715
2024-01-14,0,297,22.8,0,304.7,2514.2,1069.3,84.2,63.7,1081.4,19405,89.0,578,0.3728,1.0114,1.0426,1.9658
2024-01-15,0,1059,20.0,0,301.9,2310.3,1100.0,137.3,89.6,1586.3,22303,124.7,617,0.5749,0.8472,1.1787,2.1194
2024-01-16,0,649,20.5,0,304.0,1876.2,1066.0,169.1,82.8,1474.0,20094,110.0,409,0.6445,0.5671,0.8459,1.6432
2024-01-17,0,980,18.5,0,307.0,1738.4,1141.2,120.8,96.3,1503.1,22088,112.1,655,0.5462,0.418,1.2199,1.7786
2024-01-18,0,925,19.6,0,304.4,1894.9,1121.3,143.5,76.6,1674.8,23260,120.8,720,0.5615,0.5415,1.3423,1.9919
2024-01-19,0,1000,24.9,0,304.4,1893.7,1080.4,179.8,76.8,1413.5,20904,131.4,752,0.6593,0.5693,1.363,2.1236
2024-01-20,0,434,21.2,0,304.6,1982.8,1140.6,136.8,87.1,952.8,19200,95.1,309,0.5678,0.5895,0.6264,1.478
2024-01-21,0,152,18.9,1,298.9,2122.9,1066.6,98.5,97.8,939.4,20406,80.6,82,0.4899,0.7394,0.2781,1.2789
2024-01-22,0,574,20.4,0,305.2,2192.0,1154.4,125.5,91.3,1339.1,21255,98.0,485,0.5472,0.7263,0.9387,1.8247
2024-01-23,0,769,17.6,0,304.5,1565.6,1132.5,134.4,111.9,1531.7,23532,102.2,433,0.6187,0.3032,0.8864,1.4581
2024-01-24,0,1025,18.9,0,306.7,1561.3,1097.5,160.0,95.6,1798.3,24890,109.9,362,0.6496,0.3247,0.8157,1.4845
2024-01-25,0,767,24.1,0,305.8,1891.3,1106.0,150.5,92.0,1427.8,18772,105.9,175,0.6159,0.5497,0.4871,1.3902
2024-01-26,0,740,20.9,0,303.4,1701.1,1124.0,62.4,94.1,1494.3,21627,113.7,376,0.3846,0.404,0.801,1.2754
2024-01-27,0,80,25.4,0,307.1,1487.3,1174.4,92.6,98.3,1196.0,17422,67.9,68,0.4752,0.219,0.2813,0.7734
2024-01-28,0,592,21.0,0,303.1,1720.5,1138.1,119.1,100.7,1126.8,18329,100.7,788,0.5518,0.4077,1.368,1.873
2024-01-29,0,1013,21.2,0,304.7,1785.0,1148.3,105.9,70.9,1490.2,20834,118.3,566,0.4476,0.4457,1.0873,1.61
2024-01-30,0,1003,22.7,1,303.1,2503.3,1152.8,46.7,99.0,2020.6,21671,141.5,590,0.3538,0.9454,1.1976,2.0567
2024-01-31,0,1039,15.5,0,305.4,1827.6,1115.4,112.7,91.4,1698.3,21834,130.4,530,0.5132,0.4985,1.064,1.7392
2024-02-01,1,4909,21.8,0,302.9,2738.9,1181.0,198.3,131.0,4035.5,37525,304.4,2959,0.8341,1.0905,5.071,7.0179
2024-02-02,1,4761,21.3,0,308.9,2843.8,1221.7,184.1,105.5,4012.7,37972,300.3,2812,0.7371,1.1355,4.8461,6.7283
2024-02-03,1,1508,24.8,0,310.1,2360.5,1217.3,115.2,70.0,1594.5,28738,136.3,760,0.4704,0.8002,1.4013,2.6731
2024-02-04,1,1461,23.7,0,306.6,2468.4,1178.2,137.2,87.1,1689.4,21031,157.3,665,0.5689,0.9031,1.2773,2.7591
2024-02-05,1,5279,19.1,1,308.6,3522.6,1179.2,212.6,116.4,3990.8,42219,314.5,2989,0.8387,1.6404,5.1166,7.6069
2024-02-06,1,4905,24.4,2,299.4,3976.8,1143.0,188.0,128.7,4016.4,38568,295.2,2693,0.8011,1.9837,4.6659,7.4833
2024-02-07,1,4721,21.1,1,299.7,3308.2,1147.5,225.2,142.4,3760.6,37040,272.9,2697,0.9325,1.5125,4.6307,7.0751
2024-02-08,1,4889,19.8,2,303.0,4039.6,1250.1,199.3,125.0,3948.3,34901,290.2,2861,0.8229,1.9526,4.9064,7.6884
2024-02-09,1,4623,22.2,2,304.1,3954.7,1200.5,174.0,131.7,3710.3,38790,261.8,2591,0.7705,1.9279,4.4612,7.1495
2024-02-10,1,1808,21.4,0,303.4,2510.6,1226.9,117.8,80.6,1728.2,23000,153.4,1310,0.5019,0.8986,2.2483,3.6516
2024-02-11,1,1419,25.3,0,299.1,1619.8,1213.0,130.9,96.5,1939.1,25450,131.9,1032,0.5737,0.2848,1.8477,2.6998
2024-02-12,1,4895,22.7,1,307.5,3334.9,1233.4,222.6,141.4,3617.7,41693,290.5,2798,0.9232,1.471,4.7744,7.1389
2024-02-13,1,4997,22.5,0,310.5,2987.5,1223.3,181.8,113.6,3867.2,36678,283.2,2725,0.7496,1.2349,4.69,6.6964
2024-02-14,1,4874,24.1,1,307.8,3384.2,1253.3,210.8,122.2,3685.1,40574,302.8,2822,0.8472,1.4916,4.8236,7.1997
2024-02-15,1,4822,24.6,1,307.3,3134.9,1215.8,198.9,113.9,3731.3,38298,299.1,2773,0.7962,1.3434,4.7533,6.8919
2024-02-16,1,4807,24.0,0,304.7,2517.8,1252.0,240.4,140.3,3916.7,34420,311.6,2777,0.9684,0.8861,4.786,6.6488
2024-02-17,1,1527,25.5,0,301.5,2368.4,1202.5,146.1,95.8,2069.0,22245,163.7,814,0.6128,0.8161,1.5496,3.0001
2024-02-18,1,1434,23.8,0,304.2,1883.0,1233.0,120.5,91.5,1508.1,24344,141.4,643,0.5343,0.455,1.2164,2.2021
2024-02-19,1,4724,22.9,2,310.3,3420.2,1262.4,211.2,129.8,3728.6,38563,299.9,2746,0.8659,1.5105,4.713,7.094
2024-02-20,1,5071,25.3,2,302.9,4213.5,1282.3,218.2,140.7,3729.2,36453,306.3,2878,0.9098,2.0518,4.9133,7.8695
2024-02-21,1,4785,22.5,1,302.6,3489.9,1189.7,187.4,137.6,3757.7,38154,285.2,2728,0.8201,1.6101,4.6827,7.0992
2024-02-22,1,4663,22.8,0,307.3,2792.4,1332.6,168.3,123.5,3804.0,39067,281.5,2721,0.7363,1.0219,4.6764,6.4476
2024-02-23,1,4712,26.6,0,307.5,2780.0,1259.4,206.6,122.0,3959.5,39588,294.7,2720,0.8355,1.0644,4.6996,6.6124
2024-02-24,1,1736,26.5,0,301.5,2292.3,1255.7,142.6,94.9,1595.0,24548,202.2,1020,0.6014,0.7256,1.8198,3.1698
2024-02-25,1,1659,23.0,0,303.2,2447.6,1280.5,106.5,92.1,2027.7,25757,163.7,891,0.4982,0.817,1.6612,2.9763
2024-02-26,1,4906,22.1,1,302.5,2978.6,1279.6,203.9,164.8,3766.6,40536,298.7,2910,0.9271,1.1893,4.9636,7.05
2024-02-27,1,4758,26.4,0,304.2,2598.7,1303.9,181.6,126.3,3631.0,39518,294.9,2630,0.7784,0.9064,4.5253,6.2378
2024-02-28,1,4908,25.1,1,307.3,3247.1,1315.3,165.0,138.2,3955.1,40218,301.6,2651,0.7614,1.3523,4.5989,6.6942
2024-02-29,1,4689,24.1,0,301.6,2821.5,1331.0,186.7,138.3,3920.1,37898,284.9,2559,0.8198,1.0434,4.4485,6.2929
2024-03-01,1,4758,22.8,1,307.3,3235.3,1326.6,223.9,153.1,3831.9,37813,298.2,2638,0.9537,1.3361,4.5624,6.8389
2024-03-02,1,1712,24.3,0,304.3,2310.9,1296.7,167.4,83.4,1764.7,25680,150.2,761,0.6413,0.7099,1.4286,2.7362
2024-03-03,1,1695,23.7,1,311.0,2942.9,1318.5,161.3,115.4,1932.7,23744,139.1,678,0.6989,1.1371,1.3186,3.1491
2024-03-04,1,4628,22.4,1,305.0,3406.9,1296.1,199.2,128.3,3638.8,39439,289.0,2775,0.8302,1.4776,4.741,7.0643
2024-03-05,1,4651,24.2,1,303.7,3485.4,1341.2,206.8,168.3,3892.3,34779,291.7,2927,0.943,1.5009,4.9993,7.4324
2024-03-06,1,4824,24.6,0,305.7,2930.3,1365.2,199.0,138.3,4084.4,37353,290.3,2898,0.8528,1.0956,4.979,6.9608
2024-03-07,1,5116,23.3,1,303.0,3449.2,1338.6,177.8,118.0,4254.0,39422,308.9,2880,0.7491,1.4774,4.9813,7.2397
2024-03-08,1,4460,26.2,1,298.6,3097.5,1219.0,170.4,125.6,3661.6,37577,287.2,2278,0.7468,1.3149,3.9969,6.0809
2024-03-09,1,1588,27.2,0,303.3,2101.0,1266.1,125.2,114.1,2086.6,25853,145.8,956,0.5991,0.5844,1.7578,2.8929
2024-03-10,1,1290,26.6,0,303.2,1879.5,1325.3,164.0,91.7,1516.0,26098,127.7,459,0.6513,0.3879,0.9357,2.0108
2024-03-11,1,4691,24.0,1,299.2,3310.3,1307.4,218.1,130.4,4129.3,37842,277.6,2705,0.8857,1.402,4.6893,6.9711
2024-03-12,1,4739,26.4,1,303.8,3581.4,1335.7,171.5,142.7,3653.4,36611,285.2,2605,0.7893,1.572,4.4852,6.8884
2024-03-13,1,4729,25.0,1,297.8,2980.9,1343.6,196.3,126.6,3466.6,37601,306.2,2332,0.8185,1.1461,4.0631,6.0126
2024-03-14,1,4709,22.2,1,303.0,3371.9,1368.7,185.9,128.3,4065.4,37203,284.5,2998,0.7946,1.4022,5.124,7.3174
2024-03-15,2,5287,26.5,2,304.7,4131.0,1353.9,201.8,124.3,4050.1,41141,317.2,2840,0.828,1.944,4.9011,7.9822
2024-03-16,2,1595,25.5,1,304.3,2596.4,1313.0,126.9,120.1,1909.9,22778,142.9,861,0.6175,0.8984,1.5918,3.2087
2024-03-17,2,1428,31.0,1,302.8,3305.8,1317.0,166.6,73.8,1599.8,23682,134.3,805,0.617,1.3922,1.467,3.5747
2024-03-18,2,5426,28.6,2,303.7,4340.7,1356.7,207.3,142.7,4689.6,43710,308.6,3062,0.8852,2.0888,5.3077,8.5531
2024-03-19,2,5421,27.1,2,301.6,4616.1,1359.2,212.3,147.3,4588.9,41092,320.1,3228,0.9092,2.2798,5.549,9.1614
2024-03-20,2,5437,26.2,2,304.0,4314.8,1332.1,212.8,140.0,4549.3,38940,313.5,3020,0.8937,2.0879,5.2287,8.497
2024-03-21,2,5008,26.2,2,304.2,4471.8,1383.0,177.5,116.3,4020.9,38422,315.6,2973,0.7444,2.1622,5.0956,8.2808
2024-03-22,2,5339,23.7,2,301.3,4082.7,1312.6,208.5,124.1,4386.7,36404,314.0,3154,0.8455,1.9391,5.4096,8.5362
2024-03-23,2,1813,22.2,2,304.8,3281.5,1308.5,166.0,104.6,2014.5,25509,156.1,804,0.6865,1.3811,1.5256,3.7014
2024-03-24,2,1506,24.3,1,304.8,3283.5,1356.1,169.5,81.4,2035.7,27291,140.6,916,0.6423,1.3492,1.6897,3.7882
2024-03-25,2,5287,26.2,2,303.5,3902.0,1409.2,179.9,107.4,4104.0,38070,317.4,2877,0.7302,1.745,4.9622,7.6631
2024-03-26,2,5264,21.8,2,311.3,4514.7,1451.0,171.3,144.0,4448.9,37488,329.8,2843,0.7917,2.1446,4.958,8.2174
2024-03-27,2,5617,25.4,2,303.6,4738.1,1340.8,212.5,129.3,4299.6,40416,315.3,3310,0.8682,2.3781,5.635,9.2098
2024-03-28,2,5632,26.1,2,303.2,4591.0,1343.5,235.8,152.1,4329.3,43313,331.8,3193,0.9833,2.2732,5.4713,9.0931
2024-03-29,2,4986,26.4,2,302.7,4191.9,1400.7,207.7,131.8,3907.3,42010,280.5,2959,0.8611,1.9538,5.0462,8.1737
2024-03-30,2,2140,25.5,2,301.1,3890.7,1365.8,163.5,96.9,2261.4,27795,186.0,1310,0.662,1.7674,2.3284,4.9503
2024-03-31,2,1527,26.3,0,306.1,2347.1,1436.2,107.6,94.1,1776.9,22099,142.4,629,0.5057,0.6376,1.2274,2.4543
2024-04-01,1,4981,31.0,1,301.9,3922.1,1403.7,187.1,117.7,4075.9,38880,281.2,3022,0.7733,1.7629,5.1603,7.6896
2024-04-02,1,4979,28.8,1,302.3,3751.2,1412.1,151.3,122.4,3900.4,42133,283.7,2939,0.6882,1.6374,5.0169,7.3201
2024-04-03,1,4626,26.3,1,302.4,3335.2,1371.2,190.1,126.6,3910.5,36870,292.9,2577,0.8019,1.3748,4.4776,6.6343
2024-04-04,1,4894,27.5,1,301.0,3437.0,1398.5,150.5,116.6,4207.6,38808,275.3,2814,0.6727,1.4269,4.8614,6.9337
2024-04-05,1,4785,27.7,2,298.7,4489.7,1429.2,225.4,143.1,3880.7,38530,293.7,2914,0.9346,2.1424,4.9804,8.0952
2024-04-06,1,1637,26.2,0,302.6,2063.4,1402.3,173.7,90.0,2314.2,22093,143.5,892,0.6734,0.4628,1.6869,2.8132
2024-04-07,1,1579,26.3,0,306.6,2255.0,1418.0,141.5,72.2,2081.9,26428,143.7,1297,0.546,0.5859,2.2679,3.3432
2024-04-08,1,5020,30.4,2,304.6,4190.2,1400.8,167.1,126.9,4397.3,40621,292.8,3180,0.741,1.9526,5.4416,8.1416
2024-04-09,1,4818,27.4,1,308.7,3662.2,1392.4,205.0,134.3,3876.1,34647,280.4,2815,0.8596,1.5889,4.8242,7.2526
2024-04-10,1,4775,26.0,0,306.3,2662.7,1395.5,236.9,125.6,3561.4,35660,284.0,2728,0.925,0.887,4.6579,6.4688
2024-04-11,1,5002,28.5,2,305.6,4036.0,1399.0,210.5,141.0,3874.1,37263,307.0,2868,0.8898,1.8459,4.9162,7.6452
2024-04-12,1,4909,29.0,2,309.6,4350.7,1400.3,224.4,142.5,3834.8,39965,292.4,2739,0.9306,2.0653,4.7122,7.7453
2024-04-13,1,1669,24.5,0,303.7,2408.7,1376.8,129.4,131.1,1763.2,23658,155.2,991,0.6496,0.7223,1.775,3.1374
2024-04-14,1,1418,28.9,0,304.2,2639.1,1357.8,116.4,109.3,1383.9,24678,135.9,946,0.5644,0.8969,1.6536,3.1354
2024-04-15,2,5097,31.0,2,304.0,4964.7,1399.8,200.2,111.6,4244.6,39080,311.7,2713,0.7943,2.4954,4.7308,8.3592
2024-04-16,2,5183,30.3,2,308.6,4737.8,1458.9,160.9,131.8,3778.7,39897,313.2,3122,0.7357,2.2952,5.2894,8.6189
2024-04-17,2,5174,34.3,2,304.0,5142.3,1413.7,252.9,133.1,4275.1,40623,301.3,3169,0.9852,2.61,5.4143,9.3746
2024-04-18,2,5427,32.3,2,302.1,5263.4,1406.0,210.8,148.8,4658.1,41284,307.8,3251,0.9087,2.7002,5.5864,9.5441
2024-04-19,2,5461,32.9,2,305.8,4988.1,1451.2,227.4,126.5,4145.7,40902,332.2,3144,0.9016,2.4758,5.3752,9.0726
2024-04-20,2,1663,36.0,1,301.6,4314.4,1455.5,129.8,87.0,2000.8,25573,140.1,1060,0.5488,2.0012,1.9008,4.5988
2024-04-21,2,1949,31.6,1,305.6,3978.6,1489.6,111.1,79.7,2036.6,26576,168.7,1364,0.4819,1.7423,2.3743,4.8029
2024-04-22,2,5532,30.5,2,305.2,4656.1,1435.2,240.9,132.4,4478.7,40857,324.3,3198,0.9515,2.2546,5.4926,9.1127
2024-04-23,2,5329,32.4,2,303.4,4866.1,1416.8,181.2,130.5,3989.0,39606,309.2,3095,0.7871,2.4145,5.2722,8.7926
2024-04-24,2,5137,29.1,2,305.7,4481.1,1424.8,210.1,131.9,4061.2,42960,311.3,3363,0.8678,2.1394,5.6848,9.0451
2024-04-25,2,5569,30.7,2,299.5,4525.0,1421.3,220.0,124.0,4554.6,40593,342.0,3285,0.876,2.1726,5.6401,9.0441
2024-04-26,2,5274,29.2,2,304.5,4544.0,1426.5,206.6,153.0,4161.1,42611,319.8,2878,0.9071,2.1822,4.973,8.3716
2024-04-27,2,1714,31.6,1,302.6,3941.6,1418.0,123.6,102.7,1669.5,23966,153.7,1151,0.5685,1.7665,2.0032,4.5469
2024-04-28,2,1630,29.5,1,312.6,3070.6,1466.8,136.0,72.8,2134.1,26304,167.8,1018,0.5326,1.1227,1.8665,3.7176
2024-04-29,2,5125,29.5,2,304.5,5010.8,1407.5,181.3,136.9,3844.2,42736,285.5,2855,0.8021,2.5223,4.8851,8.523
2024-04-30,2,5021,32.1,2,302.2,4828.6,1362.0,218.2,111.8,4027.2,38481,287.6,2713,0.843,2.4266,4.6937,8.3253
2024-05-01,0,979,31.0,0,299.9,3214.8,1392.8,140.2,106.9,1611.9,20910,113.5,611,0.6227,1.2754,1.1673,2.4999
2024-05-02,0,724,27.2,0,307.9,1992.2,1483.5,122.6,107.9,1370.5,20268,124.6,409,0.5778,0.3561,0.8401,1.4304
2024-05-03,0,1416,28.4,1,302.9,2949.2,1458.6,123.0,91.2,2234.7,23912,150.0,597,0.5403,1.0434,1.2383,2.3106
2024-05-04,0,81,29.2,1,301.6,2535.0,1440.5,157.8,63.2,1082.3,18920,58.0,50,0.5689,0.7662,0.2367,1.3105
2024-05-05,0,80,29.9,0,305.0,2153.1,1420.3,82.8,66.0,913.2,18264,73.4,50,0.3744,0.513,0.2231,0.9079
2024-05-06,0,957,32.9,0,305.9,3226.5,1416.7,93.2,79.7,1601.8,21263,102.2,544,0.4339,1.2669,1.0606,2.2827
2024-05-07,0,1140,32.6,0,305.9,3009.6,1476.5,128.7,87.1,1644.6,26306,125.8,750,0.5461,1.0732,1.3869,2.4707
2024-05-08,0,876,34.6,0,304.1,3323.0,1399.8,120.1,106.1,1451.1,21318,125.2,191,0.567,1.3462,0.5234,2.0318
2024-05-09,0,968,34.0,0,304.5,2665.6,1429.1,151.6,101.0,1544.0,20949,130.3,361,0.6396,0.8656,0.7917,1.8967
2024-05-10,0,533,34.8,0,304.7,3169.8,1470.5,133.8,96.0,1152.3,21734,102.2,221,0.5803,1.1895,0.5223,1.9178
2024-05-11,0,155,33.9,0,305.0,2556.6,1432.0,113.4,79.4,1034.4,20175,76.9,329,0.4873,0.7872,0.6583,1.5635
2024-05-12,0,84,33.2,0,305.3,2364.6,1422.0,122.5,58.7,861.1,20895,77.6,475,0.4639,0.6598,0.857,1.6191
2024-05-13,0,524,35.2,0,307.3,3105.6,1466.7,130.0,69.7,883.6,23671,106.8,305,0.5094,1.1472,0.6187,1.8657
2024-05-14,0,886,35.0,0,304.2,3163.2,1424.0,172.2,86.5,1654.6,22344,143.0,522,0.6613,1.2174,1.0526,2.3824
2024-05-15,0,461,33.9,0,301.5,2893.4,1413.3,123.9,62.5,1084.0,19417,81.5,50,0.4764,1.0361,0.2476,1.4181
2024-05-16,0,627,36.0,0,303.6,3345.8,1454.9,106.3,87.1,1314.2,17209,122.3,526,0.4861,1.3236,1.0069,2.3192
2024-05-17,0,768,28.1,0,306.3,2510.3,1364.7,128.2,96.3,1239.3,19537,112.5,526,0.566,0.8019,0.9942,1.9536
2024-05-18,0,127,32.8,0,298.6,3058.3,1400.0,54.7,84.7,847.3,18909,90.6,125,0.3423,1.1608,0.3356,1.5105
2024-05-19,0,348,32.9,0,298.7,2429.1,1371.0,115.5,86.8,928.7,17336,92.9,50,0.51,0.7407,0.2334,1.2435
2024-05-20,0,920,36.2,0,306.8,3640.1,1421.1,150.6,58.0,1641.1,19011,133.3,890,0.5376,1.5533,1.5976,2.997
2024-05-21,0,1026,37.2,1,308.6,4398.4,1435.8,141.7,107.3,1750.3,22428,125.1,869,0.6276,2.0738,1.5766,3.4982
2024-05-22,0,1000,30.7,1,300.2,3060.3,1375.5,134.6,63.5,1524.7,23598,112.2,633,0.5074,1.1794,1.19,2.3295
2024-05-23,0,1070,37.1,0,304.3,2953.8,1415.3,143.5,85.5,1466.8,22050,128.6,799,0.5821,1.077,1.439,2.5439
2024-05-24,0,865,31.5,0,302.8,2336.7,1410.5,149.8,94.7,1131.5,23247,127.4,511,0.6202,0.6483,0.9666,1.845
2024-05-25,0,331,31.7,0,303.2,2476.5,1405.9,147.3,84.4,1248.4,20500,89.9,340,0.5897,0.7494,0.7064,1.7109
2024-05-26,0,369,33.8,1,304.9,3890.5,1409.5,126.5,60.3,1007.0,21618,66.7,50,0.4783,1.7367,0.2323,1.9774
2024-05-27,0,890,33.7,0,300.1,2959.6,1379.6,119.1,69.2,1250.7,25650,113.7,107,0.479,1.106,0.3694,1.612
2024-05-28,0,793,31.1,1,300.7,2993.4,1380.7,73.4,88.8,1396.9,26036,111.9,231,0.4018,1.1289,0.5723,1.7604
2024-05-29,0,805,36.0,0,303.1,3021.9,1394.0,146.0,92.3,1339.0,22698,110.7,322,0.6045,1.1395,0.7003,1.9793
2024-05-30,0,718,36.2,0,303.6,2859.2,1368.5,134.3,67.0,1071.9,20188,101.4,301,0.5147,1.0435,0.6318,1.7649
2024-05-31,0,941,37.1,0,300.6,3585.3,1407.7,130.3,92.2,1234.9,22064,133.2,626,0.5622,1.5243,1.1537,2.6201
2024-06-01,0,260,33.9,0,306.4,2809.4,1397.8,99.5,55.4,1121.8,21924,58.2,104,0.3946,0.9881,0.3234,1.4146
2024-06-02,0,157,34.9,1,302.7,3990.6,1370.7,134.1,86.2,879.3,17052,83.2,86,0.5585,1.8339,0.2771,2.1709
2024-06-03,0,746,35.0,0,302.7,3234.9,1388.1,117.8,70.7,1454.4,23739,109.9,219,0.479,1.2928,0.5596,1.9237
2024-06-04,0,647,38.9,1,304.8,4233.1,1382.3,120.9,84.0,1327.5,20412,129.3,146,0.5181,1.9956,0.4426,2.4187
2024-06-05,0,1041,29.0,0,303.6,2386.5,1408.1,127.5,86.2,1734.0,22781,121.7,611,0.5408,0.6849,1.1862,2.0228
2024-06-06,0,879,33.2,1,306.5,3131.5,1409.8,135.7,103.0,1295.2,20238,119.9,412,0.6016,1.2052,0.8335,2.1847
2024-06-07,0,710,35.4,1,301.2,3402.2,1363.0,97.5,87.2,1382.1,18599,108.5,413,0.4627,1.4274,0.8398,2.2184
2024-06-08,0,422,33.1,0,299.8,2422.6,1375.0,130.0,71.1,1276.5,19270,95.1,343,0.5126,0.7333,0.7163,1.6015
2024-06-09,0,176,35.0,1,303.1,3697.2,1369.3,97.3,82.5,896.4,21085,104.1,397,0.4513,1.6295,0.7562,2.3461
2024-06-10,0,612,35.4,0,304.2,2986.7,1336.5,105.9,114.5,1482.3,19307,89.2,351,0.5483,1.1551,0.7503,1.9854
2024-06-11,0,1049,34.3,0,300.3,3308.4,1367.1,148.4,98.7,1250.5,25308,114.2,935,0.6257,1.3589,1.6115,2.9784
2024-06-12,0,768,35.9,0,299.8,3215.5,1292.0,101.9,83.3,1226.2,20194,118.6,519,0.4655,1.3464,0.9851,2.2873
2024-06-13,0,791,37.2,0,304.5,3258.8,1269.4,143.7,72.0,1083.8,19399,113.7,583,0.5514,1.3926,1.0615,2.4848
2024-06-14,0,872,35.4,1,301.7,3362.5,1359.1,127.9,76.2,1308.2,22119,110.8,695,0.5188,1.4024,1.256,2.6004
2024-06-15,0,482,35.0,0,299.6,3089.3,1340.1,82.4,91.0,1171.0,21247,95.8,409,0.431,1.2244,0.8035,2.0033
2024-06-16,0,280,35.7,0,306.9,2988.1,1367.5,145.1,65.1,1223.3,19515,98.6,50,0.5392,1.1344,0.272,1.5783
2024-06-17,0,649,36.1,0,302.1,3410.3,1368.1,128.5,82.8,1274.4,20998,110.0,571,0.5356,1.4295,1.0652,2.5283
2024-06-18,0,963,32.4,0,307.4,2636.5,1352.7,136.0,108.1,1389.9,24930,109.8,491,0.6142,0.8987,0.9602,2.0205
2024-06-19,0,778,37.3,0,304.1,3503.6,1325.8,146.2,86.6,1103.5,21438,112.9,506,0.5919,1.5245,0.9487,2.5903
2024-06-20,0,1205,35.3,0,304.9,3638.3,1355.1,164.7,73.3,1428.5,22214,128.6,723,0.6107,1.5982,1.3205,2.8979
2024-06-21,0,865,39.1,0,303.4,3641.3,1307.1,130.0,118.0,1492.1,19594,119.6,708,0.621,1.6339,1.3008,2.8944
2024-06-22,0,80,37.7,0,296.0,3433.1,1283.1,125.0,102.4,1108.3,20629,74.7,117,0.5715,1.505,0.3483,1.9487
2024-06-23,0,341,39.0,1,300.6,4107.1,1311.7,124.3,86.6,1036.0,18666,75.8,50,0.5332,1.9568,0.239,2.2686
2024-06-24,0,1215,34.3,0,303.6,3592.5,1323.0,124.3,108.7,1871.3,22512,137.7,1081,0.5842,1.5886,1.9148,3.347
2024-06-25,0,1149,35.7,0,305.1,3341.4,1309.0,95.8,84.8,1441.4,24719,133.3,817,0.4526,1.4227,1.4659,2.7603
2024-06-26,0,1194,33.9,0,298.6,3230.1,1273.2,136.2,100.2,1570.0,26712,145.7,593,0.5965,1.3698,1.1515,2.6146
2024-06-27,0,681,35.1,1,303.8,3578.7,1275.9,152.6,76.8,1267.1,21313,89.9,190,0.5864,1.612,0.4839,2.2162
2024-06-28,0,1029,39.4,0,300.6,3441.3,1266.6,141.4,67.0,1813.3,22075,120.5,768,0.5337,1.5223,1.4304,2.8673
2024-06-29,0,147,40.0,1,304.7,3714.7,1345.3,89.2,115.6,1015.2,18607,78.9,50,0.5061,1.6586,0.2379,2.0008
2024-06-30,0,317,34.2,0,303.9,3210.3,1285.7,139.9,57.7,772.8,18511,84.5,328,0.5082,1.3472,0.6283,2.0568
2024-07-01,1,4576,35.8,1,306.2,4302.3,1302.7,185.6,134.4,3908.4,36579,262.4,2847,0.8079,2.0997,4.8686,7.7446
2024-07-02,1,4689,36.7,1,307.2,4887.9,1260.8,148.4,135.6,4139.4,37063,273.2,2603,0.7109,2.539,4.5353,7.8185
2024-07-03,1,4683,38.1,1,305.4,4961.8,1350.4,216.7,138.9,3758.5,39308,289.0,2583,0.9016,2.528,4.4674,7.8958
2024-07-04,1,4967,33.0,0,306.6,4051.0,1265.6,178.6,133.3,3818.1,38703,292.5,2796,0.7866,1.9498,4.7954,7.5703
2024-07-05,1,4949,33.4,1,302.9,4240.4,1238.0,238.3,133.2,4123.9,41233,287.8,2692,0.9463,2.1017,4.6747,7.7354
2024-07-06,1,1587,38.0,0,312.5,3404.4,1301.6,163.8,96.1,2237.5,24456,163.6,962,0.661,1.472,1.7925,3.9552
2024-07-07,1,1294,32.6,0,300.3,3020.0,1225.7,128.3,97.7,1855.1,22774,161.7,818,0.5695,1.256,1.5292,3.3491
2024-07-08,1,4749,36.0,1,302.4,4551.3,1261.5,205.6,132.0,3552.2,40246,288.0,2885,0.8559,2.3029,4.8954,8.0163
2024-07-09,1,4670,37.3,1,306.7,4438.5,1228.0,247.4,130.0,3931.2,37653,267.1,2559,0.9633,2.2474,4.4417,7.6665
2024-07-10,1,4961,37.9,1,306.3,5398.5,1288.1,221.3,114.7,4048.6,38609,303.0,3029,0.858,2.8773,5.1773,8.937
2024-07-11,1,5017,36.7,0,305.5,4043.6,1275.5,205.5,165.4,3838.7,39132,275.7,2732,0.9328,1.9377,4.6944,7.551
2024-07-12,1,4995,36.2,2,306.0,4968.5,1246.6,263.5,143.0,4228.9,41619,283.6,3048,1.0365,2.6053,5.2196,8.8563
2024-07-13,1,1402,38.9,0,297.7,3608.0,1169.9,137.8,95.0,1848.1,24439,143.1,546,0.5888,1.7067,1.1125,3.3526
2024-07-14,1,1044,37.6,0,308.8,3764.9,1231.5,141.6,78.2,1784.0,24634,105.4,888,0.5601,1.7734,1.6009,3.9305
2024-07-15,1,4487,35.6,1,303.4,3957.7,1227.0,170.2,113.8,3490.9,36423,273.4,2509,0.719,1.9115,4.3164,6.9156
2024-07-16,1,5061,37.1,1,307.7,5129.7,1207.9,164.3,148.6,4109.6,41217,284.9,3043,0.7836,2.7453,5.1982,8.74
2024-07-17,1,4733,37.8,1,297.9,4593.6,1168.1,188.9,129.4,3673.3,38306,288.7,2867,0.8052,2.3979,4.8827,8.0941
2024-07-18,1,4670,40.8,1,304.8,5229.9,1243.6,194.9,140.4,3840.0,39203,298.6,2480,0.8467,2.7904,4.3269,7.9644
2024-07-19,1,5100,38.7,1,302.3,4842.7,1206.7,209.0,115.9,4327.9,41160,297.1,3108,0.8278,2.5452,5.3274,8.7335
2024-07-20,1,1765,39.6,0,305.7,4352.8,1214.8,110.5,119.4,1737.5,23718,154.2,925,0.572,2.1966,1.6725,4.4471
2024-07-21,1,1542,35.6,0,305.0,3356.1,1217.4,152.3,107.0,1609.6,24606,134.6,839,0.6553,1.4971,1.5196,3.6769
2024-07-22,1,4752,35.8,0,305.1,3900.9,1195.9,177.3,130.8,4018.2,39681,279.9,2636,0.7773,1.8935,4.574,7.2529
2024-07-23,1,4781,36.4,1,300.8,4602.3,1177.0,209.5,139.4,3861.7,40090,280.2,3063,0.8835,2.3977,5.196,8.4626
2024-07-24,1,4846,36.6,1,303.8,4741.9,1196.9,217.8,144.3,4115.3,40609,302.5,2600,0.917,2.4815,4.5421,7.9655
2024-07-25,1,5093,34.6,1,303.5,4591.6,1199.9,193.0,116.1,3912.3,39579,287.2,3031,0.7854,2.3742,5.1571,8.2938
2024-07-26,1,4881,39.6,1,305.5,5185.7,1195.2,176.7,158.7,3935.4,41273,290.7,2719,0.8402,2.7933,4.6939,8.338
2024-07-27,1,1668,38.8,1,307.0,4240.3,1220.3,174.0,102.3,2058.0,23823,155.0,1164,0.7026,2.114,2.0699,4.917
2024-07-28,1,1748,36.1,0,304.5,3070.5,1170.1,160.7,85.4,2021.6,22651,164.6,1432,0.628,1.3303,2.4715,4.404
2024-07-29,1,4594,38.2,1,300.2,4756.2,1114.6,196.0,113.7,3426.3,36795,287.0,2551,0.7879,2.5491,4.3778,7.6813
2024-07-30,1,4941,37.2,1,304.3,4967.2,1186.5,231.2,149.1,4471.5,40905,296.5,2891,0.964,2.6465,5.0188,8.6032
2024-07-31,1,4752,38.3,1,311.8,4718.3,1176.9,197.4,135.2,3884.5,36003,282.0,2687,0.8413,2.479,4.6343,8.0001
2024-08-01,1,4352,33.7,1,308.9,4446.4,1148.0,174.7,134.5,3357.0,33633,281.9,2711,0.7789,2.3089,4.6063,7.6788
2024-08-02,1,4422,36.3,1,295.1,4594.8,1128.3,167.6,128.5,3698.2,33475,263.6,2520,0.746,2.4265,4.3524,7.495
2024-08-03,1,1354,36.4,0,304.2,3315.8,1149.3,132.0,76.2,1816.7,25011,125.7,948,0.5298,1.5166,1.7041,3.7596
2024-08-04,1,1633,37.9,0,306.8,3919.6,1113.1,156.4,102.2,2091.4,22253,164.7,876,0.6552,1.9646,1.6458,4.1974
2024-08-05,1,4825,35.1,0,303.5,3569.3,1144.8,227.4,129.9,4058.4,39253,296.4,3202,0.9095,1.6972,5.4352,8.018
2024-08-06,1,4838,30.9,2,302.6,4405.7,1166.9,197.6,132.7,3861.1,37729,297.5,2412,0.8361,2.2672,4.2265,7.3651
2024-08-07,1,5156,34.0,1,303.2,4811.3,1125.7,229.5,172.5,3786.7,38268,314.2,3058,1.0135,2.5799,5.1943,8.7638
2024-08-08,1,4576,36.2,1,305.7,5086.3,1115.8,187.7,142.9,3820.2,35421,279.8,2652,0.8331,2.7794,4.573,8.1789
2024-08-09,1,4800,36.4,1,300.6,5279.4,1057.1,179.2,146.5,3580.4,38531,273.7,2776,0.8187,2.9556,4.7284,8.51
2024-08-10,1,1592,39.9,0,307.6,3842.8,1171.0,109.9,134.9,2105.8,23329,149.7,975,0.6062,1.8703,1.7896,4.2733
2024-08-11,1,1405,37.4,1,303.8,4138.2,1088.4,124.2,97.6,1639.2,23892,138.0,825,0.5583,2.1349,1.5035,4.1833
2024-08-12,1,4810,36.2,1,301.2,4876.8,1052.1,168.7,134.5,3996.5,38925,281.1,2829,0.7628,2.6773,4.8613,8.315
2024-08-13,1,4517,35.9,1,307.4,4893.9,1107.8,235.5,119.0,3582.4,38074,265.2,2693,0.906,2.6503,4.6002,8.1926
2024-08-14,1,5059,38.3,1,299.4,5044.5,1097.0,210.7,128.9,3948.0,40930,302.1,3249,0.8624,2.7633,5.4955,9.0946
2024-08-15,1,4682,34.5,2,302.3,5200.2,1108.5,192.2,100.5,3658.7,37961,269.4,2218,0.7473,2.8642,3.8987,7.498
2024-08-16,1,5170,35.5,2,302.3,5306.1,1056.3,240.9,148.9,4234.3,37824,305.9,3331,0.9896,2.9749,5.6536,9.6154
2024-08-17,1,1532,33.3,0,310.4,3192.6,1094.8,108.9,74.4,1738.0,25273,140.8,1349,0.4637,1.4685,2.303,4.2527
2024-08-18,1,1723,38.7,1,301.9,4003.0,1062.8,138.0,109.2,2106.6,26418,151.1,684,0.6221,2.0581,1.3547,4.0358
2024-08-19,1,4795,36.4,2,297.5,5118.3,1067.3,240.3,131.9,3765.8,37812,295.6,2790,0.9487,2.8357,4.7813,8.5625
2024-08-20,1,4799,33.9,2,302.3,4781.4,1070.1,193.2,134.5,3833.7,37638,298.4,3030,0.8285,2.5979,5.1506,8.5383
2024-08-21,1,4700,35.1,0,305.4,3683.4,1068.5,248.4,130.8,3820.4,42195,278.0,2891,0.9679,1.8304,4.9327,7.7027
2024-08-22,1,4826,36.4,0,306.4,3741.6,1083.7,214.2,153.7,3919.8,35942,302.6,3101,0.9291,1.8605,5.2688,8.0633
2024-08-23,1,4862,34.7,1,310.8,4393.6,1037.5,226.2,151.5,3748.1,39309,291.2,2887,0.9562,2.3493,4.9231,8.2157
2024-08-24,1,1396,33.9,0,308.2,3026.0,1068.8,164.5,91.3,1892.2,25746,158.9,444,0.6518,1.37,0.9723,2.9855
2024-08-25,1,1515,33.6,0,304.6,3114.8,1047.1,137.3,79.7,1790.5,23749,136.1,1114,0.5521,1.4474,1.9542,3.9521
2024-08-26,1,4695,35.7,0,301.3,4204.8,1024.8,183.8,145.2,3908.8,37416,266.9,2837,0.828,2.226,4.8559,7.9684
2024-08-27,1,5219,34.1,1,308.9,4565.8,1041.4,201.4,123.0,4132.9,39197,319.9,3291,0.8239,2.4671,5.5882,8.8667
2024-08-28,1,4789,33.8,0,302.9,3796.7,1026.5,174.5,109.1,3974.7,38114,295.6,2502,0.7197,1.9391,4.3744,7.0679
2024-08-29,1,5083,31.7,2,302.0,4491.7,1001.8,200.0,143.5,3977.4,40968,318.2,2729,0.8675,2.4429,4.7263,8.0695
2024-08-30,1,4770,34.7,1,302.7,4710.6,1082.5,195.8,150.5,3715.3,37677,293.4,2770,0.8724,2.5397,4.7442,8.1763
2024-08-31,1,1584,34.1,0,300.2,3134.3,1035.9,175.7,87.9,1958.9,30252,174.4,1159,0.6739,1.4689,2.0611,4.1827
2024-09-01,1,1300,33.6,0,302.6,2925.2,1033.2,146.5,96.7,1617.1,22645,131.2,1044,0.616,1.3244,1.8259,3.7697
2024-09-02,1,4724,34.7,1,303.3,4423.5,991.0,247.0,125.5,4091.5,40320,300.1,2609,0.9519,2.4028,4.5516,7.8965
2024-09-03,1,4843,35.8,1,306.2,4435.4,986.0,149.7,143.9,3914.8,39320,286.6,2736,0.7336,2.4146,4.7145,7.9131
2024-09-04,1,5090,35.6,1,302.8,4521.7,989.6,174.8,152.5,3808.5,39573,310.0,3469,0.8207,2.4725,5.8119,9.1154
2024-09-05,1,4845,35.1,2,300.2,4919.6,985.4,189.4,129.2,3798.5,40996,301.2,2711,0.806,2.7539,4.6702,8.2248
2024-09-06,1,5054,33.3,1,299.2,4312.2,939.3,233.8,120.2,3853.6,36347,312.4,3053,0.9042,2.361,5.1934,8.5033
2024-09-07,1,1653,32.5,0,304.6,3163.2,1001.4,137.3,73.0,2118.0,25708,158.7,877,0.5366,1.5133,1.6488,3.6898
2024-09-08,1,1830,31.3,0,304.2,3001.2,1011.4,110.6,110.8,2173.8,24397,118.5,1147,0.5524,1.3929,2.042,4.001
2024-09-09,1,4794,32.2,2,302.3,5122.8,918.7,190.9,115.5,3861.3,37350,289.9,2625,0.7784,2.9429,4.5425,8.2814
2024-09-10,1,5235,33.4,2,302.6,5275.1,949.5,177.9,143.4,4197.9,39118,303.7,2885,0.808,3.0279,4.9796,8.8243
2024-09-11,1,4717,31.5,1,305.2,4611.1,1007.5,164.2,143.3,3808.8,36077,282.7,2669,0.7711,2.5225,4.5986,7.8895
2024-09-12,1,4667,33.4,1,308.2,4454.8,992.2,238.0,123.5,3948.4,34627,281.6,2609,0.9231,2.4238,4.5244,7.8923
2024-09-13,1,4587,30.9,2,301.7,4664.7,937.1,184.8,127.6,3837.5,37965,293.1,2606,0.79,2.6093,4.5128,7.8964
2024-09-14,1,1957,29.2,0,304.3,2556.4,982.0,149.0,113.5,2239.3,26101,165.5,1230,0.6615,1.1021,2.196,3.9874
2024-09-15,1,1685,34.6,0,306.9,3456.3,953.7,138.3,83.1,1910.2,24536,144.7,1318,0.5626,1.7518,2.2787,4.5861
2024-09-16,1,4745,31.6,1,301.7,3949.8,943.0,189.9,118.3,3728.2,39296,270.9,2646,0.7822,2.1048,4.5501,7.4705
2024-09-17,1,5030,30.7,2,304.0,4220.1,924.4,182.0,131.8,4138.3,39939,319.7,2739,0.7922,2.307,4.7609,7.8863
2024-09-18,1,4929,30.0,2,303.9,4895.5,949.9,191.9,153.3,4235.2,38221,289.0,2861,0.8684,2.7619,4.9412,8.5853
2024-09-19,1,5159,33.2,0,300.1,3554.8,960.0,210.3,161.1,4297.7,45159,305.6,2839,0.9357,1.8164,4.9253,7.6751
2024-09-20,1,4526,35.2,0,304.5,4078.1,933.3,222.7,127.8,3990.8,38842,304.3,2331,0.8921,2.2014,4.124,7.245
2024-09-21,1,1490,31.1,0,304.1,2565.3,957.2,157.7,82.2,1853.0,28659,134.6,1056,0.6125,1.1257,1.8755,3.628
2024-09-22,1,1454,31.4,0,305.7,3113.4,941.8,109.4,108.4,1626.9,23360,137.1,858,0.5436,1.5201,1.5509,3.5342
2024-09-23,1,4450,34.1,0,300.4,4148.4,950.9,211.8,103.4,3500.4,37139,278.0,2613,0.8065,2.2382,4.4758,7.5001
2024-09-24,1,4996,27.7,2,304.0,4387.2,920.7,210.4,138.7,4245.8,36754,280.5,2551,0.8843,2.4265,4.4732,7.7883
2024-09-25,1,4756,35.8,2,308.1,5449.9,981.0,181.9,131.4,3513.6,37380,268.4,2653,0.791,3.1282,4.5331,8.4594
2024-09-26,1,4938,36.8,0,310.2,4244.6,962.9,202.9,153.7,4232.4,37688,291.4,2609,0.8988,2.2972,4.5638,7.7775
2024-09-27,1,5230,25.3,2,307.8,4608.3,942.0,216.7,158.7,4000.8,45358,305.0,3030,0.9474,2.5664,5.176,8.7284
2024-09-28,1,1474,30.9,0,300.5,2961.5,918.3,137.6,78.6,2160.1,22944,142.9,879,0.5503,1.4302,1.6489,3.6441
2024-09-29,1,1462,29.4,0,305.4,2358.1,912.1,146.9,95.1,1793.7,23719,129.1,872,0.6134,1.0122,1.5885,3.1619
2024-09-30,1,4826,30.3,1,302.6,4007.6,899.6,177.9,124.4,4022.2,35653,297.4,2679,0.7641,2.1756,4.6457,7.5904
2024-10-01,3,6040,29.8,1,304.9,4431.5,924.1,292.6,143.1,5254.1,45529,338.9,3600,1.1147,2.4552,6.1967,10.5783
2024-10-02,3,5760,32.4,2,301.7,5160.7,875.7,201.2,153.4,4591.8,41772,351.4,3556,0.8936,2.9995,6.0557,10.7474
2024-10-03,3,5748,30.2,2,298.9,4539.2,880.1,256.2,139.0,4581.3,44995,356.0,3648,1.0077,2.5614,6.1955,10.5508
2024-10-04,3,6052,28.3,2,303.0,4922.0,882.0,257.0,150.5,4707.2,41399,369.3,3656,1.0364,2.828,6.2275,10.8869
2024-10-05,3,1944,29.8,0,306.2,2648.8,927.2,189.1,112.7,2105.0,27146,178.5,1209,0.7671,1.2051,2.1546,4.4807
2024-10-06,3,1508,31.2,1,304.9,2933.2,921.8,151.6,115.8,1955.6,22211,152.9,964,0.6738,1.408,1.7561,4.1361
2024-10-07,3,5641,27.3,2,305.2,4522.5,937.9,267.3,147.0,4477.5,42009,344.5,3403,1.0559,2.5092,5.8094,10.1394
2024-10-08,3,6132,26.2,2,304.6,4401.8,894.3,248.0,150.4,4656.8,44437,383.7,3725,1.0121,2.4552,6.3323,10.5943
2024-10-09,3,5934,34.0,1,305.2,4705.8,882.5,220.7,129.6,4721.2,43045,352.8,3494,0.8909,2.6763,5.9792,10.3114
2024-10-10,3,5725,28.1,2,305.6,3916.4,865.5,219.0,167.5,4710.5,42345,362.4,3490,0.9738,2.1356,5.976,9.8245
2024-10-11,1,4774,29.1,1,303.2,3618.3,900.4,198.7,139.7,3698.6,39799,303.5,2991,0.8552,1.9025,5.0788,7.8416
2024-10-12,1,1540,28.3,0,304.2,2438.6,930.0,102.6,95.5,1825.6,28382,123.5,840,0.4956,1.056,1.5432,3.1267
2024-10-13,1,1670,30.3,0,309.2,2578.7,906.5,179.7,96.3,2188.6,25625,148.6,746,0.704,1.1705,1.4562,3.3477
2024-10-14,1,4560,32.8,2,304.4,4836.5,893.7,215.2,135.1,3471.7,35604,268.5,2238,0.8888,2.76,3.9051,7.5799
2024-10-15,1,4653,30.1,0,304.1,3768.8,890.7,233.9,142.4,4132.6,37658,266.4,3029,0.9558,2.0147,5.1706,8.122
2024-10-16,1,4854,25.3,1,304.3,3555.2,896.7,235.2,146.7,3788.2,37749,302.9,3020,0.9692,1.861,5.1322,7.9417
2024-10-17,1,4787,25.5,0,303.3,3175.4,911.2,188.4,156.6,3904.1,39706,296.1,2828,0.8667,1.5849,4.8556,7.3088
2024-10-18,1,4908,27.5,1,302.7,3974.7,931.5,179.2,137.5,4173.2,39132,299.0,3056,0.7979,2.1302,5.2311,8.1779
2024-10-19,1,1316,27.7,0,304.6,2098.3,900.6,74.8,117.1,2001.1,20687,121.2,858,0.471,0.8384,1.5879,2.9105
2024-10-20,1,1602,24.3,0,302.5,2232.6,895.3,129.9,110.1,1977.8,26705,149.6,916,0.6025,0.9361,1.6867,3.2065
2024-10-21,1,5001,29.8,1,303.6,4231.0,877.7,238.9,134.1,3875.6,40745,284.3,2677,0.95,2.3473,4.6207,7.9376
2024-10-22,1,4892,25.5,0,301.6,2819.3,874.5,179.8,108.7,3792.1,41237,296.1,3181,0.733,1.3614,5.3722,7.4508
2024-10-23,1,4830,31.0,1,304.3,3865.3,881.4,192.3,134.2,3791.1,37356,284.4,2723,0.8254,2.0887,4.6786,7.6096
2024-10-24,1,4788,31.6,1,305.8,4268.1,879.1,184.0,155.8,4208.6,38651,303.1,2708,0.853,2.3723,4.715,7.9475
2024-10-25,1,4655,26.9,2,303.4,3693.9,884.0,202.0,119.2,3717.1,35418,280.1,2707,0.8167,1.9669,4.6432,7.4212
2024-10-26,1,1525,28.3,0,298.0,2197.4,880.4,165.7,94.5,1903.8,24313,146.4,894,0.6624,0.9219,1.6426,3.2135
2024-10-27,1,1764,24.5,1,305.8,2502.4,888.8,107.9,98.6,1805.8,26123,157.2,1127,0.5169,1.1295,1.9858,3.6356
2024-10-28,1,4783,28.4,1,304.4,3878.2,875.9,166.4,146.5,3657.3,36944,289.3,2857,0.7844,2.1016,4.8656,7.7537
2024-10-29,1,4645,25.8,2,301.0,4007.3,876.1,226.3,124.9,3784.7,38125,285.3,2590,0.895,2.1918,4.479,7.5397
2024-10-30,1,4716,24.4,1,306.3,3623.1,864.3,211.0,118.6,3765.5,38110,290.9,2740,0.8394,1.9312,4.7042,7.4899
2024-10-31,1,4841,26.0,1,299.8,3258.7,889.5,191.4,141.6,3856.1,37522,282.1,2906,0.84,1.6584,4.9599,7.4873
2024-11-01,3,5795,25.5,1,307.1,3666.7,880.4,281.9,133.4,4406.7,46054,358.6,3492,1.0636,1.9504,5.942,9.694
2024-11-02,3,1963,25.7,0,303.8,2678.2,852.5,145.3,71.0,2283.8,27023,191.7,1649,0.5534,1.278,2.8419,5.0551
2024-11-03,3,1970,28.3,0,297.2,2634.9,874.1,195.9,126.2,2580.3,27713,186.4,1389,0.8165,1.2326,2.4853,4.8859
2024-11-04,3,6022,24.4,2,304.5,4278.1,896.9,246.9,161.2,4660.1,41852,359.7,4030,1.0341,2.3668,6.7786,10.9971
2024-11-05,3,6118,29.8,2,302.8,4526.4,858.1,263.5,176.7,5034.7,45830,370.4,3548,1.1144,2.5678,6.1066,10.5686
2024-11-06,3,6041,23.0,1,302.3,3995.0,894.3,196.2,160.6,4201.8,43714,360.5,3872,0.8968,2.1705,6.4876,10.3223
2024-11-07,3,5694,29.3,2,301.8,5254.9,893.7,236.8,153.5,4465.9,44838,347.8,3392,0.9892,3.0528,5.7939,10.6462
2024-11-08,3,5699,23.4,1,303.6,3573.2,933.1,258.8,148.9,4269.5,40776,335.2,3441,1.0375,1.8481,5.8369,9.4176
2024-11-09,3,1862,25.5,0,302.5,2761.4,875.4,172.1,94.6,2457.0,27796,193.4,1493,0.6798,1.3202,2.6297,4.9541
2024-11-10,3,1795,24.3,0,298.4,2407.4,868.8,199.9,104.2,2351.1,22811,197.0,1250,0.7764,1.077,2.2526,4.4546
2024-11-11,1,4600,24.5,2,307.8,3389.0,883.4,219.7,121.9,3565.8,38429,273.6,3136,0.8704,1.7539,5.2665,7.9008
2024-11-12,1,4725,26.9,0,303.3,2822.6,898.8,174.0,115.7,3881.6,37530,297.1,2834,0.7336,1.3467,4.8617,6.9457
2024-11-13,1,4719,28.3,2,301.8,4006.2,883.0,213.1,126.6,4042.1,38539,304.8,2612,0.8636,2.1862,4.5518,7.5722
2024-11-14,1,4684,27.5,1,300.6,3552.5,905.5,172.5,150.6,4048.4,36593,274.3,2810,0.8102,1.8529,4.8352,7.4775
2024-11-15,1,4748,23.9,1,306.3,3471.1,887.9,196.7,113.5,3770.7,36233,262.8,2711,0.7893,1.8082,4.6481,7.2278
2024-11-16,1,1750,25.1,0,300.1,2644.7,893.6,155.9,77.8,1587.4,24568,172.0,1165,0.5975,1.2258,2.0228,3.8315
2024-11-17,1,1573,22.8,0,304.4,1739.7,889.9,119.9,102.7,1713.5,24952,145.7,859,0.5586,0.5949,1.5672,2.7083
2024-11-18,1,5250,22.2,2,302.2,3871.5,844.8,221.8,131.8,4292.9,41088,305.0,3118,0.8989,2.1187,5.3417,8.3298
2024-11-19,1,4835,21.8,1,302.4,3149.1,908.7,185.9,140.3,4275.5,38854,293.1,2840,0.8223,1.5683,4.9166,7.361
2024-11-20,1,4753,23.2,2,300.7,3553.5,845.9,182.8,146.9,3837.1,36276,284.5,2771,0.8292,1.8953,4.7559,7.518
2024-11-21,1,4806,24.6,2,302.1,3920.2,891.5,212.1,139.6,3770.5,41493,326.8,2975,0.8909,2.1201,5.0745,8.0924
2024-11-22,1,4851,19.8,1,304.0,3386.1,899.3,178.9,123.7,4339.5,38973,286.9,2489,0.7652,1.7408,4.395,6.9002
2024-11-23,1,1616,23.8,0,304.7,1650.1,906.6,119.6,113.6,1975.0,23667,151.6,955,0.5829,0.5204,1.7448,2.8939
2024-11-24,1,1911,27.1,0,301.6,2435.7,900.7,167.3,109.1,1863.8,26790,176.5,982,0.7004,1.0745,1.7841,3.5996
2024-11-25,1,4653,26.1,2,303.7,3673.3,908.7,196.1,131.2,3763.5,38003,299.8,2456,0.8286,1.9352,4.2819,7.0273
2024-11-26,1,4959,22.3,1,306.7,3413.6,927.9,167.3,134.2,4154.6,38512,311.3,2725,0.7584,1.74,4.7377,7.2422
2024-11-27,1,4842,20.4,2,299.0,4233.7,895.1,216.0,138.7,3889.4,37809,287.8,2697,0.8993,2.337,4.6531,7.8848
2024-11-28,1,4522,24.4,1,304.0,3430.5,980.5,182.5,124.6,3846.6,38765,276.7,2580,0.7769,1.715,4.4677,6.9529
2024-11-29,1,4944,18.2,1,301.1,3453.3,900.1,168.1,109.9,3676.4,41875,271.4,2928,0.7044,1.7872,4.9679,7.4553
2024-11-30,1,1766,25.6,1,300.8,2607.7,879.5,86.6,107.4,1736.8,21752,153.6,1122,0.4802,1.2097,1.9671,3.6548
2024-12-01,0,122,22.6,0,304.8,1795.4,889.3,132.1,86.8,843.4,20727,80.9,50,0.5545,0.6343,0.2188,1.1595
2024-12-02,0,863,27.0,0,302.4,2324.9,936.3,106.6,50.8,1384.3,21660,122.7,786,0.403,0.972,1.4068,2.2866
2024-12-03,0,554,19.1,0,300.3,1998.1,876.2,92.6,89.3,1303.6,20753,121.5,254,0.4545,0.7853,0.5983,1.5432
2024-12-04,0,638,24.8,0,308.0,1870.9,911.9,135.6,109.0,1410.2,23113,112.2,50,0.6152,0.6713,0.3016,1.2821
2024-12-05,0,1054,22.5,0,306.8,2048.9,907.3,146.7,70.7,1997.4,17648,135.3,549,0.5565,0.7991,1.1294,2.0618
2024-12-06,0,781,21.9,0,298.2,1587.3,928.9,106.7,83.3,1251.3,22747,109.9,461,0.4784,0.4609,0.8979,1.4796
2024-12-07,0,80,19.5,1,299.6,2097.5,957.9,131.5,73.2,893.1,20644,94.0,50,0.5215,0.7977,0.2307,1.2768
2024-12-08,0,318,23.8,1,305.8,2527.1,923.1,160.9,103.7,969.2,18096,89.4,402,0.6708,1.1228,0.765,2.1241
2024-12-09,0,771,23.9,0,303.1,2146.3,951.8,153.5,101.1,1572.3,18729,123.4,429,0.6449,0.8362,0.8933,1.9612
2024-12-10,0,780,26.3,0,308.5,2103.2,895.2,150.2,71.2,1587.7,24228,119.8,245,0.567,0.8456,0.6192,1.6582
2024-12-11,0,998,24.5,0,305.8,2364.1,937.2,134.9,92.1,1438.2,19030,124.6,406,0.5743,0.9988,0.8434,1.9886
2024-12-12,0,656,20.9,0,304.9,2033.0,971.2,112.0,117.4,1678.6,21509,86.0,518,0.5714,0.7433,1.0236,1.9586
2024-12-13,0,702,19.9,0,300.9,1850.8,938.9,121.4,74.1,1207.6,22790,119.7,566,0.4965,0.6383,1.0546,1.7806
2024-12-14,0,304,19.0,0,305.5,1502.8,989.4,125.2,78.5,1273.9,19991,93.2,60,0.5169,0.3594,0.2908,0.9711
2024-12-15,0,451,25.2,1,300.2,2770.8,895.2,90.5,88.1,1441.4,20911,103.7,50,0.4461,1.3129,0.3009,1.7132
2024-12-16,0,1088,20.2,0,307.9,2200.5,960.5,112.7,78.9,1329.5,22093,127.7,655,0.4843,0.868,1.2061,2.0882
2024-12-17,0,745,25.1,0,305.3,2400.4,985.4,92.0,110.4,1465.9,21962,114.4,489,0.5016,0.9905,0.9675,2.0602
2024-12-18,0,1034,22.9,0,301.5,2551.2,976.4,133.8,80.3,1050.6,21068,137.1,701,0.5441,1.1024,1.2456,2.4233
2024-12-19,0,724,22.5,1,306.4,2101.9,997.6,124.9,62.9,1497.2,19999,101.9,319,0.48,0.773,0.71,1.6371
2024-12-20,0,1194,21.0,0,310.7,1690.7,1007.3,117.1,81.5,1442.0,23079,134.3,671,0.5021,0.4784,1.2469,1.8538
2024-12-21,0,80,23.1,0,303.3,1024.0,953.3,129.5,85.8,1051.7,15564,69.3,50,0.5453,0.0495,0.2371,0.6389
2024-12-22,0,516,21.5,0,305.7,2107.5,973.9,96.3,69.2,1355.8,21206,105.1,473,0.4179,0.7935,0.9259,1.7196
2024-12-23,0,747,20.7,0,302.7,2092.5,1045.3,108.3,88.5,1564.8,16672,111.6,673,0.4947,0.733,1.2525,2.0317
2024-12-24,0,1227,23.0,0,304.3,2057.6,964.9,149.3,98.2,1821.0,23806,122.6,1000,0.627,0.7649,1.7808,2.5852
2024-12-25,0,971,21.1,1,299.5,2174.5,949.1,147.9,68.5,1512.1,22901,119.8,798,0.5546,0.8578,1.4392,2.354
2024-12-26,0,682,19.6,0,304.0,1883.7,1020.2,104.8,74.7,1254.4,19434,98.9,722,0.4534,0.6044,1.2839,1.849
2024-12-27,0,771,22.7,0,304.1,1975.4,981.0,129.0,89.5,1364.6,19017,105.2,630,0.5525,0.6961,1.1618,1.992
2024-12-28,0,417,21.2,1,309.4,2569.4,1073.8,100.4,90.5,957.7,19017,98.0,136,0.4781,1.0469,0.3687,1.5485
2024-12-29,0,466,22.3,0,298.6,1928.2,1065.4,114.0,72.5,1150.8,21109,99.2,546,0.473,0.604,1.0081,1.6962
2024-12-30,0,852,20.2,0,303.2,2118.5,1010.5,128.5,87.5,1375.9,22201,90.3,246,0.5465,0.7756,0.5814,1.6085
2024-12-31,0,873,18.5,0,307.9,1918.5,1044.1,138.0,81.2,1299.4,19666,118.7,932,0.5574,0.6121,1.6132,2.2741
2025-01-01,0,1015,25.0,1,331.3,2810.6,1070.7,135.3,98.1,1215.9,22453,117.0,413,0.5892,1.2179,0.8248,2.1178
2025-01-02,0,902,24.6,0,331.5,2121.7,1147.3,132.2,93.6,1229.4,22260,110.6,683,0.5705,0.6821,1.2285,2.0459
2025-01-03,0,646,23.1,0,329.5,1590.0,1063.3,97.9,77.1,733.5,21108,90.5,635,0.4405,0.3687,1.0876,1.5649
2025-01-04,0,135,20.3,0,329.2,2142.2,1089.3,121.0,83.8,928.3,16791,80.5,161,0.5179,0.737,0.3942,1.3479
2025-01-05,0,323,20.4,0,326.5,2142.9,1121.2,127.9,72.7,1165.1,19637,83.3,50,0.5107,0.7152,0.2582,1.2757
2025-01-06,0,1097,24.1,0,330.1,2123.3,1148.9,144.9,95.0,1097.3,24259,139.6,466,0.6078,0.6821,0.9008,1.8016
2025-01-07,0,1169,20.3,0,329.0,2091.9,1099.0,115.2,96.1,1667.4,23876,106.6,742,0.5307,0.695,1.3682,2.1524
2025-01-08,0,1019,19.6,0,332.4,2415.6,1139.0,148.5,122.8,1509.7,23020,109.3,705,0.6816,0.8936,1.2948,2.3615
2025-01-09,0,930,25.1,0,329.6,1550.7,1106.1,97.8,81.1,1264.8,24863,104.5,507,0.4494,0.3112,0.9668,1.4483
2025-01-10,0,1013,20.9,0,330.6,2305.7,1148.0,118.8,85.0,1450.4,22557,123.7,601,0.5147,0.8104,1.138,2.0115
2025-01-11,0,161,24.9,0,330.6,1663.2,1140.7,106.8,67.2,1189.0,17161,96.3,50,0.4415,0.3658,0.2662,0.8536
2025-01-12,0,254,17.9,0,331.9,2093.2,1154.3,86.8,62.6,882.1,17557,92.5,467,0.3772,0.6572,0.8532,1.5671
2025-01-13,0,730,22.1,0,330.4,1949.2,1186.1,116.7,76.9,1366.8,21383,94.7,355,0.4904,0.5342,0.7455,1.459
2025-01-14,0,654,25.6,0,328.8,1646.3,1176.1,126.6,92.8,1367.9,18159,99.3,521,0.5537,0.3291,0.9958,1.5603
2025-01-15,0,939,21.1,0,332.3,1836.9,1200.5,86.7,97.3,1334.2,21384,107.5,797,0.4571,0.4455,1.4104,1.8812
2025-01-16,0,912,20.4,0,335.2,2225.4,1198.6,117.7,90.4,1646.9,22666,122.1,321,0.5243,0.7188,0.7409,1.6388
2025-01-17,0,1002,18.4,0,332.4,1925.8,1214.7,89.6,82.6,1593.9,24316,114.7,604,0.4309,0.4978,1.1562,1.6697
2025-01-18,0,379,23.4,1,330.2,2195.6,1193.0,161.7,72.1,1089.6,16813,75.1,270,0.5999,0.7018,0.5746,1.5266
2025-01-19,0,325,19.3,0,331.6,1661.4,1191.7,120.5,65.1,1526.9,19543,96.6,142,0.4733,0.3288,0.4456,1.0055
2025-01-20,0,979,20.8,0,325.8,2142.2,1202.1,130.4,78.4,1689.2,21989,134.2,735,0.5306,0.6581,1.3722,2.1123
2025-01-21,0,871,18.3,0,331.6,2405.5,1203.5,130.8,66.0,1136.5,21726,112.1,385,0.503,0.8414,0.7708,1.7224
2025-01-22,0,953,24.5,0,330.8,1412.6,1208.0,140.5,106.8,1420.8,22257,119.3,563,0.6232,0.1432,1.0754,1.476
2025-01-23,0,748,23.6,0,329.2,2650.2,1242.1,145.0,111.5,1807.8,21085,90.6,367,0.6462,0.9857,0.8145,1.9918
2025-01-24,0,945,21.1,0,329.7,2020.3,1246.6,92.6,57.3,1309.1,24475,92.8,967,0.3805,0.5416,1.6567,2.1296
2025-01-25,0,401,18.6,0,330.8,1993.1,1224.0,146.0,84.2,1160.6,21923,70.9,113,0.5858,0.5384,0.3473,1.2098
2025-01-26,0,161,24.6,1,335.0,2193.6,1274.1,140.3,81.0,1221.4,22534,81.7,227,0.5631,0.6436,0.5306,1.406
2025-01-27,0,888,20.4,0,335.3,1953.3,1226.6,124.5,88.8,1568.0,21711,111.3,838,0.5388,0.5087,1.5018,2.1114
2025-01-28,0,766,18.8,0,329.2,1976.2,1233.5,121.2,75.3,1518.3,20478,116.0,279,0.4988,0.5199,0.659,1.4148
2025-01-29,0,784,17.4,0,330.4,1657.6,1231.6,55.9,99.7,1518.8,19551,107.9,472,0.3801,0.2982,0.9447,1.3536
2025-01-30,0,676,19.9,1,330.5,2216.0,1255.9,94.8,89.3,1323.7,19904,117.3,215,0.4603,0.6721,0.5401,1.3138
2025-01-31,0,1106,18.2,0,334.4,2312.4,1294.3,141.3,103.8,1443.1,23931,135.2,279,0.6185,0.7127,0.6597,1.6384
2025-02-01,1,1754,20.0,1,332.4,2269.8,1287.3,168.0,85.0,2065.7,26930,150.1,876,0.6466,0.6878,1.6375,2.9683
2025-02-02,1,1658,23.1,0,332.3,2246.0,1288.7,155.9,74.1,1855.5,26180,137.6,859,0.589,0.6701,1.5809,2.7891
2025-02-03,1,5235,20.7,2,333.6,3897.7,1291.8,202.6,144.3,4059.1,38791,287.6,2944,0.8763,1.8241,5.0441,7.7123
2025-02-04,1,4846,22.3,1,330.2,3134.8,1276.3,239.6,118.7,4171.4,37167,310.3,2757,0.9163,1.301,4.7869,7.0241
2025-02-05,1,5426,20.0,2,336.1,4550.7,1338.4,229.8,155.9,4195.5,44311,307.9,3148,0.976,2.2486,5.3773,8.6066
2025-02-06,1,4839,21.8,0,332.0,2614.8,1258.8,188.4,101.2,4207.3,36826,274.8,2591,0.7387,0.9492,4.5261,6.216
2025-02-07,1,4926,25.9,0,329.4,2692.7,1275.7,246.7,127.1,4000.3,41239,298.2,2920,0.9548,0.9919,5.0066,6.937
2025-02-08,1,1490,21.0,0,331.3,2044.1,1315.2,112.7,83.6,1795.2,24986,124.2,1083,0.4952,0.5102,1.9033,2.9357
2025-02-09,1,1629,22.7,1,335.7,2444.8,1365.6,106.9,89.6,1582.8,23523,149.9,1184,0.4935,0.7554,2.0404,3.2586
2025-02-10,1,5031,18.4,2,330.7,3948.8,1304.0,191.3,139.3,4400.8,36998,297.4,2871,0.8345,1.8514,4.9795,7.6432
2025-02-11,1,4860,25.3,2,334.8,3982.7,1327.5,180.8,139.3,3912.1,37172,304.8,2980,0.8063,1.8586,5.0878,7.7448
2025-02-12,1,5200,20.9,1,330.1,3527.0,1288.0,195.6,147.0,3715.3,40592,319.0,2893,0.8638,1.5673,4.9411,7.334
2025-02-13,1,4923,24.4,2,329.7,3890.1,1310.1,216.2,145.4,4130.1,37039,309.8,2794,0.9153,1.806,4.8371,7.5364
2025-02-14,1,4929,21.9,1,334.0,3221.1,1363.6,198.0,131.6,3946.9,41500,299.3,2931,0.8346,1.3002,5.0173,7.1787
2025-02-15,1,1398,23.5,0,329.4,2238.8,1371.8,135.0,123.4,1599.1,23497,127.6,751,0.6469,0.6069,1.3829,2.6155
2025-02-16,1,1637,23.8,0,334.5,2097.5,1350.6,140.8,115.5,2082.6,26136,136.2,722,0.6441,0.5228,1.402,2.5885
2025-02-17,1,4856,21.4,1,333.1,3258.0,1337.2,146.5,128.6,3451.9,39511,287.2,2966,0.6897,1.3446,5.0043,7.0544
2025-02-18,1,4771,24.8,1,329.4,3752.1,1348.6,162.5,130.2,3729.5,40958,313.6,2618,0.7363,1.6824,4.5279,6.9424
2025-02-19,1,4741,20.8,0,331.8,2808.9,1321.2,186.9,126.9,3785.5,37124,285.4,2656,0.794,1.0414,4.5778,6.3778
2025-02-20,1,5361,24.3,2,330.4,4306.9,1391.5,188.0,144.8,4377.2,40707,318.2,3300,0.8383,2.0408,5.6307,8.5114
2025-02-21,1,4833,21.8,1,333.0,3700.6,1345.4,191.9,118.4,4299.7,35776,310.7,2900,0.7878,1.6486,5.0165,7.4002
2025-02-22,1,1299,23.5,0,337.7,2383.6,1408.2,164.3,78.7,1661.3,23641,136.5,785,0.6221,0.6828,1.4454,2.7371
2025-02-23,1,1436,21.8,0,330.9,2260.0,1384.4,134.2,59.7,1873.1,26083,130.6,568,0.4976,0.6129,1.1434,2.2599
2025-02-24,1,4871,23.0,1,333.6,3390.2,1408.6,168.6,127.5,4414.7,38853,303.0,2616,0.7464,1.3871,4.6018,6.757
2025-02-25,1,4979,20.7,1,332.1,3398.5,1397.6,182.2,150.7,3987.8,43075,293.9,2959,0.8364,1.4006,5.0622,7.2955
2025-02-26,1,4980,23.7,1,332.1,3351.9,1395.9,237.3,132.5,4071.9,39851,302.6,3002,0.942,1.3692,5.1398,7.4358
2025-02-27,1,5002,23.3,1,331.5,2857.1,1408.6,233.8,133.6,3778.5,38036,306.2,2947,0.9352,1.0139,5.0231,6.9551
2025-02-28,1,4764,22.1,0,329.4,3032.6,1414.4,208.9,136.3,4206.3,38829,283.4,2678,0.8747,1.1327,4.6609,6.6567
2025-03-01,1,1623,23.3,0,333.0,2186.9,1458.2,104.8,79.4,1777.9,22182,150.3,850,0.4643,0.5101,1.5626,2.5526
2025-03-02,1,1404,23.8,0,331.1,2287.6,1382.1,142.0,92.2,1818.8,22459,157.4,853,0.5935,0.6338,1.5753,2.8115
2025-03-03,1,4769,22.3,1,329.3,3336.4,1360.4,204.3,145.6,3900.0,35839,282.1,2541,0.8839,1.3832,4.4172,6.6837
2025-03-04,1,4715,23.4,0,335.0,3007.3,1396.4,195.4,136.2,3838.7,37832,303.0,2751,0.8383,1.1276,4.7348,6.7165
2025-03-05,1,4666,21.6,1,332.3,2985.0,1382.5,181.4,145.7,3714.7,37488,277.9,2456,0.8227,1.1218,4.2661,6.2105
2025-03-06,1,5072,29.1,1,331.3,3604.1,1397.8,193.3,154.8,4088.1,41472,324.9,2752,0.8756,1.5444,4.7772,7.1639
2025-03-07,1,5004,26.4,1,336.0,2938.1,1419.2,186.0,145.0,4318.8,38838,289.9,2934,0.8334,1.0632,5.0614,6.9303
2025-03-08,1,1738,24.7,0,326.5,2114.8,1404.9,116.1,85.2,2388.1,23495,148.5,1113,0.508,0.4969,2.0299,3.0499
2025-03-09,1,1569,26.8,0,335.8,2117.0,1481.2,168.3,88.7,1841.3,27397,163.7,972,0.6559,0.4451,1.7608,2.8275
2025-03-10,1,5020,20.0,0,329.4,2669.7,1451.7,219.8,164.2,3931.5,33784,319.5,2711,0.9684,0.8526,4.6922,6.5036
2025-03-11,1,4563,18.8,1,332.6,3406.5,1438.4,185.9,134.5,3583.5,37234,290.2,2310,0.8089,1.3777,4.0368,6.2205
2025-03-12,1,5036,23.7,1,330.2,3317.6,1434.0,208.4,138.1,4505.8,39543,288.6,2919,0.8775,1.3185,5.0609,7.2311
2025-03-13,1,4912,21.7,0,329.2,2507.2,1497.1,207.0,121.0,3968.6,38612,297.0,2507,0.8343,0.7071,4.382,5.8816
2025-03-14,1,4993,24.3,1,335.9,4080.0,1495.1,251.4,133.5,4196.4,39871,299.7,3066,0.9821,1.8094,5.2494,8.0116
2025-03-15,2,1786,25.4,2,337.6,3417.2,1495.8,161.3,107.2,2132.7,25700,145.1,841,0.6799,1.345,1.5904,3.7147
2025-03-16,2,1540,27.1,1,331.3,2764.1,1470.4,156.1,93.7,2252.3,25367,152.7,1295,0.6348,0.9056,2.2891,3.998
2025-03-17,2,5099,22.7,2,333.0,3968.6,1471.3,202.6,128.4,4016.8,38332,295.1,2784,0.8396,1.7481,4.8023,7.6955
2025-03-18,2,5240,26.2,2,332.2,4268.2,1528.7,194.8,133.6,3949.5,37382,295.3,3123,0.8307,1.9176,5.3025,8.3539
2025-03-19,2,5470,25.4,2,337.2,4228.5,1499.7,238.9,158.5,4626.1,40891,301.7,3040,1.0064,1.9102,5.2632,8.4727
2025-03-20,2,5493,26.3,2,325.7,4721.5,1460.2,223.2,150.9,4468.3,39223,342.7,3156,0.9468,2.2829,5.4362,9.0416
2025-03-21,2,5122,24.5,2,333.1,4127.4,1451.8,183.9,144.5,4157.8,38201,299.4,3004,0.8266,1.8729,5.1511,8.1757
2025-03-22,2,1541,28.8,1,329.8,3723.8,1465.6,147.7,100.1,2131.8,26563,138.5,1049,0.6271,1.5807,1.8996,4.2562
2025-03-23,2,1588,25.7,1,324.9,2783.3,1448.9,157.0,76.3,1977.0,27474,134.1,1105,0.597,0.9341,1.9633,3.6639
2025-03-24,2,5304,29.9,2,330.9,4864.3,1505.0,159.4,142.7,4471.1,42334,330.1,3207,0.7568,2.3515,5.5083,8.9647
2025-03-25,2,5123,24.4,2,337.5,4414.0,1506.4,181.9,152.5,4120.6,41240,289.0,3158,0.8398,2.0353,5.3739,8.5869
2025-03-26,2,5112,27.9,2,330.0,4790.0,1496.1,210.0,132.4,4231.8,39578,290.6,2854,0.8686,2.3057,4.9315,8.404
2025-03-27,2,5221,26.3,2,334.4,4661.4,1502.7,161.6,152.3,4231.8,41756,306.1,3145,0.7849,2.2111,5.3756,8.6685
2025-03-28,2,5384,25.8,2,335.6,4229.6,1498.7,168.1,147.8,4179.5,41253,317.0,3061,0.7919,1.9116,5.2481,8.2304
2025-03-29,2,1505,28.1,1,332.0,3151.2,1484.1,131.1,105.5,1796.1,27826,150.6,1050,0.5951,1.167,1.8666,3.8259
2025-03-30,2,1697,26.2,2,332.4,2853.7,1512.9,151.4,96.1,1881.4,23475,143.3,1005,0.6277,0.9386,1.8048,3.4853
2025-03-31,2,5559,21.1,2,326.9,4197.6,1497.3,221.9,155.0,4394.4,42558,343.7,3336,0.9527,1.8902,5.6988,8.885
2025-04-01,1,4646,20.4,0,329.9,3102.3,1506.2,228.4,108.8,3698.5,35237,276.0,2747,0.8634,1.1173,4.6991,6.6913
2025-04-02,1,4843,30.0,0,334.7,3672.1,1514.8,199.0,133.6,3981.1,39562,280.8,2946,0.8419,1.5101,5.035,7.3865
2025-04-03,1,5065,30.1,1,332.2,3999.0,1523.1,193.0,146.5,4112.6,36179,289.7,2792,0.8557,1.7331,4.8227,7.4077
2025-04-04,1,4805,31.6,1,333.1,4575.9,1525.0,167.7,137.1,3916.0,35997,281.9,2504,0.7661,2.1356,4.3636,7.2609
2025-04-05,1,1458,27.6,0,332.4,2284.5,1506.1,127.8,108.9,1844.0,21815,126.6,1024,0.5941,0.5449,1.8208,2.9717
2025-04-06,1,1771,24.9,1,338.6,2491.1,1565.1,157.4,93.9,1896.1,25892,163.7,1269,0.6387,0.6482,2.2125,3.4734
2025-04-07,1,4825,27.0,0,330.7,2968.0,1573.9,213.4,124.7,3840.7,38903,280.1,2778,0.86,0.9759,4.7656,6.5904
2025-04-08,1,5079,28.1,1,336.8,3502.8,1555.2,207.2,111.4,3748.3,43743,302.0,3092,0.8126,1.3633,5.2368,7.3552
2025-04-09,1,4958,26.0,1,332.4,3687.2,1504.0,211.3,130.4,3952.4,38659,285.8,2582,0.8675,1.5282,4.4875,6.8367
2025-04-10,1,4819,31.9,1,337.1,4246.9,1600.9,224.8,140.6,3710.3,39630,277.8,2683,0.9272,1.8522,4.6066,7.3536
2025-04-11,1,4967,33.4,2,328.3,5057.0,1556.6,201.1,146.0,3997.5,39151,311.8,2896,0.8762,2.4503,4.9758,8.3236
2025-04-12,1,1619,29.6,0,332.6,2543.6,1582.7,169.2,73.4,1775.2,26040,167.1,627,0.623,0.6726,1.2365,2.5254
2025-04-13,1,1745,28.7,0,330.8,2561.8,1539.1,125.4,113.6,1612.8,25588,168.8,737,0.5985,0.7159,1.3827,2.7145
2025-04-14,1,4782,26.0,1,332.4,2918.5,1529.5,194.5,117.8,4270.3,40064,272.5,2802,0.7934,0.9723,4.8501,6.6254
2025-04-15,2,5376,32.4,2,335.7,5155.3,1543.6,196.2,137.7,4191.5,38684,300.9,3009,0.8439,2.5282,5.1635,8.8835
2025-04-16,2,5357,29.3,2,333.1,4722.3,1583.8,223.9,130.8,4481.8,36094,339.8,3045,0.9022,2.1969,5.2691,8.6793
2025-04-17,2,5495,28.6,2,335.7,4361.7,1608.8,186.6,147.2,4212.0,41830,319.2,3114,0.8401,1.927,5.3326,8.4256
2025-04-18,2,5184,30.5,2,330.0,4767.6,1520.2,196.2,138.6,4419.7,36524,291.8,2776,0.846,2.2732,4.8366,8.2804
2025-04-19,2,1901,28.3,0,329.5,2679.7,1479.0,103.3,108.0,1871.3,28345,173.5,1063,0.5263,0.8405,1.9056,3.4584
2025-04-20,2,1802,30.0,1,332.0,3898.2,1554.3,155.5,124.3,2048.9,24582,156.9,1043,0.7039,1.6407,1.8883,4.3936
2025-04-21,2,5131,26.7,2,331.9,4069.7,1532.6,229.8,142.5,3884.6,37681,312.7,2871,0.945,1.776,4.9247,7.9698
2025-04-22,2,5586,32.4,2,331.4,5192.0,1536.1,230.6,133.4,4831.5,46322,299.5,3150,0.9262,2.5591,5.4535,9.2932
2025-04-23,2,5771,29.9,2,329.1,4577.2,1537.8,231.8,151.2,4433.2,42205,330.8,3310,0.9705,2.1276,5.6585,9.0893
2025-04-24,2,5549,32.8,2,335.6,4998.2,1585.2,228.3,170.8,4489.5,40928,336.1,3366,1.0064,2.3891,5.7513,9.5344
2025-04-25,2,5625,29.9,2,330.9,4899.2,1534.0,226.6,152.3,4468.6,42971,320.4,3245,0.9591,2.3556,5.5608,9.2779
2025-04-26,2,1733,30.2,1,336.3,3391.6,1582.7,154.7,110.0,1969.9,26746,167.8,658,0.6687,1.2662,1.3069,3.3781
2025-04-27,2,1419,28.0,0,332.0,2599.8,1556.4,150.5,68.1,1873.0,26010,123.1,608,0.5607,0.7304,1.2,2.5736
2025-04-28,2,5036,32.4,2,333.9,5065.8,1511.2,186.2,141.2,4267.0,36752,300.3,3089,0.8252,2.4882,5.2917,8.961
2025-04-29,2,5414,29.0,2,333.7,4546.9,1581.8,203.0,135.9,4377.0,41704,338.4,3017,0.858,2.0756,5.2155,8.482
2025-04-30,2,5262,30.0,2,329.5,4985.1,1537.3,206.3,127.9,4191.7,39573,298.0,3036,0.8483,2.4135,5.203,8.8588
2025-05-01,0,714,31.2,0,333.1,2547.8,1534.0,115.5,83.2,1436.2,19341,110.4,761,0.5017,0.7097,1.3693,2.1347
2025-05-02,0,867,31.6,0,337.8,2683.0,1569.5,91.1,87.0,1782.2,21728,121.0,617,0.4451,0.7794,1.2003,1.9651
2025-05-03,0,392,27.7,1,332.8,2764.6,1569.1,89.9,70.3,1068.0,16386,93.7,50,0.4033,0.8368,0.2502,1.254
2025-05-04,0,80,31.1,0,334.7,2528.9,1573.9,116.5,78.8,615.9,19997,75.6,306,0.4942,0.6685,0.5729,1.4426
2025-05-05,0,798,33.4,0,334.1,3067.0,1585.8,144.3,82.0,1197.4,20828,100.4,490,0.5761,1.0368,0.9301,2.1087
2025-05-06,0,1150,31.0,0,332.9,2786.9,1574.6,130.9,99.3,1429.0,21970,129.1,733,0.5802,0.8486,1.3357,2.278
2025-05-07,0,685,31.5,0,332.6,2777.0,1532.5,183.2,86.6,1166.1,20629,104.6,452,0.691,0.8712,0.8712,2.0206
2025-05-08,0,1035,32.4,0,333.6,2754.5,1492.1,108.4,93.1,1389.3,22045,104.3,765,0.5056,0.8837,1.3678,2.2718
2025-05-09,0,791,31.9,0,334.3,2447.5,1571.6,134.0,99.2,1386.2,23375,123.8,444,0.5883,0.6131,0.8951,1.7127
2025-05-10,0,379,30.1,0,327.9,2052.5,1553.6,145.2,87.9,1179.5,17620,81.1,50,0.5922,0.3492,0.2583,0.9871
2025-05-11,0,479,32.4,1,332.7,2796.8,1554.5,142.1,80.7,1239.6,19324,79.6,336,0.5672,0.8696,0.6944,1.7447
2025-05-12,0,1012,34.8,0,331.4,3568.1,1569.1,142.6,55.8,1396.0,21861,113.4,338,0.5111,1.3993,0.7321,2.1754
2025-05-13,0,1042,30.4,0,330.8,2035.3,1523.7,152.3,95.2,1724.9,20459,111.2,931,0.6281,0.3581,1.6597,2.1716
2025-05-14,0,671,32.0,0,335.9,3019.7,1562.9,123.3,69.4,1412.2,21105,102.1,324,0.4908,1.0198,0.7077,1.8111
2025-05-15,0,1079,29.9,0,329.8,2348.2,1518.9,166.0,86.7,1853.6,21229,108.6,617,0.6452,0.5805,1.2032,1.9871
2025-05-16,0,725,35.1,0,327.8,3386.7,1548.7,151.3,89.3,1501.9,18517,113.0,299,0.6118,1.2866,0.6851,2.1184
2025-05-17,0,328,33.0,0,334.4,2172.8,1538.0,97.2,98.9,1040.4,20325,106.3,251,0.489,0.4444,0.5553,1.1761
2025-05-18,0,328,31.4,1,327.7,3020.3,1579.6,123.0,106.6,1338.3,22163,91.0,272,0.5759,1.0085,0.6162,1.8301
2025-05-19,0,966,33.6,1,326.2,3859.2,1507.1,93.3,72.8,1548.2,22144,101.1,438,0.4182,1.6465,0.8949,2.4356
2025-05-20,0,939,30.9,0,334.7,2829.9,1577.6,160.4,66.5,1625.8,21758,106.3,626,0.5835,0.8766,1.1885,2.1565
2025-05-21,0,727,31.4,0,332.5,2565.5,1533.5,128.0,88.6,1480.4,20829,110.4,434,0.5477,0.7224,0.8846,1.7816
2025-05-22,0,635,30.5,1,333.4,2543.4,1581.6,151.1,86.3,1271.3,19738,80.0,351,0.6043,0.6733,0.721,1.6261
2025-05-23,0,1035,31.5,0,330.7,2391.7,1566.3,126.2,69.4,1560.3,24453,106.8,465,0.4985,0.5778,0.9401,1.6408
2025-05-24,0,315,37.0,0,327.8,3563.6,1510.4,74.8,78.5,1071.7,19492,69.4,599,0.3818,1.4372,1.0642,2.3736
2025-05-25,0,488,32.5,0,328.4,2634.2,1526.1,176.8,89.8,1049.0,16128,98.3,496,0.6813,0.7757,0.919,1.984
2025-05-26,0,870,35.2,0,331.2,3104.4,1562.0,128.5,67.0,1053.4,23812,140.1,636,0.4992,1.0797,1.1506,2.2451
2025-05-27,0,626,32.5,0,328.2,2830.2,1521.8,99.3,67.6,1163.2,22346,88.0,566,0.4223,0.9159,1.0349,1.9265
2025-05-28,0,1052,36.1,0,332.9,2929.7,1510.6,154.1,78.0,1588.1,23501,132.1,664,0.5932,0.9934,1.2531,2.3197
2025-05-29,0,812,32.2,0,330.6,2870.7,1522.5,169.4,81.6,1598.8,16451,104.8,408,0.6425,0.9437,0.856,2.0238
2025-05-30,0,940,34.7,0,332.6,2972.6,1508.8,122.5,96.7,1626.1,21943,101.5,69,0.5517,1.0247,0.3509,1.5904
2025-05-31,0,165,34.8,0,332.5,2991.3,1528.3,110.8,72.1,952.0,20301,101.2,50,0.4635,1.0241,0.2409,1.4413
2025-06-01,0,577,39.9,1,333.2,3965.9,1505.5,125.6,82.8,1135.3,21106,126.9,724,0.5279,1.7223,1.2857,2.9092
2025-06-02,0,721,36.3,0,333.5,2806.3,1533.3,98.5,117.3,1314.6,21397,112.4,627,0.5349,0.8911,1.1553,2.1359
2025-06-03,0,818,33.7,0,331.0,2827.5,1465.1,109.5,70.5,1231.7,23048,116.2,511,0.4563,0.9537,0.9735,2.0048
2025-06-04,0,898,36.6,0,332.6,3457.1,1486.3,165.4,76.0,1076.0,22022,116.2,237,0.6188,1.3796,0.5435,2.0506
2025-06-05,0,682,39.9,0,332.7,3722.8,1492.1,119.4,93.4,1044.7,23031,103.9,510,0.5357,1.5615,0.944,2.554
2025-06-06,0,938,31.7,1,324.7,3264.3,1468.7,108.5,101.1,1729.0,22231,121.3,494,0.5243,1.2569,1.0097,2.312
2025-06-07,0,571,33.5,0,333.9,3092.3,1473.6,110.3,88.1,1588.3,20546,108.8,457,0.4991,1.1331,0.9312,2.1676
2025-06-08,0,193,34.9,1,332.4,3400.0,1479.5,137.1,104.5,1155.4,20417,103.6,50,0.6088,1.3444,0.2664,1.7955
2025-06-09,0,950,34.6,1,333.7,3607.1,1523.8,83.6,91.2,1478.5,21273,111.5,463,0.4347,1.4583,0.9285,2.3232
2025-06-10,0,384,34.8,0,328.1,2840.6,1498.3,122.5,50.0,887.3,17638,93.8,382,0.4438,0.9396,0.727,1.7345
2025-06-11,0,871,32.8,0,331.1,3096.1,1422.8,179.8,86.9,1411.0,21665,113.1,852,0.6826,1.1713,1.5047,2.7762
2025-06-12,0,822,38.8,0,328.7,3601.9,1457.4,169.5,76.3,1519.8,22515,124.3,358,0.6305,1.5011,0.7821,2.401
2025-06-13,0,731,32.7,1,334.2,3178.8,1525.1,135.8,104.5,1502.6,22736,136.7,244,0.6053,1.1576,0.6146,1.9586
2025-06-14,0,476,35.4,0,327.8,2668.3,1470.8,147.5,95.2,1319.1,21675,109.1,460,0.6152,0.8383,0.9039,1.9525
2025-06-15,0,222,38.2,1,329.2,4126.3,1474.1,142.7,53.8,1255.4,18809,94.6,50,0.5067,1.8565,0.2739,2.1598
2025-06-16,0,847,35.9,1,333.6,3524.9,1494.0,122.5,105.4,1774.9,21249,124.0,277,0.5718,1.4216,0.6907,2.188
2025-06-17,0,811,33.9,0,330.1,2978.8,1436.7,144.9,98.8,1329.9,20340,126.7,518,0.6166,1.0795,0.9997,2.2218
2025-06-18,0,533,33.2,0,329.2,3427.3,1458.4,158.9,76.5,1735.4,20688,128.0,685,0.6026,1.3782,1.2996,2.6769
2025-06-19,0,675,35.7,1,334.7,3864.1,1485.3,94.3,81.9,954.9,17881,85.2,239,0.4419,1.6652,0.5168,2.1484
2025-06-20,0,1051,34.6,0,334.8,3514.6,1472.7,141.6,108.5,1411.5,22455,129.5,543,0.6301,1.4293,1.0489,2.5128
2025-06-21,0,80,36.8,1,334.2,3505.5,1453.6,119.4,46.4,985.6,23465,47.6,66,0.4272,1.4363,0.2457,1.731
2025-06-22,0,143,33.3,0,334.5,3015.8,1459.6,114.8,83.4,1087.5,15894,92.9,50,0.5003,1.0893,0.2521,1.487
2025-06-23,0,807,38.2,0,331.3,3460.5,1414.3,124.8,101.1,1367.6,21672,117.9,150,0.568,1.4323,0.4487,2.0074
2025-06-24,0,1192,36.7,0,331.4,3464.8,1454.5,136.6,88.0,1549.8,23687,122.1,836,0.5694,1.4072,1.502,2.8253
2025-06-25,0,1017,36.9,0,330.1,3877.8,1393.5,135.2,96.9,1927.0,23183,88.7,623,0.5862,1.739,1.2126,2.9005
2025-06-26,0,778,39.7,0,332.5,3547.0,1415.2,148.6,85.9,1284.5,19528,109.8,517,0.5967,1.4923,0.9849,2.543
2025-06-27,0,1113,35.6,0,330.4,3230.0,1439.4,140.5,76.6,1406.6,23603,127.8,620,0.5535,1.2534,1.1634,2.4207
2025-06-28,0,148,35.1,0,330.7,2710.7,1426.6,108.8,64.6,1296.1,17659,80.9,358,0.4408,0.8989,0.7342,1.6773
2025-06-29,0,463,35.5,0,333.8,3295.0,1416.2,99.9,91.2,1339.9,17375,88.4,178,0.4784,1.3152,0.4728,1.8779
2025-06-30,0,634,36.3,0,335.6,3049.6,1388.8,111.0,73.1,1490.1,22376,92.8,174,0.4663,1.1626,0.4883,1.7589
2025-07-01,1,5074,36.6,0,333.2,4516.9,1415.8,207.1,113.0,4081.1,40507,302.7,3242,0.8161,2.1708,5.5011,8.4985
2025-07-02,1,4807,35.0,0,337.4,3576.6,1414.5,181.0,134.5,3632.7,36450,281.7,2392,0.7958,1.5135,4.1616,6.4592
2025-07-03,1,4695,32.4,1,329.9,4343.5,1406.0,215.3,123.6,3826.1,36740,296.0,2695,0.8625,2.0562,4.6459,7.5489
2025-07-04,1,4841,35.6,0,326.5,3915.1,1362.2,206.6,115.1,3629.0,37288,291.9,2794,0.8196,1.787,4.769,7.3673
2025-07-05,1,1612,37.7,0,334.1,3771.2,1358.8,164.2,95.4,1943.1,21812,126.8,914,0.6604,1.6887,1.6678,4.0154
2025-07-06,1,1473,37.2,0,329.7,3488.3,1344.9,122.5,104.2,1930.9,25559,143.4,575,0.569,1.5004,1.1664,3.1927
2025-07-07,1,4980,39.6,1,331.2,4955.2,1370.4,181.4,135.1,4181.2,40356,304.1,2675,0.7982,2.5094,4.6632,7.9462
2025-07-08,1,4775,41.2,0,326.7,4610.7,1360.4,220.9,116.3,3843.9,37456,309.3,2942,0.8607,2.2752,5.0247,8.1918
2025-07-09,1,4992,38.6,0,329.3,4241.1,1334.7,202.7,142.1,4129.7,38916,310.8,3145,0.8715,2.0345,5.3646,8.2758
2025-07-10,1,4960,40.0,1,327.5,5353.6,1332.7,194.8,150.0,3812.5,39038,287.4,2802,0.8686,2.8146,4.8015,8.5154
2025-07-11,1,4869,38.7,1,330.7,4692.7,1379.9,213.0,166.6,4092.8,38890,311.2,2657,0.9557,2.319,4.6283,7.9284
2025-07-12,1,1482,40.7,0,330.8,3826.9,1383.4,151.2,114.4,1940.3,21799,125.1,538,0.6695,1.7104,1.1027,3.4748
2025-07-13,1,1589,41.1,0,332.3,4056.7,1363.9,111.0,79.0,1741.1,25553,146.8,1091,0.48,1.885,1.9192,4.2767
2025-07-14,1,4979,39.1,2,335.7,5976.2,1358.7,230.1,147.6,4082.4,36796,308.1,3068,0.9576,3.2322,5.2416,9.4556
2025-07-15,1,5252,38.6,2,334.0,5559.5,1338.5,195.5,141.9,4352.4,41285,328.8,2540,0.8517,2.9547,4.4926,8.318
2025-07-16,1,5049,36.5,1,327.1,4690.7,1334.6,238.3,118.3,4044.5,37289,324.9,2492,0.9119,2.3493,4.3807,7.6666
2025-07-17,1,5056,36.9,1,333.8,4872.5,1335.3,171.7,139.9,3886.7,36895,317.8,2957,0.7833,2.476,5.056,8.315
2025-07-18,1,5436,36.2,2,332.3,4789.2,1355.2,214.8,169.0,4302.3,40781,318.0,3201,0.9661,2.4038,5.4731,8.8465
2025-07-19,1,1655,38.4,0,331.7,3360.0,1349.1,135.7,112.8,2025.5,24860,156.4,874,0.6242,1.4076,1.6319,3.6574
2025-07-20,1,1649,35.4,0,331.9,3227.7,1330.8,96.2,79.6,1773.0,25113,151.9,950,0.4417,1.3278,1.7136,3.4818
2025-07-21,1,5007,36.5,1,332.6,4558.7,1305.8,214.6,135.3,3823.0,37422,291.8,2860,0.8877,2.277,4.8913,8.0389
2025-07-22,1,4699,31.8,0,329.9,3196.6,1292.0,152.3,138.8,3907.3,38101,285.1,2730,0.7288,1.3332,4.7036,6.7637
2025-07-23,1,4800,40.7,2,331.5,5922.5,1262.7,190.0,106.7,4024.2,38695,312.6,2622,0.7557,3.2619,4.5682,8.5817
2025-07-24,1,4789,36.4,1,335.6,4750.0,1313.5,220.5,107.0,4256.1,40212,298.3,2775,0.8381,2.4056,4.8195,8.0517
2025-07-25,1,4997,37.9,1,329.9,4939.3,1285.3,188.3,137.3,4118.0,39320,324.6,2777,0.8218,2.5578,4.8175,8.2169
2025-07-26,1,1530,40.1,0,328.9,3658.0,1244.0,117.7,95.9,1631.0,23347,130.9,751,0.537,1.6898,1.3881,3.5796
2025-07-27,1,1587,37.5,0,331.8,3573.2,1343.7,156.2,66.5,2251.1,22241,141.8,584,0.5722,1.5606,1.2166,3.3579
2025-07-28,1,5076,40.0,1,328.6,5296.2,1281.0,195.9,141.7,4237.0,36565,308.4,2912,0.8523,2.8106,5.0262,8.6661
2025-07-29,1,5036,34.0,0,326.8,3874.4,1234.1,191.7,151.7,3661.4,39733,310.5,3065,0.8642,1.8482,5.1885,7.8797
2025-07-30,1,4851,42.0,2,331.0,5976.3,1317.5,225.4,129.9,3722.2,39802,291.9,2755,0.9041,3.2612,4.7225,8.8687
2025-07-31,1,4760,39.1,1,336.3,4779.3,1268.8,170.0,133.0,3762.7,36390,298.8,2697,0.7628,2.4574,4.6424,7.8744
2025-08-01,1,5085,37.1,1,331.9,4856.4,1280.1,191.4,144.6,4203.6,39816,313.3,3175,0.847,2.5034,5.4199,8.7138
2025-08-02,1,1701,39.8,0,332.5,4140.3,1258.6,159.7,102.0,1526.3,24831,134.9,1171,0.6636,2.0172,2.0078,4.6928
2025-08-03,1,1273,34.0,0,325.6,3398.1,1213.8,105.8,65.2,1667.8,24639,141.3,1051,0.4342,1.529,1.8476,3.8119
2025-08-04,1,4824,35.9,1,333.3,4978.2,1240.7,235.9,119.3,4031.5,39820,305.0,3204,0.9078,2.6162,5.439,8.9388
2025-08-05,1,4910,39.7,0,332.3,4644.0,1276.2,193.6,128.0,3434.1,34543,299.5,2859,0.8145,2.3575,4.8457,8.0223
2025-08-06,1,5021,32.3,1,330.0,4272.5,1248.5,219.6,122.3,4147.4,40946,278.9,2704,0.871,2.1168,4.6915,7.649
2025-08-07,1,5044,37.6,1,332.5,4762.4,1227.7,220.0,157.5,4183.3,39639,298.7,2832,0.9534,2.4743,4.8963,8.3229
2025-08-08,1,4932,37.5,0,332.5,3851.9,1174.4,195.4,143.7,3805.4,37758,302.2,2964,0.8556,1.8742,5.05,7.7486
2025-08-09,1,1667,40.6,0,328.8,3577.7,1214.6,129.5,78.4,1725.9,24095,139.6,1226,0.5282,1.6542,2.1162,4.3497
2025-08-10,1,1573,32.7,0,333.0,2953.6,1186.1,137.4,90.7,1720.0,24664,156.8,724,0.5777,1.2372,1.3704,3.2069
2025-08-11,1,4759,39.7,1,335.6,5026.9,1235.1,211.3,149.1,3369.6,37081,297.9,2806,0.9107,2.6543,4.7585,8.3297
2025-08-12,1,4833,34.9,1,331.3,4887.3,1183.1,175.3,123.3,3837.7,36612,294.1,2660,0.7546,2.5929,4.5939,7.9175
2025-08-13,1,4884,35.1,1,329.4,4896.7,1173.8,171.4,146.4,3967.6,37239,295.0,2806,0.7975,2.606,4.829,8.2257
2025-08-14,1,4874,33.3,1,331.5,4167.0,1175.7,230.4,154.2,3702.4,36599,296.6,2798,0.9737,2.0939,4.7857,7.8475
2025-08-15,1,4541,33.5,0,334.6,3984.7,1223.3,175.6,147.7,3890.4,39496,279.3,2702,0.8118,1.933,4.6574,7.4082
2025-08-16,1,1490,36.7,1,328.3,3834.2,1126.1,144.6,95.6,1842.3,24359,126.6,1230,0.6084,1.8957,2.1304,4.6444
2025-08-17,1,1572,33.3,0,333.7,3243.5,1203.0,133.8,112.6,1921.4,28658,140.6,997,0.6187,1.4284,1.7979,3.8506
2025-08-18,1,4830,37.3,1,330.0,5005.0,1175.1,193.5,125.1,3822.2,38954,293.2,2724,0.8076,2.6809,4.6883,8.1853
2025-08-19,1,4836,34.2,0,332.7,4243.2,1169.4,228.5,170.3,4032.1,39371,309.6,2698,1.0058,2.1517,4.682,7.8352
2025-08-20,1,4968,32.9,2,330.3,4713.1,1146.7,197.6,138.2,4212.5,36955,306.9,2847,0.8488,2.4965,4.9252,8.279
2025-08-21,1,4686,34.3,1,330.3,4681.0,1165.2,186.5,148.4,3732.0,37288,303.5,2561,0.8426,2.4611,4.4371,7.7248
2025-08-22,1,4587,36.1,1,336.6,4114.6,1159.2,186.6,124.6,3880.9,37396,264.6,2686,0.7879,2.0688,4.625,7.4551
2025-08-23,1,1499,34.7,0,327.8,3547.3,1123.6,125.9,100.5,1968.3,23149,138.2,435,0.5696,1.6966,0.9578,3.2702
2025-08-24,1,1699,35.3,0,333.5,3318.8,1151.4,125.8,103.5,2028.6,24299,176.3,947,0.5762,1.5172,1.7506,3.8544
2025-08-25,1,5184,36.7,1,337.2,4806.9,1200.8,192.3,123.3,4415.9,40529,299.4,2983,0.8002,2.5243,5.1513,8.5209
2025-08-26,1,5021,37.4,1,334.1,4321.1,1104.6,237.0,120.9,3882.3,39880,291.8,2703,0.9144,2.2516,4.6636,7.8228
2025-08-27,1,4616,34.3,1,328.0,4300.1,1129.5,208.7,127.3,3686.0,34981,279.5,2608,0.8534,2.2194,4.4906,7.6237
2025-08-28,1,4839,32.5,1,328.2,4597.9,1109.6,189.5,149.6,3760.3,38835,317.0,3008,0.8534,2.4418,5.1175,8.4148
2025-08-29,1,4927,34.9,0,329.7,3910.8,1108.2,220.3,106.7,4085.2,39689,288.7,3072,0.8369,1.9618,5.24,8.0674
2025-08-30,1,1594,35.7,0,332.5,3532.6,1080.5,103.8,88.7,1839.2,23632,153.4,829,0.4831,1.7165,1.5403,3.7407
2025-08-31,1,1659,31.3,1,332.7,3385.1,1070.9,170.1,114.6,1803.3,23722,154.4,1056,0.7206,1.6199,1.877,4.2216
2025-09-01,1,4715,32.5,2,328.2,5013.2,1103.9,223.4,113.1,4122.7,38598,264.0,2465,0.86,2.7365,4.3226,7.9162
2025-09-02,1,4892,32.8,0,329.4,3822.0,1063.3,247.3,152.5,4258.8,33915,295.0,2784,1.015,1.9311,4.83,7.7638
2025-09-03,1,4956,33.8,1,329.6,4179.6,1116.8,221.5,117.6,3913.6,38819,291.4,2916,0.8653,2.144,4.9864,8.0201
2025-09-04,1,5029,32.5,2,331.5,4823.8,1068.0,210.1,121.6,3771.8,42064,309.4,3192,0.844,2.6291,5.3925,8.8653
2025-09-05,1,4735,35.6,1,338.0,4994.4,1124.3,223.6,129.6,4171.1,33214,308.9,2961,0.8986,2.7091,5.091,8.7195
2025-09-06,1,1500,30.4,0,329.2,2845.4,1063.0,123.2,121.1,1914.7,25781,138.4,908,0.6099,1.2477,1.6618,3.542
2025-09-07,1,1075,30.3,0,329.1,2576.5,1057.4,120.7,78.3,1642.2,23495,119.2,459,0.5043,1.0634,0.9463,2.5493
2025-09-08,1,4769,33.0,1,328.6,4873.4,1044.5,194.4,106.2,3875.7,35441,319.8,3011,0.7663,2.6802,5.1361,8.5932
2025-09-09,1,4786,33.2,1,333.9,4615.2,1091.4,226.3,111.4,3723.3,39038,281.8,2715,0.8638,2.4667,4.6578,7.9505
2025-09-10,1,4697,30.3,2,331.9,4692.2,1087.9,175.7,145.3,3737.7,39530,270.2,2805,0.8065,2.523,4.7895,8.111
2025-09-11,1,4910,32.0,1,329.3,4286.8,1049.9,177.2,113.6,4066.2,36504,312.5,2826,0.7373,2.2658,4.8785,7.881
2025-09-12,1,4870,32.4,1,330.9,4431.0,1073.8,202.9,151.3,3838.8,37181,293.5,3183,0.8933,2.35,5.3784,8.622
2025-09-13,1,1155,32.3,0,329.6,3053.5,1051.4,146.6,89.9,1694.0,22898,130.4,560,0.6006,1.4015,1.1088,3.1438
2025-09-14,1,1601,33.4,1,332.9,3036.7,1024.5,123.4,93.7,1895.0,26484,173.8,1094,0.5472,1.4085,1.9546,3.9387
2025-09-15,1,4713,31.4,0,340.1,3672.7,1086.5,209.6,136.0,3631.8,36821,270.2,2718,0.8759,1.8103,4.6455,7.3281
2025-09-16,1,4968,36.0,1,333.7,4635.8,1045.6,229.5,122.6,4272.0,38790,296.2,2984,0.8983,2.5131,5.1336,8.6057
2025-09-17,1,4650,33.7,1,331.7,4210.1,977.9,220.1,132.9,3889.9,36333,269.4,2989,0.8969,2.2625,5.0824,8.2331
2025-09-18,1,4886,30.8,1,330.0,4010.0,1024.6,205.7,115.7,3988.8,38565,298.9,2473,0.8185,2.0898,4.3342,7.2359
2025-09-19,1,4829,32.6,0,328.0,3330.1,982.4,194.9,153.2,3993.9,40166,285.7,2789,0.8762,1.6434,4.8034,7.2957
2025-09-20,1,1616,32.6,0,334.2,2526.5,1009.9,177.3,79.0,1579.2,24978,133.6,776,0.6577,1.0616,1.4211,3.1014
2025-09-21,1,1584,34.8,0,334.0,3565.4,1030.6,138.9,100.6,1793.3,24009,155.1,999,0.6046,1.7744,1.7907,4.1402
2025-09-22,1,4834,30.7,1,330.6,4157.5,1021.1,217.7,117.5,3622.2,38244,292.7,2928,0.8549,2.1955,4.9699,8.0455
2025-09-23,1,4604,33.6,0,335.6,3170.5,1014.4,236.0,122.2,3776.9,35896,267.2,2586,0.9148,1.5093,4.4632,6.9058
2025-09-24,1,4615,31.9,1,332.1,3975.1,1034.6,211.4,124.8,3820.0,35593,268.4,2583,0.8548,2.0584,4.4644,7.3555
2025-09-25,1,4775,34.9,0,334.3,4215.7,1022.3,174.0,177.0,3885.9,40221,292.4,2806,0.8752,2.2354,4.819,7.932
2025-09-26,1,4879,34.4,1,332.9,4400.4,1007.3,170.6,133.3,4137.1,41440,274.5,2601,0.7651,2.3752,4.5339,7.6944
2025-09-27,1,1452,31.8,1,331.5,3709.7,1011.9,129.6,80.1,1530.7,20874,143.1,902,0.5324,1.8885,1.6073,3.9773
2025-09-28,1,1674,30.7,1,329.1,3583.5,1030.8,155.7,88.4,1794.0,26079,166.4,824,0.6215,1.7869,1.534,3.9867
2025-09-29,1,4830,32.2,2,331.6,4376.2,951.8,206.7,110.4,3969.2,39832,300.4,2933,0.809,2.3971,5.0229,8.2553
2025-09-30,1,4707,30.6,0,334.5,3439.3,1044.2,243.3,129.0,3865.8,35588,279.3,2493,0.95,1.6766,4.3398,6.9866
2025-10-01,3,5904,34.6,2,330.5,5395.4,981.6,255.8,173.6,4503.7,43148,362.0,3572,1.0866,3.0897,6.0743,11.1006
2025-10-02,3,5995,30.9,1,333.3,4226.1,983.5,240.7,152.0,5012.3,43340,347.8,3592,0.9962,2.2698,6.159,10.128
2025-10-03,3,6013,29.7,2,328.8,4595.4,977.0,223.3,160.7,5085.8,47876,365.2,3684,0.9697,2.5329,6.315,10.5975
2025-10-04,3,2243,29.4,0,334.3,2822.3,979.0,206.3,88.3,2547.3,31595,190.0,1799,0.7569,1.2903,3.0992,5.5895
2025-10-05,3,1785,27.6,0,332.9,2552.9,968.7,172.0,93.4,1915.1,25039,160.9,1438,0.6767,1.1089,2.4667,4.5924
2025-10-06,3,5941,31.4,2,328.4,5226.1,1000.3,213.8,149.4,4792.2,41526,367.8,3609,0.9181,2.9581,6.1665,10.8647
2025-10-07,3,6031,28.2,1,331.3,4556.6,989.7,249.0,136.5,4880.5,45922,340.7,3661,0.9826,2.4968,6.2443,10.5378
2025-10-08,3,5950,32.3,2,334.8,5391.5,946.1,225.2,152.4,4720.1,45169,346.5,3860,0.9556,3.1118,6.5259,11.4583
2025-10-09,3,5864,26.9,2,328.2,4812.3,989.4,236.2,154.6,4958.2,46068,344.1,3442,0.9901,2.676,5.9266,10.3538
2025-10-10,3,5675,29.9,2,328.8,4849.4,985.7,242.3,151.2,4577.6,41129,342.3,3546,0.9986,2.7046,6.0347,10.5313
2025-10-11,1,1470,32.0,0,331.8,3049.9,942.5,116.5,90.4,2190.2,25476,156.7,744,0.521,1.4752,1.457,3.4114
2025-10-12,1,1368,24.6,0,338.4,2026.1,1001.9,123.9,107.8,1889.1,22428,145.6,763,0.5811,0.7169,1.4434,2.7537
2025-10-13,1,4570,33.7,1,330.0,4206.8,986.5,175.9,126.0,3783.1,38316,281.9,2796,0.7625,2.2542,4.7863,7.8217
2025-10-14,1,4737,28.2,1,333.5,4220.8,939.7,179.5,126.6,4002.6,37829,288.9,2627,0.7735,2.2968,4.5622,7.6362
2025-10-15,1,4692,29.3,2,332.8,3757.7,983.4,172.3,152.9,4084.6,41128,286.0,2897,0.815,1.942,4.9767,7.7627
2025-10-16,1,4985,30.1,1,330.2,3516.0,950.5,189.1,118.2,4152.5,39742,315.8,3287,0.7798,1.7958,5.5828,8.1655
2025-10-17,1,4989,30.3,1,332.5,4126.5,986.4,180.1,109.3,3979.5,38389,277.7,3002,0.7352,2.1981,5.117,8.0539
2025-10-18,1,1399,29.1,0,330.7,2474.4,943.0,148.1,78.8,1648.6,24124,147.2,796,0.5789,1.072,1.4653,3.162
2025-10-19,1,1515,30.6,1,330.9,2888.8,991.9,141.7,99.0,1637.3,24182,137.1,1087,0.6084,1.3278,1.8959,3.8083
2025-10-20,1,4546,29.4,1,327.0,3547.4,947.4,218.1,148.8,3279.2,35015,285.6,2437,0.9282,1.82,4.188,6.9711
2025-10-21,1,4791,32.0,1,331.9,3936.6,951.5,237.7,122.6,3901.8,41587,296.7,3053,0.9202,2.0896,5.1937,8.2363
2025-10-22,1,4952,29.1,1,334.7,4112.5,956.1,214.0,161.6,3900.5,41676,306.6,2737,0.9468,2.2095,4.724,7.9015
2025-10-23,1,5029,32.2,1,332.2,4569.9,988.0,210.4,135.8,3957.8,38804,320.3,3307,0.8776,2.5073,5.5912,8.966
2025-10-24,1,4752,29.7,1,335.3,4329.7,956.4,211.8,130.3,4031.4,39218,272.4,2627,0.8686,2.3613,4.5586,7.7971
2025-10-25,1,1751,23.6,0,333.7,1739.6,995.8,151.8,83.3,1965.4,29047,165.9,1135,0.5992,0.5207,2.0217,3.1215
2025-10-26,1,1289,33.2,0,331.8,2634.0,968.6,134.3,119.7,2040.3,25640,132.2,467,0.6364,1.1658,1.0125,2.8007
2025-10-27,1,4656,26.0,1,330.1,3082.6,923.3,193.2,128.6,3683.6,37002,279.0,2662,0.8148,1.5115,4.5717,6.9013
2025-10-28,1,5008,30.5,1,330.5,4389.4,959.5,177.7,115.1,3830.2,38875,324.8,2710,0.7421,2.4009,4.6824,7.8034
2025-10-29,1,5181,27.1,1,327.6,3811.6,951.4,221.7,174.0,3885.8,36669,316.6,2746,0.9961,2.0021,4.7388,7.7312
2025-10-30,1,4969,29.2,0,331.2,3396.7,925.1,198.8,140.5,4110.9,40264,293.6,3099,0.8573,1.7301,5.286,7.8459
2025-10-31,1,4873,25.3,1,332.4,3485.0,964.2,229.6,145.5,4128.5,40704,305.8,2605,0.9514,1.7646,4.5527,7.2851
2025-11-01,3,1510,28.0,1,337.1,3207.5,991.2,187.3,118.3,1909.2,27791,160.4,993,0.7752,1.5514,1.7991,4.4967
2025-11-02,3,1541,26.0,0,333.6,2187.9,995.8,154.0,102.7,1843.9,26934,157.2,990,0.65,0.8345,1.7851,3.586
2025-11-03,3,5977,29.9,2,329.4,5121.6,982.8,275.0,161.3,5061.2,44938,354.7,3922,1.1096,2.8972,6.6634,11.498
2025-11-04,3,5890,27.2,2,327.7,4609.3,1010.8,189.7,146.5,4470.7,42142,361.7,3849,0.8468,2.5189,6.4854,10.6178
2025-11-05,3,5755,28.2,2,331.4,4429.6,962.2,286.1,155.1,4829.9,43946,344.6,3817,1.125,2.4272,6.4733,10.8263
2025-11-06,3,5966,21.2,2,334.4,4571.5,985.2,217.9,146.1,4676.1,43120,363.3,3569,0.9215,2.5104,6.0911,10.3053
2025-11-07,3,5975,25.7,2,331.3,4394.0,947.8,258.4,146.4,4856.0,45240,372.5,3958,1.0307,2.4123,6.7009,10.9532
2025-11-08,3,2075,26.6,0,333.6,2730.4,1017.4,186.8,101.7,2560.3,26540,187.7,1310,0.7356,1.1991,2.3647,4.6702
2025-11-09,3,1930,26.1,0,331.5,2547.9,942.7,199.5,92.2,2362.3,28240,203.6,1234,0.7476,1.1236,2.2346,4.4505
2025-11-10,3,6175,27.6,2,334.2,5001.0,1019.7,243.9,156.7,4855.4,47517,371.0,3706,1.0156,2.7869,6.3229,10.8941
2025-11-11,1,4882,24.6,1,327.2,3450.1,997.0,150.7,141.1,4178.1,39183,310.9,2712,0.7298,1.7172,4.721,7.1723
2025-11-12,1,4860,25.4,1,336.8,3204.0,963.6,190.3,145.6,3965.2,39003,305.4,2802,0.8463,1.5683,4.828,7.2144
2025-11-13,1,5072,27.7,1,328.7,3830.8,986.6,196.5,145.5,4707.5,40946,321.5,2791,0.8627,1.9909,4.9084,7.7507
2025-11-14,1,4704,20.0,1,334.4,3444.1,989.9,149.6,161.4,3509.6,40943,310.3,2770,0.7738,1.7179,4.7281,7.2123
2025-11-15,1,2068,26.2,0,331.2,2496.6,960.1,148.2,115.6,1872.6,26492,146.9,730,0.6642,1.0756,1.3938,3.1549
2025-11-16,1,1629,24.0,0,331.7,2394.0,969.9,115.7,91.4,2088.9,25780,151.5,986,0.5212,0.9969,1.8056,3.3258
2025-11-17,1,4949,22.6,1,331.3,3248.1,980.2,213.4,141.2,3962.7,41506,296.4,2674,0.8981,1.5875,4.6324,7.1091
2025-11-18,1,4975,25.3,0,332.8,3102.4,988.5,194.1,155.9,4127.2,40100,300.2,2765,0.8803,1.4797,4.7899,7.2052
2025-11-19,1,5218,27.1,2,333.4,3783.2,1020.2,247.1,123.4,3937.5,36311,305.0,2910,0.9473,1.9341,4.9856,7.8475
2025-11-20,1,5023,26.6,2,335.2,4098.1,1004.1,194.8,165.5,4024.0,37808,294.5,3083,0.9044,2.1658,5.2512,8.3314
2025-11-21,1,4591,23.9,1,336.2,3254.5,975.4,202.1,118.5,3828.7,38634,268.4,2754,0.8154,1.5954,4.7228,7.153
2025-11-22,1,1814,26.0,0,333.0,2658.7,1005.6,138.0,110.3,1926.8,24898,157.8,1022,0.6246,1.1572,1.8427,3.6315
2025-11-23,1,1500,25.9,0,337.1,2157.9,957.5,101.3,93.1,1871.7,26893,153.7,741,0.4865,0.8403,1.4133,2.7205
2025-11-24,1,4900,23.7,1,332.3,3555.1,979.3,193.7,133.0,3692.9,41924,289.6,2983,0.8263,1.8031,5.0605,7.669
2025-11-25,1,4650,22.2,0,335.2,2361.4,992.4,210.3,111.3,3854.1,36468,280.3,3020,0.8207,0.9583,5.1296,6.9269
2025-11-26,1,4975,22.3,0,333.3,2802.8,1012.7,212.8,148.3,4244.7,37036,290.5,2880,0.9129,1.2531,4.9712,7.1661
2025-11-27,1,4763,25.4,1,330.4,3191.4,1034.1,189.3,112.8,3630.3,37354,277.4,2475,0.7679,1.5101,4.2842,6.5636
2025-11-28,1,4898,23.4,2,332.5,4560.2,1003.9,166.1,112.1,3703.1,37818,292.6,2714,0.7041,2.4894,4.6584,7.8217
2025-11-29,1,1511,21.1,1,333.5,2444.2,994.9,151.4,110.5,2051.0,27111,147.1,977,0.661,1.0145,1.7859,3.4645
2025-11-30,1,1908,19.6,0,331.9,2207.9,984.1,153.6,124.7,1846.1,24150,175.9,1027,0.6997,0.8567,1.8484,3.4454
2025-12-01,0,1235,25.0,1,333.2,2587.0,1029.0,150.8,79.8,1817.0,24523,116.3,562,0.5885,1.0906,1.1207,2.2735
2025-12-02,0,887,21.9,0,334.6,1540.7,1010.1,119.9,100.7,1459.9,24224,114.6,352,0.5539,0.3714,0.762,1.3785
2025-12-03,0,890,23.7,0,331.9,1817.9,997.0,89.0,97.6,1376.6,23213,129.2,533,0.464,0.5746,1.0298,1.7003
2025-12-04,0,811,25.6,0,323.2,2110.8,1009.6,136.3,83.4,1666.8,22192,97.3,194,0.5579,0.7708,0.5415,1.5636
2025-12-05,0,1078,19.9,0,337.0,2020.2,1060.1,129.2,108.0,1735.4,22236,138.7,619,0.5957,0.6721,1.2058,2.0179
2025-12-06,0,222,22.6,0,331.1,1203.0,991.7,144.6,75.2,1088.0,22261,79.7,145,0.5612,0.1479,0.3906,0.9167
2025-12-07,0,205,22.3,0,329.5,1649.7,976.4,114.3,85.2,639.6,18420,92.8,50,0.5031,0.4713,0.199,0.9998
2025-12-08,0,1055,23.4,1,328.6,2778.1,1011.7,128.0,68.9,1682.3,24138,119.9,424,0.5022,1.2365,0.8991,2.1287
2025-12-09,0,782,25.2,0,331.0,2105.8,996.2,133.3,66.2,1192.1,20999,115.7,637,0.5102,0.7767,1.1569,1.9739
2025-12-10,0,872,19.5,0,330.3,2267.2,993.8,112.6,103.0,1400.8,18347,133.5,266,0.5397,0.8914,0.6327,1.6927
2025-12-11,0,594,23.6,0,329.8,1630.4,1001.4,106.5,90.4,1269.6,20009,100.3,376,0.4942,0.4403,0.7675,1.4229
2025-12-12,0,1005,24.5,0,330.0,2314.2,1057.6,125.9,84.9,1864.6,21940,132.2,714,0.5335,0.8796,1.3608,2.2857
2025-12-13,0,630,21.8,0,333.6,1883.4,1062.4,101.1,111.2,1245.0,20388,106.6,394,0.5278,0.5747,0.7945,1.5851
2025-12-14,0,411,21.8,0,338.1,2258.5,1125.2,112.4,108.4,898.7,18538,84.1,460,0.5516,0.7933,0.8413,1.7529
2025-12-15,0,1142,23.0,0,334.5,2013.5,1040.0,173.2,95.3,1872.6,23923,124.6,458,0.6843,0.6814,0.975,1.9308
2025-12-16,0,726,22.7,0,335.4,1384.6,1095.8,146.0,61.9,1480.8,22376,105.2,279,0.5343,0.2022,0.6502,1.0687
2025-12-17,0,921,23.2,0,330.9,2182.6,1064.3,133.4,84.4,1608.4,21318,99.5,451,0.5525,0.7828,0.9207,1.8858
2025-12-18,0,709,23.1,0,332.3,1797.8,1046.3,156.9,71.0,1607.5,20412,112.4,1004,0.5845,0.526,1.7556,2.3827
2025-12-19,0,837,19.6,1,333.3,2364.7,1063.5,106.9,86.4,1729.1,19624,120.6,577,0.4861,0.9108,1.1331,2.0692
2025-12-20,0,420,23.9,1,330.0,1988.8,1046.5,172.3,66.0,999.9,20222,103.6,369,0.6142,0.6596,0.7262,1.585
2025-12-21,0,299,24.2,1,330.7,2760.5,1073.1,105.3,60.6,835.0,21736,105.6,291,0.4222,1.1812,0.5907,1.7967
2025-12-22,0,624,22.0,1,334.6,2278.0,1107.9,165.3,48.5,1438.5,23102,114.5,376,0.555,0.8191,0.7951,1.8094
2025-12-23,0,642,18.3,0,335.3,2307.2,1080.4,165.5,85.2,1250.8,19618,96.7,561,0.6404,0.8588,1.041,2.096
2025-12-24,0,630,21.3,0,332.2,1782.8,1104.8,82.8,48.1,1259.7,24230,98.7,50,0.333,0.4746,0.2778,0.9391
2025-12-25,0,967,21.9,0,328.4,1731.2,1107.1,159.7,81.8,1297.6,21409,128.6,611,0.617,0.4369,1.1365,1.7914
2025-12-26,0,1250,18.9,0,331.1,2380.6,1125.7,126.3,100.4,1780.1,21421,135.9,802,0.5704,0.8784,1.4842,2.4586
2025-12-27,0,526,20.6,0,327.7,1851.9,1052.0,107.0,70.5,1298.5,17758,98.5,488,0.4496,0.5599,0.9375,1.5487
2025-12-28,0,80,18.2,1,332.2,2271.9,1099.3,123.0,59.7,921.6,16399,68.1,50,0.4675,0.8208,0.2212,1.2216
2025-12-29,0,1134,22.6,1,332.8,2197.6,1124.6,108.2,87.6,1353.2,23364,119.7,463,0.4923,0.7511,0.9178,1.7425
2025-12-30,0,1047,21.6,0,331.2,1871.8,1078.8,139.9,75.1,1766.8,21934,129.1,424,0.5484,0.5551,0.9127,1.6744
2025-12-31,0,600,17.6,0,332.7,1999.5,1082.6,100.1,85.0,1318.0,19382,78.6,442,0.4646,0.6418,0.8623,1.5869
2026-01-01,0,838,22.0,0,360.0,1605.0,1212.3,129.0,69.6,1620.8,19994,84.6,583,0.5065,0.2749,1.1131,1.5814
2026-01-02,0,1089,21.0,0,360.0,1860.3,1207.6,159.0,86.5,1196.6,20619,132.3,461,0.6259,0.4569,0.9008,1.6465
2026-01-03,0,385,22.3,0,356.4,1729.2,1206.3,125.4,74.4,1148.9,18015,85.9,568,0.5079,0.366,1.0339,1.5717
2026-01-04,0,80,20.2,0,359.2,1785.7,1213.4,103.5,75.8,820.6,20164,84.2,98,0.4525,0.4006,0.2894,0.9367
2026-01-05,0,1002,19.3,0,360.0,2365.1,1286.9,139.9,111.6,1527.7,25454,139.0,604,0.6327,0.7547,1.1595,2.0649
2026-01-06,0,507,19.4,1,360.0,2308.6,1226.5,88.2,84.1,1384.1,23487,85.7,257,0.4306,0.7575,0.5972,1.4817
2026-01-07,0,852,19.9,1,359.2,2286.4,1255.0,106.9,92.8,1494.8,22815,93.3,662,0.5009,0.722,1.2212,1.9941
2026-01-08,0,1097,21.1,1,360.0,3236.4,1261.3,120.3,78.8,1583.4,21721,121.0,706,0.5044,1.3826,1.31,2.6433
2026-01-09,0,895,21.4,1,360.0,2363.2,1211.3,143.4,89.1,1457.2,20557,107.1,859,0.5901,0.8063,1.5177,2.4296
2026-01-10,0,196,20.6,0,359.4,1745.5,1293.3,122.5,73.2,740.8,20184,83.5,50,0.4974,0.3165,0.2075,0.8324
2026-01-11,0,446,20.1,0,360.0,1759.5,1279.6,129.8,80.8,1013.3,19430,101.5,50,0.5345,0.3359,0.2481,0.9528
2026-01-12,0,1068,20.2,0,360.0,1923.7,1273.2,128.6,97.6,1764.0,23227,127.0,486,0.5701,0.4554,1.0048,1.6721
2026-01-13,0,1128,26.5,0,360.0,2202.2,1301.0,113.0,81.0,1508.4,26212,126.3,754,0.49,0.6308,1.3767,2.0654
2026-01-14,0,1049,19.3,0,360.0,2230.7,1278.7,161.6,81.6,1755.7,22796,134.9,531,0.6216,0.6664,1.0747,1.9069
2026-01-15,0,1087,19.8,0,360.0,2105.0,1307.4,114.2,80.7,1722.7,26666,132.0,859,0.4925,0.5583,1.5626,2.1284
2026-01-16,0,1024,28.3,1,358.2,3165.1,1237.4,137.7,79.7,1693.1,20272,118.9,523,0.5531,1.3494,1.0473,2.4039
2026-01-17,0,333,21.9,0,360.0,2098.0,1316.6,113.5,81.6,1166.4,20204,97.6,388,0.4927,0.547,0.7719,1.5217
2026-01-18,0,302,18.0,0,360.0,1873.7,1306.2,127.8,73.2,1008.8,19833,70.0,50,0.5116,0.3972,0.2335,0.9305
2026-01-19,0,849,22.9,0,360.0,2043.1,1312.0,112.0,107.7,1399.2,19794,126.0,705,0.5489,0.5118,1.288,1.9442
2026-01-20,0,674,19.0,0,359.0,2193.3,1287.8,145.3,123.3,1433.1,22274,105.6,637,0.6742,0.6339,1.1817,2.0422
2026-01-21,0,720,23.1,0,360.0,1626.7,1312.6,153.3,75.1,963.8,23779,93.0,316,0.5843,0.2199,0.6386,1.1767
2026-01-22,0,841,20.6,0,360.0,2593.0,1317.3,146.9,89.5,1645.3,25497,107.8,576,0.6004,0.893,1.1176,2.1068
2026-01-23,0,936,20.1,1,356.7,2352.0,1288.4,130.3,101.8,1390.3,22672,129.6,591,0.5844,0.7445,1.1185,1.9616
2026-01-24,0,545,24.7,0,359.5,1784.1,1341.7,110.2,77.6,1222.4,16869,90.3,409,0.4746,0.3097,0.8059,1.298
2026-01-25,0,278,22.4,0,353.6,1498.8,1355.7,177.1,63.4,1058.4,20026,92.4,392,0.6211,0.1002,0.7626,1.2123
2026-01-26,0,1073,23.3,0,359.5,1689.4,1308.3,107.5,113.9,1558.1,23842,133.8,798,0.5512,0.2668,1.4513,1.8414
2026-01-27,0,1086,22.2,0,357.6,2253.0,1354.5,148.9,98.3,1336.9,22138,124.2,722,0.6261,0.6289,1.306,2.1062
2026-01-28,0,850,20.3,0,359.3,2535.8,1343.7,132.6,90.0,1454.3,21957,102.9,612,0.5633,0.8345,1.1454,2.137
2026-01-29,0,999,22.6,0,360.0,1832.3,1349.0,126.6,108.7,1626.4,21326,119.2,351,0.5904,0.3383,0.7817,1.4424
2026-01-30,0,848,24.0,0,360.0,2035.3,1369.9,129.3,96.7,1057.8,21321,96.2,484,0.5699,0.4658,0.9026,1.5915
2026-01-31,0,523,21.6,0,355.7,1927.5,1359.4,108.2,80.6,990.1,22028,92.7,105,0.4762,0.3977,0.3246,0.9857
2026-02-01,1,1700,25.4,0,360.0,2447.1,1383.8,150.0,80.8,2115.3,27640,138.2,983,0.5886,0.7443,1.7988,3.1493
2026-02-02,1,4742,23.3,1,360.0,3937.5,1356.4,202.3,124.5,3967.8,35629,287.8,2951,0.8298,1.8068,5.0428,7.687
2026-02-03,1,4985,21.9,1,359.0,3812.0,1413.7,258.6,152.9,4044.5,38017,284.1,2890,1.0462,1.6788,4.9596,7.7022
2026-02-04,1,5253,22.1,2,360.0,3936.1,1397.9,228.1,148.3,4034.1,37203,312.4,2596,0.9539,1.7767,4.5298,7.2688
2026-02-05,1,4923,21.9,0,360.0,3019.8,1416.2,210.0,131.3,4081.1,41986,310.1,2667,0.8661,1.1225,4.6424,6.6348
2026-02-06,1,5037,18.9,1,356.0,3591.8,1421.7,213.3,161.9,3806.4,40723,316.0,3026,0.9456,1.5191,5.1502,7.6001
2026-02-07,1,1684,21.5,1,356.9,2652.1,1352.3,180.8,92.8,1919.4,21471,135.8,880,0.6989,0.9099,1.6179,3.2369
2026-02-08,1,1399,22.2,0,360.0,1786.8,1433.7,113.8,106.6,1532.2,23760,130.0,953,0.5512,0.2472,1.679,2.422
2026-02-09,1,5048,20.9,1,360.0,3223.4,1419.4,196.8,138.9,4000.6,38691,312.4,2711,0.8483,1.2628,4.6988,6.8176
2026-02-10,1,4705,22.6,0,357.9,3130.7,1446.1,152.7,160.5,3631.6,36400,295.2,2798,0.78,1.1792,4.7766,6.6853
2026-02-11,1,4843,22.0,1,357.6,3709.2,1404.8,209.5,144.4,4038.7,40206,285.6,2887,0.895,1.6131,4.9557,7.4716
2026-02-12,1,5150,23.7,1,359.7,3400.5,1462.0,221.4,137.5,4171.0,41454,300.9,3129,0.911,1.3569,5.3419,7.5865
2026-02-13,1,5020,23.5,2,360.0,4012.5,1418.9,178.5,132.6,3909.7,39569,301.9,2794,0.7847,1.8155,4.8079,7.4412
2026-02-14,1,1531,22.5,0,359.8,2413.4,1459.9,169.1,93.1,2045.5,23275,121.9,1028,0.6682,0.6674,1.8493,3.1884
2026-02-15,1,1666,19.2,0,360.0,1690.1,1463.2,124.2,84.1,1760.8,23857,156.3,1237,0.5271,0.1588,2.1443,2.8315
2026-02-16,1,4945,26.2,1,357.9,3429.3,1449.0,191.5,113.8,3959.5,38848,310.5,2459,0.7761,1.3862,4.315,6.4887
2026-02-17,1,4958,22.0,1,360.0,3935.0,1440.9,201.9,139.1,3863.3,38001,293.4,2885,0.8624,1.7459,4.9345,7.5224
2026-02-18,1,5074,22.3,1,358.9,3514.8,1458.3,236.4,127.9,4179.5,39300,286.3,2618,0.929,1.4395,4.5692,6.9669
2026-02-19,1,4825,21.8,2,360.0,3606.2,1500.4,178.0,124.9,4007.3,39270,309.1,2644,0.7656,1.4741,4.5978,6.8559
2026-02-20,1,4963,21.5,1,357.7,3442.0,1510.2,205.7,133.2,4211.4,36084,301.0,2738,0.859,1.3523,4.7586,6.9573
2026-02-21,1,1530,26.1,0,360.0,2494.0,1536.6,154.6,94.1,1863.5,23061,152.4,875,0.6317,0.6702,1.6116,2.8882
2026-02-22,1,1301,25.8,0,354.9,1479.1,1484.9,145.9,90.7,1173.9,23404,117.7,823,0.6005,0.0,1.4354,2.0265
2026-02-23,1,4790,23.8,0,360.0,2897.5,1504.3,209.5,158.6,3792.2,40936,274.7,2941,0.9278,0.9752,5.0025,6.9028
2026-02-24,1,5238,22.7,2,360.0,3897.9,1514.3,221.0,147.8,4429.3,41521,315.7,3086,0.9337,1.6685,5.315,7.8901
2026-02-25,1,5025,24.4,1,360.0,2998.8,1556.3,188.2,166.9,3957.0,39099,313.5,3036,0.8899,1.0098,5.1816,7.0699
2026-02-26,1,4718,23.3,1,360.0,3376.4,1526.1,232.1,125.0,3480.0,38540,273.8,2542,0.9108,1.2952,4.3654,6.5566
2026-02-27,1,4679,22.8,0,360.0,2790.7,1520.3,191.8,142.9,3881.9,37469,284.3,2904,0.8441,0.8893,4.961,6.6894
2026-02-28,1,1566,24.1,0,357.8,2103.9,1506.8,132.8,88.0,1965.3,26516,126.4,315,0.5592,0.418,0.7732,1.7455
2026-03-01,1,1867,22.4,0,360.0,2088.9,1523.9,173.3,89.0,1926.6,26622,150.6,1358,0.67,0.3955,2.3439,3.4217
2026-03-02,1,4922,24.1,1,360.0,3136.5,1542.4,184.7,166.2,3907.2,40974,293.4,3097,0.8789,1.1159,5.2587,7.2543
2026-03-03,1,5191,24.1,2,357.3,3605.7,1507.2,210.5,125.8,3965.9,37363,314.5,3146,0.8547,1.4689,5.3476,7.6814
2026-03-04,1,5019,25.0,1,360.0,3244.8,1526.5,184.4,101.8,4105.8,37629,275.6,3312,0.7294,1.2028,5.596,7.5344
2026-03-05,1,5041,22.5,1,360.0,3652.8,1545.3,256.2,124.9,4035.6,39666,317.7,2599,0.9751,1.4752,4.5376,6.9831
2026-03-06,1,4716,25.5,2,358.7,3992.8,1534.6,245.7,101.5,3614.1,38696,285.2,2876,0.8929,1.7207,4.8876,7.5184
2026-03-07,1,1755,22.0,0,357.3,2135.7,1559.3,139.2,81.8,1986.4,29692,169.5,1042,0.562,0.4035,1.8866,2.7834
2026-03-08,1,1526,22.9,0,359.3,1830.6,1574.4,148.9,80.4,1714.2,21155,152.1,929,0.5848,0.1793,1.674,2.4291
2026-03-09,1,5111,23.1,1,354.1,3348.3,1545.9,202.1,136.9,4331.8,39407,315.2,2755,0.8579,1.2617,4.806,6.9113
2026-03-10,1,4809,22.0,1,358.8,3567.7,1576.4,188.9,102.0,4042.4,38058,315.6,2860,0.7419,1.3939,4.9285,7.0673
2026-03-11,1,4988,26.7,1,359.2,3744.0,1573.2,202.4,152.8,3970.5,39378,290.1,2956,0.8954,1.5196,5.0528,7.4519
2026-03-12,1,5019,22.5,2,356.8,3820.3,1469.2,199.4,107.1,4026.4,42200,302.5,2787,0.7818,1.6458,4.8125,7.2537
2026-03-13,1,4928,23.2,1,360.0,2724.5,1560.4,165.2,132.2,4137.8,40275,284.9,2846,0.7481,0.8149,4.9058,6.4869
2026-03-14,1,1659,27.6,0,359.3,2255.1,1601.0,145.6,90.0,1897.3,22081,148.4,726,0.5981,0.4579,1.3901,2.4115
2026-03-15,2,1697,23.7,1,358.1,2714.8,1561.1,139.6,107.7,2088.7,27888,160.0,913,0.6229,0.8076,1.7005,3.2618
2026-03-16,2,5335,24.6,2,359.0,3961.2,1611.5,212.9,144.3,4473.6,43118,328.6,3267,0.9039,1.6448,5.5981,8.4407
2026-03-17,2,5741,22.9,2,360.0,4183.0,1621.2,211.6,161.7,4371.1,42586,328.8,3506,0.9406,1.7933,5.9443,9.0373
2026-03-18,2,5640,27.1,2,360.0,4721.0,1595.7,203.6,137.3,4693.1,38776,314.3,3410,0.8628,2.1877,5.8312,9.2254
2026-03-19,2,5315,27.3,2,357.9,4447.3,1582.0,224.9,131.8,4439.2,40050,315.1,3256,0.9072,2.0057,5.5705,8.8026
2026-03-20,2,5554,27.2,2,360.0,4757.7,1610.1,221.7,147.8,4388.2,42171,314.7,3397,0.9356,2.2033,5.7764,9.2291
2026-03-21,2,1611,26.8,1,359.8,2635.4,1611.6,169.7,109.8,1818.9,26560,140.6,819,0.7084,0.7167,1.518,3.0585
2026-03-22,2,1531,26.0,1,356.6,2837.8,1617.6,148.4,105.7,1891.7,21243,152.0,949,0.6419,0.8541,1.7253,3.3212
2026-03-23,2,5638,24.8,2,359.1,3762.6,1558.1,207.1,147.5,4351.5,40295,334.5,3466,0.8958,1.5431,5.8838,8.6185
2026-03-24,2,5145,24.3,2,360.0,4042.4,1605.8,216.2,140.2,3947.2,41585,316.5,2736,0.9033,1.7056,4.7326,7.6398
2026-03-25,2,5618,29.0,2,360.0,4450.3,1602.2,167.6,141.9,4479.0,44299,323.8,3009,0.777,1.9937,5.21,8.3241
2026-03-26,2,5406,28.0,2,359.3,4891.5,1564.7,253.6,146.0,4067.5,41480,330.4,2876,1.0169,2.3288,4.9632,8.6511
2026-03-27,2,5414,24.9,2,360.0,4321.7,1621.7,213.5,170.5,4195.7,42806,318.8,2819,0.966,1.89,4.8883,8.0183
2026-03-28,2,1818,26.6,1,357.1,3316.0,1586.5,190.8,93.2,1968.6,26455,153.4,865,0.7266,1.2106,1.6107,3.6865
2026-03-29,2,1849,26.0,1,357.2,2878.6,1617.8,124.2,91.7,1800.6,27499,145.0,978,0.5447,0.8826,1.7566,3.3282
2026-03-30,2,5303,24.3,2,359.2,3924.6,1627.4,180.9,132.0,4306.4,40534,288.6,3348,0.7897,1.608,5.6808,8.3983
2026-03-31,2,5581,27.3,2,360.0,4244.7,1657.5,218.5,147.8,4319.1,42304,307.4,3158,0.927,1.811,5.4063,8.4783
2026-04-01,1,4976,26.2,2,360.0,4141.5,1642.7,207.5,102.9,4218.9,36700,301.5,2613,0.7938,1.7492,4.5725,7.1045
2026-04-02,1,4730,25.1,1,359.2,3840.0,1605.7,202.6,129.7,3788.6,39166,277.0,2773,0.8426,1.564,4.7505,7.1475
2026-04-03,1,4925,24.1,2,360.0,4030.0,1663.0,202.7,147.3,3880.3,36431,276.9,2822,0.8835,1.6569,4.8342,7.3581
2026-04-04,1,1835,24.1,0,359.1,2074.6,1713.2,129.2,89.1,1874.9,27005,152.5,924,0.5521,0.253,1.6877,2.5081
2026-04-05,1,1888,26.8,1,360.0,2862.2,1686.2,111.3,100.5,2077.6,25139,163.3,989,0.5304,0.8232,1.8138,3.1844
2026-04-06,1,5085,27.6,1,358.5,3730.4,1671.8,207.8,167.7,4060.7,40023,308.8,3141,0.9443,1.441,5.3498,7.7212
2026-04-07,1,4742,26.0,0,357.0,3482.6,1645.3,167.1,136.9,3973.6,36201,288.0,2497,0.7641,1.2861,4.3628,6.4318
2026-04-08,1,5044,29.5,1,359.5,4268.4,1651.7,170.5,101.9,4039.3,38278,301.2,2626,0.6923,1.8317,4.5707,7.0591
2026-04-09,1,5109,28.0,1,359.3,3857.7,1651.2,193.6,115.2,4444.5,40120,298.4,3047,0.785,1.5445,5.2502,7.5754
2026-04-10,1,5087,29.6,2,357.6,4517.5,1665.3,211.0,132.3,4136.1,40723,311.5,2840,0.8711,1.9965,4.9087,7.7425
2026-04-11,1,1727,28.0,1,360.0,3090.0,1644.0,184.8,83.7,1793.1,27222,150.6,1281,0.6886,1.0122,2.2126,3.8851
2026-04-12,1,1651,26.9,0,360.0,2476.7,1679.8,161.3,96.4,1730.8,22864,148.4,930,0.655,0.5578,1.6763,2.855
2026-04-13,1,4943,29.0,1,360.0,3759.5,1659.5,230.5,129.9,4060.9,36059,309.9,2849,0.9178,1.47,4.9111,7.2825
2026-04-14,1,4846,26.1,1,358.6,3291.6,1628.4,211.6,150.6,3721.2,36598,302.6,2952,0.915,1.1642,5.0217,7.1164
2026-04-15,2,5110,30.2,2,358.3,5011.7,1654.5,210.1,120.0,4175.3,37544,302.7,2663,0.8403,2.35,4.643,8.1447
2026-04-16,2,5513,27.1,2,360.0,4485.2,1712.1,264.4,138.0,4479.3,43975,319.2,3258,1.0274,1.9412,5.5813,8.8773
2026-04-17,2,5485,31.3,2,355.0,5202.7,1662.3,179.6,144.1,4466.3,43449,317.8,3115,0.8142,2.4783,5.3645,8.9989
2026-04-18,2,1845,28.7,1,356.6,3727.9,1578.8,134.1,102.3,1887.4,23955,133.8,1255,0.5957,1.5044,2.1764,4.3961
2026-04-19,2,1504,31.9,2,359.3,4244.8,1664.6,129.7,95.3,1998.3,27395,155.8,756,0.5677,1.8061,1.4521,3.9933
2026-04-20,2,5568,27.2,2,360.0,4596.9,1708.5,229.9,105.6,4410.2,43690,317.3,3261,0.8601,2.0219,5.5766,8.7407
2026-04-21,2,5821,28.3,2,358.9,5520.4,1674.3,193.2,146.1,4399.6,39515,347.2,3312,0.8553,2.6923,5.664,9.5624
2026-04-22,2,5466,30.8,2,360.0,4948.0,1700.9,225.2,138.3,4260.2,39103,321.5,3245,0.923,2.273,5.5351,9.0784
2026-04-23,2,5441,32.7,2,360.0,4823.4,1678.8,220.7,153.3,4358.3,37866,336.5,3111,0.9456,2.2012,5.3523,8.8502
2026-04-24,2,5507,33.9,2,360.0,5187.0,1694.0,227.0,151.9,4193.2,40974,329.2,3241,0.9592,2.4451,5.5251,9.2926
2026-04-25,2,2110,30.5,2,355.2,4491.2,1668.4,165.5,103.9,2262.5,26893,180.9,1539,0.6835,1.976,2.6695,5.5409
2026-04-26,2,1560,34.5,1,360.0,3564.8,1674.5,171.9,98.4,2127.4,24580,138.1,853,0.688,1.3232,1.6043,3.7966
2026-04-27,2,5488,30.0,2,359.4,4611.6,1702.6,207.7,161.1,4476.1,37401,306.5,3256,0.9288,2.0363,5.5703,8.9271
2026-04-28,2,5308,33.2,2,360.0,5421.5,1729.8,217.2,156.0,4205.7,37725,315.6,3490,0.9425,2.5842,5.893,9.7966
2026-04-29,2,5353,28.8,2,357.5,4567.6,1689.6,190.1,143.4,4261.0,40951,292.9,3175,0.8407,2.0146,5.4179,8.6017
2026-04-30,2,5443,32.0,2,360.0,4998.2,1694.5,186.7,172.5,4177.8,41981,314.3,2719,0.8988,2.3126,4.7339,8.2591
2026-05-01,0,1135,26.0,0,359.7,2405.1,1669.5,169.3,79.2,1511.9,19131,111.8,538,0.6367,0.5149,1.0445,1.7855
2026-05-02,0,610,28.8,0,357.0,2140.9,1701.3,103.1,64.5,1001.5,18256,92.4,137,0.4253,0.3077,0.3727,0.9161
2026-05-03,0,366,32.5,0,356.2,2314.8,1661.2,130.7,79.2,1172.1,21378,98.6,378,0.5332,0.4575,0.7584,1.4661
2026-05-04,0,824,28.7,0,358.3,2003.9,1697.7,136.5,79.3,1533.7,19257,118.4,461,0.549,0.2143,0.9346,1.3301
2026-05-05,0,1341,32.6,0,360.0,3083.7,1710.4,160.0,54.1,1718.7,23606,133.4,969,0.5538,0.9613,1.7269,2.6541
2026-05-06,0,815,33.8,0,357.7,3016.8,1704.8,88.2,75.0,1247.4,19048,115.5,583,0.4096,0.9184,1.0819,2.0133
2026-05-07,0,789,30.9,0,359.0,2429.9,1710.9,143.8,89.6,1401.1,22810,104.0,567,0.5924,0.5033,1.0723,1.7875
2026-05-08,0,573,30.0,0,354.3,2155.5,1687.4,119.0,81.0,1496.8,16776,129.9,112,0.506,0.3277,0.4111,1.0311
2026-05-09,0,537,31.2,1,358.9,3036.2,1652.6,106.5,69.8,1394.6,19707,102.8,402,0.4467,0.9685,0.8225,1.7949
2026-05-10,0,460,30.2,0,360.0,2744.1,1666.9,112.8,81.2,1179.9,21625,88.6,513,0.4899,0.754,0.9574,1.8227
2026-05-11,0,1327,32.2,0,360.0,2665.9,1653.2,156.7,92.8,2091.3,24671,145.2,509,0.6343,0.7089,1.0872,2.0182
2026-05-12,0,642,32.8,1,359.7,3142.4,1649.1,137.6,93.4,1783.8,19861,118.8,315,0.5845,1.0453,0.746,1.9532
2026-05-13,0,1155,32.0,0,360.0,2511.1,1723.6,128.0,79.2,1529.7,21593,117.7,734,0.526,0.5512,1.344,1.969
2026-05-14,0,905,36.5,0,357.5,3185.1,1648.0,101.2,99.0,1416.8,21382,98.7,543,0.4999,1.076,1.0353,2.1523
2026-05-15,0,1037,31.4,0,360.0,2812.4,1654.9,105.2,71.1,1667.7,20035,107.0,860,0.4462,0.8102,1.5443,2.2706
2026-05-16,0,80,36.1,1,360.0,4114.8,1680.3,128.0,68.4,785.3,18156,70.6,178,0.501,1.7042,0.3985,2.1057
2026-05-17,0,550,30.9,0,360.0,2611.6,1661.6,91.8,107.1,1393.8,20161,99.1,392,0.4934,0.665,0.8059,1.6308
2026-05-18,0,1034,33.5,0,360.0,2951.4,1735.3,126.0,72.0,1559.3,21590,102.0,747,0.504,0.8513,1.36,2.2539
2026-05-19,0,885,36.0,1,358.0,3962.9,1661.0,184.9,75.7,1515.6,23518,109.8,651,0.6704,1.6113,1.2148,2.8486
2026-05-20,0,1008,36.0,1,356.2,3947.9,1668.8,138.3,68.3,1421.4,20307,117.9,592,0.5284,1.5954,1.1177,2.6289
2026-05-21,0,754,32.7,0,357.9,2658.7,1644.3,139.9,71.6,1225.7,18099,112.8,373,0.5403,0.7101,0.7628,1.6289
2026-05-22,0,788,35.0,0,359.3,3679.8,1626.9,100.8,86.5,1031.2,20364,117.8,635,0.47,1.437,1.1354,2.4997
2026-05-23,0,202,34.8,0,360.0,2917.1,1651.5,86.6,88.0,1292.5,19072,88.9,50,0.4354,0.8859,0.2758,1.2805
2026-05-24,0,80,32.8,0,359.2,2726.9,1646.0,128.9,75.7,1119.1,18144,100.1,50,0.5203,0.7566,0.2598,1.2922
2026-05-25,0,1047,35.4,0,357.4,3330.2,1635.3,122.6,82.7,1670.3,22125,135.2,399,0.5196,1.1864,0.8664,2.0978
2026-05-26,0,1107,38.3,0,357.3,3624.0,1610.7,155.7,69.6,1649.0,20622,127.5,774,0.5781,1.4093,1.4224,2.8052
2026-05-27,0,766,35.3,0,360.0,3507.3,1664.3,126.9,73.3,960.2,19449,97.8,666,0.5094,1.2901,1.1641,2.4116
2026-05-28,0,955,35.6,0,360.0,3035.3,1650.0,205.4,63.3,1356.9,21132,109.9,386,0.6967,0.9697,0.7976,2.0351
2026-05-29,0,844,36.0,0,358.5,3412.8,1610.5,114.8,96.2,1377.2,20524,95.8,462,0.5299,1.2616,0.9075,2.2298
2026-05-30,0,345,31.4,0,354.4,2608.1,1630.3,124.8,91.2,919.3,21426,92.4,114,0.5451,0.6845,0.3293,1.2364
2026-05-31,0,173,35.7,1,356.6,3795.8,1654.1,95.6,76.5,702.4,19202,86.8,294,0.4329,1.4992,0.5701,2.0348
2026-06-01,0,733,32.5,0,360.0,2725.2,1677.8,148.1,90.4,1178.5,20120,118.7,680,0.6057,0.7332,1.2209,2.0951
2026-06-02,0,1081,33.6,0,360.0,2896.5,1584.5,141.3,101.1,1579.1,24511,126.9,541,0.6122,0.9184,1.0655,2.1157
2026-06-03,0,881,39.7,0,360.0,3833.5,1623.8,106.9,87.1,1455.1,22504,127.3,50,0.4877,1.5468,0.3136,1.9473
2026-06-04,0,1256,34.5,0,360.0,3224.5,1604.8,127.8,111.0,1842.1,20832,144.4,936,0.5989,1.1338,1.6963,2.7968
2026-06-05,0,900,33.5,0,360.0,2721.2,1619.7,158.6,70.4,1829.4,15945,103.2,530,0.5877,0.771,1.0658,2.0059
2026-06-06,0,119,37.8,0,359.9,3599.2,1667.1,141.9,71.2,1097.2,16113,74.1,78,0.5448,1.3525,0.2868,1.8031
2026-06-07,0,506,33.2,1,359.9,3519.8,1611.0,90.2,74.1,1182.1,21196,97.6,467,0.4129,1.3362,0.8926,2.1635
2026-06-08,0,1006,34.4,0,358.3,3043.1,1606.7,120.1,96.8,1847.8,23830,111.8,518,0.5455,1.0055,1.0562,2.1568
2026-06-09,0,1023,38.2,0,359.1,3381.5,1598.1,170.7,65.8,1249.5,19308,118.1,480,0.6095,1.2484,0.9289,2.2467
2026-06-10,0,1106,35.7,0,355.5,3329.6,1639.8,128.4,110.0,1211.5,23831,128.4,577,0.5982,1.1829,1.0758,2.3411
2026-06-11,0,775,32.2,1,355.5,3448.0,1538.1,130.2,92.7,1220.9,22372,108.4,538,0.5631,1.3369,1.009,2.366
2026-06-12,0,869,36.9,0,354.8,2903.9,1575.0,150.4,111.7,1585.0,24161,114.1,662,0.6611,0.9302,1.2418,2.3205
2026-06-13,0,255,34.9,0,360.0,3044.8,1586.9,87.5,77.5,1088.4,20782,75.2,442,0.4135,1.0205,0.8337,1.8478
2026-06-14,0,80,39.3,0,355.3,3582.6,1540.7,93.0,67.7,746.5,20769,84.7,119,0.4056,1.4293,0.3124,1.7624
2026-06-15,0,845,34.6,0,360.0,2436.7,1628.4,120.3,95.0,1293.0,22428,118.2,464,0.5419,0.5658,0.9111,1.6556
2026-06-16,0,1133,38.3,0,357.8,3591.1,1542.1,159.1,104.1,1379.0,23577,116.8,817,0.6669,1.4343,1.4506,2.9159
2026-06-17,0,935,40.0,0,360.0,3870.6,1581.5,151.5,75.5,1256.2,21320,101.6,367,0.5804,1.6024,0.7534,2.4121
2026-06-18,0,650,34.3,1,358.9,3640.0,1582.1,139.7,52.8,1582.2,22206,119.0,632,0.4964,1.4405,1.1981,2.585
2026-06-19,0,612,35.8,0,355.3,3341.4,1545.4,120.2,55.0,1253.6,18172,123.5,393,0.4492,1.2572,0.801,2.0246
2026-06-20,0,585,37.1,1,360.0,3710.9,1537.3,147.6,85.9,1581.2,20207,104.1,298,0.594,1.5215,0.6897,2.313
2026-06-21,0,269,34.4,0,360.0,2622.5,1572.2,113.7,101.3,906.6,20102,82.8,50,0.5387,0.7352,0.2271,1.193
2026-06-22,0,776,37.0,0,357.3,2840.5,1541.3,138.9,64.8,1469.5,23794,122.5,563,0.5219,0.9094,1.0831,1.992
2026-06-23,0,843,35.9,1,359.0,4001.4,1583.6,147.4,81.0,1463.5,20680,118.6,438,0.5821,1.6925,0.8922,2.6461
2026-06-24,0,626,35.9,0,357.3,3330.3,1564.5,160.8,77.3,1446.5,22369,100.6,346,0.6095,1.2361,0.7446,2.1004
2026-06-25,0,1148,36.6,0,359.6,3651.8,1605.8,131.6,117.6,1657.6,22467,138.3,365,0.6243,1.4322,0.8154,2.3438
2026-06-26,0,821,36.7,0,360.0,3095.8,1557.1,119.0,118.7,1586.3,23225,102.2,398,0.5931,1.0771,0.8403,2.012
2026-06-27,0,532,37.0,0,358.9,3461.4,1559.8,150.3,87.8,1329.6,18792,90.7,206,0.6056,1.3311,0.515,1.9991
2026-06-28,0,295,35.3,0,354.5,2611.7,1512.6,147.7,92.0,886.5,20546,92.6,246,0.6084,0.7694,0.5232,1.5639
2026-06-29,0,1149,35.5,0,358.3,2995.7,1576.0,120.9,101.8,1744.3,22654,128.1,618,0.5592,0.9938,1.2008,2.2641
2026-06-30,0,938,36.5,0,360.0,3321.0,1536.0,104.8,67.1,1463.0,19806,124.9,67,0.4359,1.2495,0.3382,1.6292
